record_uid,site_id,geographic_region,site_type,site_type_label,date_collected,survey_year,latitude,longitude,depth_m_abs,coral_reef_present,pavement_present,rhodolith_present,sand_present,hard_coral_present,soft_coral_present,macroalgae_present,sponge_present,seagrass_present,artificial_present,unknown_present,qa_status,qa_reason,url_link
REC0001,AA2017_001,Puerto Rico,AA,Accuracy Assessment,2017-01-31,2017,18.14177272,-65.26049206,29.57,0,0,1,0,0,0,1,1,0,0,0,Pass,,https://nccospublicstor.blob.core.windows.net/biomapper/usviinsularshelf2017/videos/low/AA2017_001.mp4
REC0002,AA2017_002,Puerto Rico,AA,Accuracy Assessment,2017-01-31,2017,18.17255858,-65.25986648,28.85,0,1,1,0,1,0,1,1,0,0,0,Pass,,https://nccospublicstor.blob.core.windows.net/biomapper/usviinsularshelf2017/videos/low/AA2017_002.mp4
REC0003,AA2017_003,Puerto Rico,AA,Accuracy Assessment,2017-01-31,2017,18.16452229,-65.25818119,29.08,0,1,1,0,0,0,0,1,0,0,0,Pass,,https://nccospublicstor.blob.core.windows.net/biomapper/usviinsularshelf2017/videos/low/AA2017_003.mp4
REC0004,AA2017_004,Puerto Rico,AA,Accuracy Assessment,2017-01-31,2017,18.15550778,-65.25778421,28.077,0,1,0,0,1,0,0,1,0,0,0,Pass,,https://nccospublicstor.blob.core.windows.net/biomapper/usviinsularshelf2017/videos/low/AA2017_004.mp4
REC0005,AA2017_005,Puerto Rico,AA,Accuracy Assessment,2017-01-31,2017,18.14139594,-65.2525359,32.72,0,0,1,0,0,0,1,1,0,0,0,Pass,,https://nccospublicstor.blob.core.windows.net/biomapper/usviinsularshelf2017/videos/low/AA2017_005.mp4
REC0006,AA2017_006,Puerto Rico,AA,Accuracy Assessment,2017-01-31,2017,18.15623382,-65.24683227,30.781,0,1,1,0,0,0,1,0,0,0,0,Pass,,https://nccospublicstor.blob.core.windows.net/biomapper/usviinsularshelf2017/videos/low/AA2017_006.mp4
REC0007,AA2017_007,Puerto Rico,AA,Accuracy Assessment,2017-01-31,2017,18.15043189,-65.24499807,34.002,0,0,1,0,0,0,1,1,0,0,0,Pass,,https://nccospublicstor.blob.core.windows.net/biomapper/usviinsularshelf2017/videos/low/AA2017_007.mp4
REC0008,AA2017_008,Puerto Rico,AA,Accuracy Assessment,2017-01-31,2017,18.12015293,-65.23386329,74.247,0,1,1,0,1,0,1,1,0,0,0,Pass,,https://nccospublicstor.blob.core.windows.net/biomapper/usviinsularshelf2017/videos/low/AA2017_008.mp4
REC0009,AA2017_009,Puerto Rico,AA,Accuracy Assessment,2017-01-31,2017,18.12756251,-65.23479692,42.858,0,0,1,0,0,0,1,0,0,0,0,Pass,,https://nccospublicstor.blob.core.windows.net/biomapper/usviinsularshelf2017/videos/low/AA2017_009.mp4
REC0010,AA2017_010,Puerto Rico,AA,Accuracy Assessment,2017-01-31,2017,18.16118431,-65.23693544,36.081,0,0,1,1,0,0,0,0,0,0,0,Pass,,https://nccospublicstor.blob.core.windows.net/biomapper/usviinsularshelf2017/videos/low/AA2017_010.mp4
REC0011,AA2017_011,Puerto Rico,AA,Accuracy Assessment,2017-01-31,2017,18.1228048,-65.21644426,39.855,0,0,1,0,0,0,1,0,0,0,0,Pass,,https://nccospublicstor.blob.core.windows.net/biomapper/usviinsularshelf2017/videos/low/AA2017_011.mp4
REC0012,AA2017_012,Puerto Rico,AA,Accuracy Assessment,2017-01-31,2017,18.13932323,-65.22984757,37.571,0,0,1,0,0,0,1,1,0,0,0,Pass,,https://nccospublicstor.blob.core.windows.net/biomapper/usviinsularshelf2017/videos/low/AA2017_012.mp4
REC0013,AA2017_013,Puerto Rico,AA,Accuracy Assessment,2017-01-31,2017,18.17067079,-65.22774152,34.273,1,0,0,1,1,0,0,0,0,0,0,Pass,,https://nccospublicstor.blob.core.windows.net/biomapper/usviinsularshelf2017/videos/low/AA2017_013.mp4
REC0014,AA2017_014,Puerto Rico,AA,Accuracy Assessment,2017-01-31,2017,18.13236683,-65.22536209,40.832,0,0,1,0,1,0,1,1,0,0,0,Pass,,https://nccospublicstor.blob.core.windows.net/biomapper/usviinsularshelf2017/videos/low/AA2017_014.mp4
REC0015,AA2017_015,Puerto Rico,AA,Accuracy Assessment,2017-01-31,2017,18.17465637,-65.22099917,34.706,1,0,0,1,1,0,0,0,0,0,0,Pass,,https://nccospublicstor.blob.core.windows.net/biomapper/usviinsularshelf2017/videos/low/AA2017_015.mp4
REC0016,AA2017_016,Puerto Rico,AA,Accuracy Assessment,2017-01-31,2017,18.13226984,-65.21710906,38.991,0,0,1,0,1,0,1,1,0,0,0,Pass,,https://nccospublicstor.blob.core.windows.net/biomapper/usviinsularshelf2017/videos/low/AA2017_016.mp4
REC0017,AA2017_017,Puerto Rico,AA,Accuracy Assessment,2017-01-31,2017,18.18085906,-65.21591735,33.76,1,0,0,1,1,0,1,1,0,0,0,Pass,,https://nccospublicstor.blob.core.windows.net/biomapper/usviinsularshelf2017/videos/low/AA2017_017.mp4
REC0018,AA2017_018,Puerto Rico,AA,Accuracy Assessment,2017-01-31,2017,18.19724497,-65.21613909,34.933,1,0,0,1,1,0,1,1,0,0,0,Pass,,https://nccospublicstor.blob.core.windows.net/biomapper/usviinsularshelf2017/videos/low/AA2017_018.mp4
REC0019,AA2017_019,Puerto Rico,AA,Accuracy Assessment,2017-01-31,2017,18.17374176,-65.21544807,41.699,0,0,1,1,0,0,0,1,0,0,0,Pass,,https://nccospublicstor.blob.core.windows.net/biomapper/usviinsularshelf2017/videos/low/AA2017_019.mp4
REC0020,AA2017_020,Puerto Rico,AA,Accuracy Assessment,2017-01-31,2017,18.16063288,-65.2100431,36.35,1,0,0,1,1,0,1,0,0,0,0,Pass,,https://nccospublicstor.blob.core.windows.net/biomapper/usviinsularshelf2017/videos/low/AA2017_020.mp4
REC0021,AA2017_021,Puerto Rico,AA,Accuracy Assessment,2017-01-31,2017,18.16820145,-65.21295281,40.243,1,0,0,1,1,0,1,0,0,0,0,Pass,,https://nccospublicstor.blob.core.windows.net/biomapper/usviinsularshelf2017/videos/low/AA2017_021.mp4
REC0022,AA2017_022,Puerto Rico,AA,Accuracy Assessment,2017-01-31,2017,18.14665783,-65.21178554,40.462,0,1,0,0,1,1,1,0,0,0,0,Pass,,https://nccospublicstor.blob.core.windows.net/biomapper/usviinsularshelf2017/videos/low/AA2017_022.mp4
REC0023,AA2017_023,Puerto Rico,AA,Accuracy Assessment,2017-01-31,2017,18.15387659,-65.21408723,41.553,1,1,0,1,1,0,0,1,0,0,0,Pass,,https://nccospublicstor.blob.core.windows.net/biomapper/usviinsularshelf2017/videos/low/AA2017_023.mp4
REC0024,AA2017_024,Puerto Rico,AA,Accuracy Assessment,2017-01-31,2017,18.17321425,-65.2068613,41.386,1,0,0,1,1,1,1,0,0,0,0,Pass,,https://nccospublicstor.blob.core.windows.net/biomapper/usviinsularshelf2017/videos/low/AA2017_024.mp4
REC0025,AA2017_025,Puerto Rico,AA,Accuracy Assessment,2017-01-31,2017,18.18813012,-65.20450272,38.604,1,0,0,0,1,0,1,1,0,0,0,Pass,,https://nccospublicstor.blob.core.windows.net/biomapper/usviinsularshelf2017/videos/low/AA2017_025.mp4
REC0026,AA2017_026,Puerto Rico,AA,Accuracy Assessment,2017-01-31,2017,18.16114056,-65.20418432,38.016,1,0,0,0,1,0,1,0,0,0,0,Pass,,https://nccospublicstor.blob.core.windows.net/biomapper/usviinsularshelf2017/videos/low/AA2017_026.mp4
REC0027,AA2017_027,Puerto Rico,AA,Accuracy Assessment,2017-01-31,2017,18.13804503,-65.20090996,36.54,1,0,0,0,1,0,1,0,0,0,0,Pass,,https://nccospublicstor.blob.core.windows.net/biomapper/usviinsularshelf2017/videos/low/AA2017_027.mp4
REC0028,AA2017_028,Puerto Rico,AA,Accuracy Assessment,2017-01-31,2017,18.12758263,-65.19982359,22.789,0,1,0,0,1,1,1,1,0,0,0,Pass,,https://nccospublicstor.blob.core.windows.net/biomapper/usviinsularshelf2017/videos/low/AA2017_028.mp4
REC0029,AA2017_029,Puerto Rico,AA,Accuracy Assessment,2017-02-02,2017,18.21135747,-65.19971961,30.552,1,0,0,0,1,1,1,1,0,0,0,Pass,,https://nccospublicstor.blob.core.windows.net/biomapper/usviinsularshelf2017/videos/low/AA2017_029.mp4
REC0030,AA2017_030,Puerto Rico,AA,Accuracy Assessment,2017-01-31,2017,18.18254328,-65.19946476,37.844,1,0,0,0,1,0,1,1,0,0,0,Pass,,https://nccospublicstor.blob.core.windows.net/biomapper/usviinsularshelf2017/videos/low/AA2017_030.mp4
REC0031,AA2017_031,Puerto Rico,AA,Accuracy Assessment,2017-02-01,2017,18.16622558,-65.19681254,37.52,1,0,0,0,1,1,1,1,0,0,0,Pass,,https://nccospublicstor.blob.core.windows.net/biomapper/usviinsularshelf2017/videos/low/AA2017_031.mp4
REC0032,AA2017_032,Puerto Rico,AA,Accuracy Assessment,2017-02-02,2017,18.2035708,-65.19512509,34.316,1,0,0,0,1,0,1,1,0,0,0,Pass,,https://nccospublicstor.blob.core.windows.net/biomapper/usviinsularshelf2017/videos/low/AA2017_032.mp4
REC0033,AA2017_033,Puerto Rico,AA,Accuracy Assessment,2017-01-31,2017,18.14304863,-65.19555248,37.724,1,0,0,0,1,0,1,0,0,0,0,Pass,,https://nccospublicstor.blob.core.windows.net/biomapper/usviinsularshelf2017/videos/low/AA2017_033.mp4
REC0034,AA2017_034,Puerto Rico,AA,Accuracy Assessment,2017-02-01,2017,18.17551078,-65.19412366,41.514,1,0,0,0,1,0,1,1,0,0,0,Pass,,https://nccospublicstor.blob.core.windows.net/biomapper/usviinsularshelf2017/videos/low/AA2017_034.mp4
REC0035,AA2017_035,Puerto Rico,AA,Accuracy Assessment,2017-02-02,2017,18.20793029,-65.19179996,30.818,1,0,0,0,1,1,1,0,0,0,0,Pass,,https://nccospublicstor.blob.core.windows.net/biomapper/usviinsularshelf2017/videos/low/AA2017_035.mp4
REC0036,AA2017_036,Puerto Rico,AA,Accuracy Assessment,2017-01-31,2017,18.14178459,-65.1924405,41.169,1,0,0,1,1,0,1,0,0,0,0,Pass,,https://nccospublicstor.blob.core.windows.net/biomapper/usviinsularshelf2017/videos/low/AA2017_036.mp4
REC0037,AA2017_037,Puerto Rico,AA,Accuracy Assessment,2017-02-02,2017,18.22329415,-65.19425565,26.991,1,0,0,0,1,0,1,0,0,0,0,Pass,,https://nccospublicstor.blob.core.windows.net/biomapper/usviinsularshelf2017/videos/low/AA2017_037.mp4
REC0038,AA2017_038,Puerto Rico,AA,Accuracy Assessment,2017-02-02,2017,18.19390382,-65.18999967,35.85,1,0,0,0,1,0,1,1,0,0,0,Pass,,https://nccospublicstor.blob.core.windows.net/biomapper/usviinsularshelf2017/videos/low/AA2017_038.mp4
REC0039,AA2017_040,Puerto Rico,AA,Accuracy Assessment,2017-01-31,2017,18.13674675,-65.18710941,47.238,1,0,1,0,1,0,0,0,0,0,0,Pass,,https://nccospublicstor.blob.core.windows.net/biomapper/usviinsularshelf2017/videos/low/AA2017_040.mp4
REC0040,AA2017_041,Puerto Rico,AA,Accuracy Assessment,2017-02-02,2017,18.20404056,-65.18761895,33.59,1,0,0,0,1,1,1,0,0,0,0,Pass,,https://nccospublicstor.blob.core.windows.net/biomapper/usviinsularshelf2017/videos/low/AA2017_041.mp4
REC0041,AA2017_042,Puerto Rico,AA,Accuracy Assessment,2017-02-01,2017,18.18100293,-65.18662921,38.432,1,0,0,0,1,0,1,0,0,0,0,Pass,,https://nccospublicstor.blob.core.windows.net/biomapper/usviinsularshelf2017/videos/low/AA2017_042.mp4
REC0042,AA2017_043,Puerto Rico,AA,Accuracy Assessment,2017-02-01,2017,18.16889562,-65.18605764,37.374,1,0,0,0,1,1,0,1,0,0,0,Pass,,https://nccospublicstor.blob.core.windows.net/biomapper/usviinsularshelf2017/videos/low/AA2017_043.mp4
REC0043,AA2017_044,Puerto Rico,AA,Accuracy Assessment,2017-02-02,2017,18.19662479,-65.18281047,34.591,1,0,0,0,1,0,1,1,0,0,0,Pass,,https://nccospublicstor.blob.core.windows.net/biomapper/usviinsularshelf2017/videos/low/AA2017_044.mp4
REC0044,AA2017_045,Puerto Rico,AA,Accuracy Assessment,2017-02-02,2017,18.21212612,-65.18255946,41.116,0,0,0,1,0,0,0,0,0,0,0,Pass,,https://nccospublicstor.blob.core.windows.net/biomapper/usviinsularshelf2017/videos/low/AA2017_045.mp4
REC0045,AA2017_047,Puerto Rico,AA,Accuracy Assessment,2017-02-02,2017,18.2082291,-65.18130476,34.619,1,0,0,0,1,0,1,1,0,0,0,Pass,,https://nccospublicstor.blob.core.windows.net/biomapper/usviinsularshelf2017/videos/low/AA2017_047.mp4
REC0046,AA2017_048,Puerto Rico,AA,Accuracy Assessment,2017-02-01,2017,18.17996355,-65.17839068,39.449,1,0,0,0,1,0,1,0,0,0,0,Pass,,https://nccospublicstor.blob.core.windows.net/biomapper/usviinsularshelf2017/videos/low/AA2017_048.mp4
REC0047,AA2017_049,Puerto Rico,AA,Accuracy Assessment,2017-02-01,2017,18.16743751,-65.17738314,43.41,1,0,0,0,1,0,1,1,0,0,0,Pass,,https://nccospublicstor.blob.core.windows.net/biomapper/usviinsularshelf2017/videos/low/AA2017_049.mp4
REC0048,AA2017_050,Puerto Rico,AA,Accuracy Assessment,2017-02-02,2017,18.23036214,-65.17726519,32.362,1,0,0,0,1,1,1,1,0,0,0,Pass,,https://nccospublicstor.blob.core.windows.net/biomapper/usviinsularshelf2017/videos/low/AA2017_050.mp4
REC0049,AA2017_051,Puerto Rico,AA,Accuracy Assessment,2017-02-02,2017,18.19917464,-65.17617978,41.791,1,0,0,1,1,0,1,1,0,0,0,Pass,,https://nccospublicstor.blob.core.windows.net/biomapper/usviinsularshelf2017/videos/low/AA2017_051.mp4
REC0050,AA2017_052,Puerto Rico,AA,Accuracy Assessment,2017-02-02,2017,18.20793334,-65.17472332,37.985,1,0,0,1,1,0,1,1,0,0,0,Pass,,https://nccospublicstor.blob.core.windows.net/biomapper/usviinsularshelf2017/videos/low/AA2017_052.mp4
REC0051,AA2017_053,Puerto Rico,AA,Accuracy Assessment,2017-02-01,2017,18.18482781,-65.17350963,38.258,1,0,0,0,1,1,1,0,0,0,0,Pass,,https://nccospublicstor.blob.core.windows.net/biomapper/usviinsularshelf2017/videos/low/AA2017_053.mp4
REC0052,AA2017_054,Puerto Rico,AA,Accuracy Assessment,2017-02-02,2017,18.20959388,-65.17091066,36.999,1,0,0,1,1,1,1,1,0,0,0,Pass,,https://nccospublicstor.blob.core.windows.net/biomapper/usviinsularshelf2017/videos/low/AA2017_054.mp4
REC0053,AA2017_055,Puerto Rico,AA,Accuracy Assessment,2017-02-02,2017,18.22181874,-65.17008645,38.068,1,0,0,0,1,0,1,0,0,0,0,Pass,,https://nccospublicstor.blob.core.windows.net/biomapper/usviinsularshelf2017/videos/low/AA2017_055.mp4
REC0054,AA2017_057,Puerto Rico,AA,Accuracy Assessment,2017-02-02,2017,18.18200846,-65.16211936,40.249,1,0,0,0,1,1,1,1,0,0,0,Pass,,https://nccospublicstor.blob.core.windows.net/biomapper/usviinsularshelf2017/videos/low/AA2017_057.mp4
REC0055,AA2017_058,Puerto Rico,AA,Accuracy Assessment,2017-02-01,2017,18.1708677,-65.15965372,47.062,1,0,1,1,1,0,1,1,0,0,0,Pass,,https://nccospublicstor.blob.core.windows.net/biomapper/usviinsularshelf2017/videos/low/AA2017_058.mp4
REC0056,AA2017_059,Puerto Rico,AA,Accuracy Assessment,2017-02-02,2017,18.24087282,-65.16122472,34.464,1,0,0,1,1,0,1,0,0,0,0,Pass,,https://nccospublicstor.blob.core.windows.net/biomapper/usviinsularshelf2017/videos/low/AA2017_059.mp4
REC0057,AA2017_060,Puerto Rico,AA,Accuracy Assessment,2017-02-02,2017,18.21632465,-65.16004563,35.281,1,0,0,0,1,0,1,1,0,0,0,Pass,,https://nccospublicstor.blob.core.windows.net/biomapper/usviinsularshelf2017/videos/low/AA2017_060.mp4
REC0058,AA2017_061,Puerto Rico,AA,Accuracy Assessment,2017-02-01,2017,18.17427942,-65.15899631,45.291,1,0,0,1,1,0,1,1,0,0,0,Pass,,https://nccospublicstor.blob.core.windows.net/biomapper/usviinsularshelf2017/videos/low/AA2017_061.mp4
REC0059,AA2017_062,Puerto Rico,AA,Accuracy Assessment,2017-02-02,2017,18.19540323,-65.1575891,42.379,1,0,0,0,1,0,1,1,0,0,0,Pass,,https://nccospublicstor.blob.core.windows.net/biomapper/usviinsularshelf2017/videos/low/AA2017_062.mp4
REC0060,AA2017_063,Puerto Rico,AA,Accuracy Assessment,2017-02-02,2017,18.22752069,-65.15711627,36.009,1,0,0,0,1,0,1,0,0,0,0,Pass,,https://nccospublicstor.blob.core.windows.net/biomapper/usviinsularshelf2017/videos/low/AA2017_063.mp4
REC0061,AA2017_064,Puerto Rico,AA,Accuracy Assessment,2017-02-01,2017,18.17256266,-65.15258379,45.064,1,0,0,1,1,0,1,0,0,0,0,Pass,,https://nccospublicstor.blob.core.windows.net/biomapper/usviinsularshelf2017/videos/low/AA2017_064.mp4
REC0062,AA2017_065,Puerto Rico,AA,Accuracy Assessment,2017-02-02,2017,18.20996105,-65.15200011,39.132,1,0,0,0,1,0,1,1,0,0,0,Pass,,https://nccospublicstor.blob.core.windows.net/biomapper/usviinsularshelf2017/videos/low/AA2017_065.mp4
REC0063,AA2017_066,Puerto Rico,AA,Accuracy Assessment,2017-02-02,2017,18.18110965,-65.15141448,45.295,1,0,0,0,1,0,1,1,0,0,0,Pass,,https://nccospublicstor.blob.core.windows.net/biomapper/usviinsularshelf2017/videos/low/AA2017_066.mp4
REC0064,AA2017_067,Puerto Rico,AA,Accuracy Assessment,2017-02-02,2017,18.22907836,-65.15181224,37.133,1,0,0,1,1,0,1,1,0,0,0,Pass,,https://nccospublicstor.blob.core.windows.net/biomapper/usviinsularshelf2017/videos/low/AA2017_067.mp4
REC0065,AA2017_068,Puerto Rico,AA,Accuracy Assessment,2017-02-02,2017,18.18648988,-65.14970653,37.24,1,0,0,0,1,1,1,1,0,0,0,Pass,,https://nccospublicstor.blob.core.windows.net/biomapper/usviinsularshelf2017/videos/low/AA2017_068.mp4
REC0066,AA2017_069,Puerto Rico,AA,Accuracy Assessment,2017-02-01,2017,18.17389589,-65.14510105,41.47,1,0,0,0,1,0,1,1,0,0,0,Pass,,https://nccospublicstor.blob.core.windows.net/biomapper/usviinsularshelf2017/videos/low/AA2017_069.mp4
REC0067,AA2017_071,Puerto Rico,AA,Accuracy Assessment,2017-02-01,2017,18.17965653,-65.14406848,44.996,1,0,0,1,1,0,1,0,0,0,0,Pass,,https://nccospublicstor.blob.core.windows.net/biomapper/usviinsularshelf2017/videos/low/AA2017_071.mp4
REC0068,AA2017_072,Puerto Rico,AA,Accuracy Assessment,2017-02-02,2017,18.2109251,-65.14325,40.938,0,1,1,1,0,0,0,1,0,0,0,Pass,,https://nccospublicstor.blob.core.windows.net/biomapper/usviinsularshelf2017/videos/low/AA2017_072.mp4
REC0069,AA2017_073,Puerto Rico,AA,Accuracy Assessment,2017-02-02,2017,18.23199146,-65.14203332,31.506,1,0,0,0,1,1,1,1,0,0,0,Pass,,https://nccospublicstor.blob.core.windows.net/biomapper/usviinsularshelf2017/videos/low/AA2017_073.mp4
REC0070,AA2017_074,Puerto Rico,AA,Accuracy Assessment,2017-02-02,2017,18.21569861,-65.14057967,40.628,1,0,0,1,1,0,0,0,0,0,0,Pass,,https://nccospublicstor.blob.core.windows.net/biomapper/usviinsularshelf2017/videos/low/AA2017_074.mp4
REC0071,AA2017_075,Puerto Rico,AA,Accuracy Assessment,2017-02-01,2017,18.17862086,-65.13925064,38.209,1,0,0,0,1,0,1,0,0,0,0,Pass,,https://nccospublicstor.blob.core.windows.net/biomapper/usviinsularshelf2017/videos/low/AA2017_075.mp4
REC0072,AA2017_076,Puerto Rico,AA,Accuracy Assessment,2017-02-01,2017,18.18439393,-65.13745294,42.955,1,0,0,1,1,0,1,0,0,0,0,Pass,,https://nccospublicstor.blob.core.windows.net/biomapper/usviinsularshelf2017/videos/low/AA2017_076.mp4
REC0073,AA2017_077,Puerto Rico,AA,Accuracy Assessment,2017-02-02,2017,18.21231408,-65.13668855,40.987,0,0,0,1,0,0,0,0,0,1,0,Pass,,https://nccospublicstor.blob.core.windows.net/biomapper/usviinsularshelf2017/videos/low/AA2017_077.mp4
REC0074,AA2017_078,Puerto Rico,AA,Accuracy Assessment,2017-02-01,2017,18.19999502,-65.13899578,38.055,1,0,0,0,1,1,1,1,0,0,0,Pass,,https://nccospublicstor.blob.core.windows.net/biomapper/usviinsularshelf2017/videos/low/AA2017_078.mp4
REC0075,AA2017_079,"St. Thomas, USVI",AA,Accuracy Assessment,2017-02-02,2017,18.27075461,-65.1334338,32.217,1,0,0,1,1,1,1,1,0,0,0,Pass,,https://nccospublicstor.blob.core.windows.net/biomapper/usviinsularshelf2017/videos/low/AA2017_079.mp4
REC0076,AA2017_080,"St. Thomas, USVI",AA,Accuracy Assessment,2017-02-02,2017,18.28241923,-65.13127599,24.998,1,0,0,0,1,0,1,1,0,0,0,Pass,,https://nccospublicstor.blob.core.windows.net/biomapper/usviinsularshelf2017/videos/low/AA2017_080.mp4
REC0077,AA2017_081,"St. Thomas, USVI",AA,Accuracy Assessment,2017-02-01,2017,18.19996528,-65.13053616,41.145,1,0,0,1,1,0,0,1,0,0,0,Pass,,https://nccospublicstor.blob.core.windows.net/biomapper/usviinsularshelf2017/videos/low/AA2017_081.mp4
REC0078,AA2017_082,"St. Thomas, USVI",AA,Accuracy Assessment,2017-02-01,2017,18.21665292,-65.12950517,40.695,1,0,0,1,1,0,1,1,0,0,0,Pass,,https://nccospublicstor.blob.core.windows.net/biomapper/usviinsularshelf2017/videos/low/AA2017_082.mp4
REC0079,AA2017_083,"St. Thomas, USVI",AA,Accuracy Assessment,2017-01-30,2017,18.18446156,-65.12445317,42.912,1,0,0,1,1,0,1,0,0,0,0,Pass,,https://nccospublicstor.blob.core.windows.net/biomapper/usviinsularshelf2017/videos/low/AA2017_083.mp4
REC0080,AA2017_084,"St. Thomas, USVI",AA,Accuracy Assessment,2017-02-01,2017,18.21978329,-65.1217625,40.186,1,0,0,1,1,0,1,1,0,0,0,Pass,,https://nccospublicstor.blob.core.windows.net/biomapper/usviinsularshelf2017/videos/low/AA2017_084.mp4
REC0081,AA2017_085,"St. Thomas, USVI",AA,Accuracy Assessment,2017-01-30,2017,18.18962653,-65.12108076,41.828,1,0,0,0,1,0,1,0,0,0,0,Pass,,https://nccospublicstor.blob.core.windows.net/biomapper/usviinsularshelf2017/videos/low/AA2017_085.mp4
REC0082,AA2017_086,"St. Thomas, USVI",AA,Accuracy Assessment,2017-01-30,2017,18.21311505,-65.11656772,33.715,1,0,0,0,1,1,1,0,0,0,0,Pass,,https://nccospublicstor.blob.core.windows.net/biomapper/usviinsularshelf2017/videos/low/AA2017_086.mp4
REC0083,AA2017_087,"St. Thomas, USVI",AA,Accuracy Assessment,2017-02-02,2017,18.28502707,-65.116795,24.3,1,0,0,1,1,1,0,1,0,0,0,Pass,,https://nccospublicstor.blob.core.windows.net/biomapper/usviinsularshelf2017/videos/low/AA2017_087.mp4
REC0084,AA2017_088,"St. Thomas, USVI",AA,Accuracy Assessment,2017-02-03,2017,18.27355888,-65.11730895,27.25,1,0,0,0,1,0,1,1,0,0,0,Pass,,https://nccospublicstor.blob.core.windows.net/biomapper/usviinsularshelf2017/videos/low/AA2017_088.mp4
REC0085,AA2017_089,"St. Thomas, USVI",AA,Accuracy Assessment,2017-01-30,2017,18.20683532,-65.11356789,34.89,1,0,0,0,1,0,0,0,0,0,0,Pass,,https://nccospublicstor.blob.core.windows.net/biomapper/usviinsularshelf2017/videos/low/AA2017_089.mp4
REC0086,AA2017_090,"St. Thomas, USVI",AA,Accuracy Assessment,2017-01-30,2017,18.17674995,-65.110089,48.074,1,0,0,0,1,0,1,1,0,0,0,Pass,,https://nccospublicstor.blob.core.windows.net/biomapper/usviinsularshelf2017/videos/low/AA2017_090.mp4
REC0087,AA2017_091,"St. Thomas, USVI",AA,Accuracy Assessment,2017-01-30,2017,18.1803757,-65.11029608,36.521,1,0,0,0,1,0,1,0,0,0,0,Pass,,https://nccospublicstor.blob.core.windows.net/biomapper/usviinsularshelf2017/videos/low/AA2017_091.mp4
REC0088,AA2017_092,"St. Thomas, USVI",AA,Accuracy Assessment,2017-01-30,2017,18.21295014,-65.11665239,33.555,1,0,0,0,1,1,1,0,0,0,0,Pass,,https://nccospublicstor.blob.core.windows.net/biomapper/usviinsularshelf2017/videos/low/AA2017_092.mp4
REC0089,AA2017_093,"St. Thomas, USVI",AA,Accuracy Assessment,2017-01-30,2017,18.20999649,-65.1098927,41.528,1,0,0,1,1,0,1,1,0,0,0,Pass,,https://nccospublicstor.blob.core.windows.net/biomapper/usviinsularshelf2017/videos/low/AA2017_093.mp4
REC0090,AA2017_094,"St. Thomas, USVI",AA,Accuracy Assessment,2017-02-03,2017,18.27087506,-65.11008525,27.765,1,0,0,0,1,0,1,1,0,0,0,Pass,,https://nccospublicstor.blob.core.windows.net/biomapper/usviinsularshelf2017/videos/low/AA2017_094.mp4
REC0091,AA2017_095,"St. Thomas, USVI",AA,Accuracy Assessment,2017-02-03,2017,18.28015716,-65.11196698,27.719,1,0,0,0,1,1,1,1,0,0,0,Pass,,https://nccospublicstor.blob.core.windows.net/biomapper/usviinsularshelf2017/videos/low/AA2017_095.mp4
REC0092,AA2017_096,"St. Thomas, USVI",AA,Accuracy Assessment,2017-02-03,2017,18.25200238,-65.10937592,28.689,1,0,0,0,1,1,1,1,0,0,0,Pass,,https://nccospublicstor.blob.core.windows.net/biomapper/usviinsularshelf2017/videos/low/AA2017_096.mp4
REC0093,AA2017_097,"St. Thomas, USVI",AA,Accuracy Assessment,2017-01-30,2017,18.19771418,-65.10589302,42.145,1,0,0,1,1,0,0,0,0,1,0,Pass,,https://nccospublicstor.blob.core.windows.net/biomapper/usviinsularshelf2017/videos/low/AA2017_097.mp4
REC0094,AA2017_098,"St. Thomas, USVI",AA,Accuracy Assessment,2017-02-01,2017,18.22760658,-65.10645544,32.964,1,0,0,0,1,0,1,1,0,0,0,Pass,,https://nccospublicstor.blob.core.windows.net/biomapper/usviinsularshelf2017/videos/low/AA2017_098.mp4
REC0095,AA2017_099,"St. Thomas, USVI",AA,Accuracy Assessment,2017-01-30,2017,18.2169791,-65.10596377,39.533,1,0,0,0,1,0,1,0,0,0,0,Pass,,https://nccospublicstor.blob.core.windows.net/biomapper/usviinsularshelf2017/videos/low/AA2017_099.mp4
REC0096,AA2017_101,"St. Thomas, USVI",AA,Accuracy Assessment,2017-01-30,2017,18.20973483,-65.10310859,35.928,1,0,0,0,1,1,1,0,0,1,0,Pass,,https://nccospublicstor.blob.core.windows.net/biomapper/usviinsularshelf2017/videos/low/AA2017_101.mp4
REC0097,AA2017_102,"St. Thomas, USVI",AA,Accuracy Assessment,2017-01-30,2017,18.19958924,-65.10184702,41.907,1,0,0,1,1,0,0,0,0,0,0,Pass,,https://nccospublicstor.blob.core.windows.net/biomapper/usviinsularshelf2017/videos/low/AA2017_102.mp4
REC0098,AA2017_103,"St. Thomas, USVI",AA,Accuracy Assessment,2017-02-03,2017,18.25086352,-65.10199366,27.756,1,0,0,0,1,1,1,0,0,0,0,Pass,,https://nccospublicstor.blob.core.windows.net/biomapper/usviinsularshelf2017/videos/low/AA2017_103.mp4
REC0099,AA2017_104,"St. Thomas, USVI",AA,Accuracy Assessment,2017-02-01,2017,18.22970909,-65.10126136,31.161,1,0,0,0,1,0,1,1,0,0,0,Pass,,https://nccospublicstor.blob.core.windows.net/biomapper/usviinsularshelf2017/videos/low/AA2017_104.mp4
REC0100,AA2017_105,"St. Thomas, USVI",AA,Accuracy Assessment,2017-02-03,2017,18.28031396,-65.10175345,33.193,0,0,0,1,0,0,0,0,0,0,0,Pass,,https://nccospublicstor.blob.core.windows.net/biomapper/usviinsularshelf2017/videos/low/AA2017_105.mp4
REC0101,AA2017_106,"St. Thomas, USVI",AA,Accuracy Assessment,2017-02-03,2017,18.2775251,-65.10124075,27.593,1,0,0,1,1,1,1,1,0,0,0,Pass,,https://nccospublicstor.blob.core.windows.net/biomapper/usviinsularshelf2017/videos/low/AA2017_106.mp4
REC0102,AA2017_107,"St. Thomas, USVI",AA,Accuracy Assessment,2017-02-01,2017,18.22517099,-65.09677837,40.475,1,0,0,0,1,0,1,0,0,0,0,Pass,,https://nccospublicstor.blob.core.windows.net/biomapper/usviinsularshelf2017/videos/low/AA2017_107.mp4
REC0103,AA2017_108,"St. Thomas, USVI",AA,Accuracy Assessment,2017-01-30,2017,18.17871703,-65.10014368,44.855,1,0,0,1,1,0,0,0,0,0,0,Pass,,https://nccospublicstor.blob.core.windows.net/biomapper/usviinsularshelf2017/videos/low/AA2017_108.mp4
REC0104,AA2017_109,"St. Thomas, USVI",AA,Accuracy Assessment,2017-01-30,2017,18.19131859,-65.09833218,42.984,1,0,0,1,1,0,1,0,0,0,0,Pass,,https://nccospublicstor.blob.core.windows.net/biomapper/usviinsularshelf2017/videos/low/AA2017_109.mp4
REC0105,AA2017_110,"St. Thomas, USVI",AA,Accuracy Assessment,2017-02-03,2017,18.26581827,-65.09208675,27.66,1,0,0,0,1,1,1,0,0,0,0,Pass,,https://nccospublicstor.blob.core.windows.net/biomapper/usviinsularshelf2017/videos/low/AA2017_110.mp4
REC0106,AA2017_111,"St. Thomas, USVI",AA,Accuracy Assessment,2017-02-01,2017,18.23118055,-65.0917833,33.889,1,0,0,0,1,0,1,1,0,0,0,Pass,,https://nccospublicstor.blob.core.windows.net/biomapper/usviinsularshelf2017/videos/low/AA2017_111.mp4
REC0107,AA2017_112,"St. Thomas, USVI",AA,Accuracy Assessment,2017-02-03,2017,18.24544893,-65.09268844,29.832,1,0,0,0,1,0,1,1,0,0,0,Pass,,https://nccospublicstor.blob.core.windows.net/biomapper/usviinsularshelf2017/videos/low/AA2017_112.mp4
REC0108,AA2017_113,"St. Thomas, USVI",AA,Accuracy Assessment,2017-02-02,2017,18.28201633,-65.09308863,34.755,1,0,0,1,0,1,0,1,0,0,0,Pass,,https://nccospublicstor.blob.core.windows.net/biomapper/usviinsularshelf2017/videos/low/AA2017_113.mp4
REC0109,AA2017_114,"St. Thomas, USVI",AA,Accuracy Assessment,2017-01-30,2017,18.18779748,-65.08903743,35.6,1,0,0,0,1,1,1,1,0,0,0,Pass,,https://nccospublicstor.blob.core.windows.net/biomapper/usviinsularshelf2017/videos/low/AA2017_114.mp4
REC0110,AA2017_115,"St. Thomas, USVI",AA,Accuracy Assessment,2017-01-30,2017,18.19534108,-65.08868053,42.342,1,0,0,0,1,0,1,0,0,0,0,Pass,,https://nccospublicstor.blob.core.windows.net/biomapper/usviinsularshelf2017/videos/low/AA2017_115.mp4
REC0111,AA2017_116,"St. Thomas, USVI",AA,Accuracy Assessment,2017-02-01,2017,18.22678543,-65.08708387,33.04,1,0,0,0,1,0,1,1,0,0,0,Pass,,https://nccospublicstor.blob.core.windows.net/biomapper/usviinsularshelf2017/videos/low/AA2017_116.mp4
REC0112,AA2017_118,"St. Thomas, USVI",AA,Accuracy Assessment,2017-01-30,2017,18.1832202,-65.08427783,34.147,1,0,0,0,1,0,1,0,0,0,0,Pass,,https://nccospublicstor.blob.core.windows.net/biomapper/usviinsularshelf2017/videos/low/AA2017_118.mp4
REC0113,AA2017_119,"St. Thomas, USVI",AA,Accuracy Assessment,2017-01-30,2017,18.19248038,-65.07974973,36.698,1,0,0,0,1,0,1,1,0,0,0,Pass,,https://nccospublicstor.blob.core.windows.net/biomapper/usviinsularshelf2017/videos/low/AA2017_119.mp4
REC0114,AA2017_120,"St. Thomas, USVI",AA,Accuracy Assessment,2017-01-30,2017,18.20020567,-65.07779319,41.677,1,0,0,0,1,0,1,1,0,0,0,Pass,,https://nccospublicstor.blob.core.windows.net/biomapper/usviinsularshelf2017/videos/low/AA2017_120.mp4
REC0115,AA2017_121,"St. Thomas, USVI",AA,Accuracy Assessment,2017-02-01,2017,18.25322622,-65.07816758,33.694,1,0,0,1,1,1,1,1,0,0,0,Pass,,https://nccospublicstor.blob.core.windows.net/biomapper/usviinsularshelf2017/videos/low/AA2017_121.mp4
REC0116,AA2017_122,"St. Thomas, USVI",AA,Accuracy Assessment,2017-02-01,2017,18.26656913,-65.0761226,34.465,0,1,0,1,0,0,0,1,0,0,0,Pass,,https://nccospublicstor.blob.core.windows.net/biomapper/usviinsularshelf2017/videos/low/AA2017_122.mp4
REC0117,AA2017_123,"St. Thomas, USVI",AA,Accuracy Assessment,2017-02-01,2017,18.22092292,-65.07692175,39.735,1,0,0,0,1,0,1,0,0,0,0,Pass,,https://nccospublicstor.blob.core.windows.net/biomapper/usviinsularshelf2017/videos/low/AA2017_123.mp4
REC0118,AA2017_124,"St. Thomas, USVI",AA,Accuracy Assessment,2017-02-01,2017,18.23573633,-65.0762271,31.491,1,0,0,0,1,0,1,0,0,0,0,Pass,,https://nccospublicstor.blob.core.windows.net/biomapper/usviinsularshelf2017/videos/low/AA2017_124.mp4
REC0119,AA2017_125,"St. Thomas, USVI",AA,Accuracy Assessment,2017-01-30,2017,18.18652864,-65.07535916,29.899,1,0,0,0,1,0,1,0,0,0,0,Pass,,https://nccospublicstor.blob.core.windows.net/biomapper/usviinsularshelf2017/videos/low/AA2017_125.mp4
REC0120,AA2017_126,"St. Thomas, USVI",AA,Accuracy Assessment,2017-02-01,2017,18.25965699,-65.07266197,34.593,0,0,1,0,0,0,1,1,0,0,0,Pass,,https://nccospublicstor.blob.core.windows.net/biomapper/usviinsularshelf2017/videos/low/AA2017_126.mp4
REC0121,AA2017_128,"St. Thomas, USVI",AA,Accuracy Assessment,2017-02-01,2017,18.25221164,-65.06814883,35.216,0,0,1,0,1,0,1,1,0,0,0,Pass,,https://nccospublicstor.blob.core.windows.net/biomapper/usviinsularshelf2017/videos/low/AA2017_128.mp4
REC0122,AA2017_129,"St. Thomas, USVI",AA,Accuracy Assessment,2017-02-01,2017,18.21927735,-65.06874639,41.572,0,0,0,1,0,0,0,0,0,0,0,Pass,,https://nccospublicstor.blob.core.windows.net/biomapper/usviinsularshelf2017/videos/low/AA2017_129.mp4
REC0123,AA2017_130,"St. Thomas, USVI",AA,Accuracy Assessment,2017-02-01,2017,18.24173721,-65.06428585,36.812,0,0,0,1,0,0,0,1,0,0,0,Pass,,https://nccospublicstor.blob.core.windows.net/biomapper/usviinsularshelf2017/videos/low/AA2017_130.mp4
REC0124,AA2017_131,"St. Thomas, USVI",AA,Accuracy Assessment,2017-02-01,2017,18.28521595,-65.06499814,32.906,0,0,1,1,0,0,1,1,0,0,0,Pass,,https://nccospublicstor.blob.core.windows.net/biomapper/usviinsularshelf2017/videos/low/AA2017_131.mp4
REC0125,AA2017_132,"St. Thomas, USVI",AA,Accuracy Assessment,2017-02-01,2017,18.26849418,-65.06317546,34.448,0,0,1,0,0,0,1,1,0,0,0,Pass,,https://nccospublicstor.blob.core.windows.net/biomapper/usviinsularshelf2017/videos/low/AA2017_132.mp4
REC0126,AA2017_133,"St. Thomas, USVI",AA,Accuracy Assessment,2017-01-30,2017,18.20305752,-65.06206997,37.638,1,0,0,0,1,0,1,0,0,0,0,Pass,,https://nccospublicstor.blob.core.windows.net/biomapper/usviinsularshelf2017/videos/low/AA2017_133.mp4
REC0127,AA2017_134,"St. Thomas, USVI",AA,Accuracy Assessment,2017-02-01,2017,18.25107616,-65.0623725,35.746,0,0,1,0,0,0,1,1,0,0,0,Pass,,https://nccospublicstor.blob.core.windows.net/biomapper/usviinsularshelf2017/videos/low/AA2017_134.mp4
REC0128,AA2017_135,"St. Thomas, USVI",AA,Accuracy Assessment,2017-02-01,2017,18.23013945,-65.061275,39.798,1,0,0,1,1,0,1,1,0,0,0,Pass,,https://nccospublicstor.blob.core.windows.net/biomapper/usviinsularshelf2017/videos/low/AA2017_135.mp4
REC0129,AA2017_136,"St. Thomas, USVI",AA,Accuracy Assessment,2017-02-03,2017,18.25427898,-65.05862446,35.748,0,0,1,1,0,0,1,1,0,0,0,Pass,,https://nccospublicstor.blob.core.windows.net/biomapper/usviinsularshelf2017/videos/low/AA2017_136.mp4
REC0130,AA2017_137,"St. Thomas, USVI",AA,Accuracy Assessment,2017-02-03,2017,18.24391213,-65.05053502,36.367,1,1,0,1,1,1,1,1,0,0,0,Pass,,https://nccospublicstor.blob.core.windows.net/biomapper/usviinsularshelf2017/videos/low/AA2017_137.mp4
REC0131,AA2017_138,"St. Thomas, USVI",AA,Accuracy Assessment,2017-01-30,2017,18.20585699,-65.05113617,43.718,1,0,0,0,1,0,1,0,0,0,0,Pass,,https://nccospublicstor.blob.core.windows.net/biomapper/usviinsularshelf2017/videos/low/AA2017_138.mp4
REC0132,AA2017_139,"St. Thomas, USVI",AA,Accuracy Assessment,2017-02-03,2017,18.28397317,-65.05509973,33.335,0,0,1,0,0,0,1,1,0,0,0,Pass,,https://nccospublicstor.blob.core.windows.net/biomapper/usviinsularshelf2017/videos/low/AA2017_139.mp4
REC0133,AA2017_140,"St. Thomas, USVI",AA,Accuracy Assessment,2017-02-03,2017,18.22907612,-65.04831581,40.493,1,0,0,1,1,1,1,1,0,0,0,Pass,,https://nccospublicstor.blob.core.windows.net/biomapper/usviinsularshelf2017/videos/low/AA2017_140.mp4
REC0134,AA2017_141,"St. Thomas, USVI",AA,Accuracy Assessment,2017-02-03,2017,18.22249285,-65.04705532,39.287,1,0,0,1,1,0,1,1,0,0,0,Pass,,https://nccospublicstor.blob.core.windows.net/biomapper/usviinsularshelf2017/videos/low/AA2017_141.mp4
REC0135,AA2017_142,"St. Thomas, USVI",AA,Accuracy Assessment,2017-02-03,2017,18.27933993,-65.04646737,32.968,0,0,1,0,0,0,1,1,0,0,0,Pass,,https://nccospublicstor.blob.core.windows.net/biomapper/usviinsularshelf2017/videos/low/AA2017_142.mp4
REC0136,AA2017_143,"St. Thomas, USVI",AA,Accuracy Assessment,2017-02-03,2017,18.26707753,-65.03925346,33.457,0,0,1,0,0,0,1,1,0,0,0,Pass,,https://nccospublicstor.blob.core.windows.net/biomapper/usviinsularshelf2017/videos/low/AA2017_143.mp4
REC0137,AA2017_144,"St. Thomas, USVI",AA,Accuracy Assessment,2017-02-03,2017,18.2537706,-65.03509278,36.867,0,0,1,1,0,0,1,1,0,0,0,Pass,,https://nccospublicstor.blob.core.windows.net/biomapper/usviinsularshelf2017/videos/low/AA2017_144.mp4
REC0138,AA2017_145,"St. Thomas, USVI",AA,Accuracy Assessment,2017-02-03,2017,18.26062684,-65.03384657,34.972,0,0,1,0,0,0,1,1,0,0,0,Pass,,https://nccospublicstor.blob.core.windows.net/biomapper/usviinsularshelf2017/videos/low/AA2017_145.mp4
REC0139,AA2017_146,"St. Thomas, USVI",AA,Accuracy Assessment,2017-02-03,2017,18.23926627,-65.03298373,39.244,0,0,1,1,0,0,1,1,0,0,0,Pass,,https://nccospublicstor.blob.core.windows.net/biomapper/usviinsularshelf2017/videos/low/AA2017_146.mp4
REC0140,AA2017_147,"St. Thomas, USVI",AA,Accuracy Assessment,2017-02-03,2017,18.22793183,-65.02697048,40.35,0,0,1,1,0,0,1,0,0,0,0,Pass,,https://nccospublicstor.blob.core.windows.net/biomapper/usviinsularshelf2017/videos/low/AA2017_147.mp4
REC0141,AA2017_148,"St. Thomas, USVI",AA,Accuracy Assessment,2017-02-03,2017,18.2545551,-65.02587845,36.892,0,0,1,1,0,0,1,1,0,0,0,Pass,,https://nccospublicstor.blob.core.windows.net/biomapper/usviinsularshelf2017/videos/low/AA2017_148.mp4
REC0142,AA2017_149,"St. Thomas, USVI",AA,Accuracy Assessment,2017-01-30,2017,18.21115954,-65.02309774,43.953,1,0,0,0,1,0,0,1,0,0,0,Review,Duplicate SITE ID (source-documented for AA2017_149); index/FID mismatch; Projected coordinates inconsistent with latitude/longitude (>5 m),https://nccospublicstor.blob.core.windows.net/biomapper/usviinsularshelf2017/videos/low/AA2017_149.mp4
REC0143,AA2017_149,"St. Thomas, USVI",AA,Accuracy Assessment,2017-01-30,2017,18.21137455,-65.02308038,44.215,0,0,1,1,0,0,0,1,0,0,0,Review,Duplicate SITE ID (source-documented for AA2017_149); index/FID mismatch; Projected coordinates inconsistent with latitude/longitude (>5 m),https://nccospublicstor.blob.core.windows.net/biomapper/usviinsularshelf2017/videos/low/AA2017_149.mp4
REC0144,AA2017_150,"St. Thomas, USVI",AA,Accuracy Assessment,2017-02-03,2017,18.24641339,-65.01771431,39.589,0,0,1,1,0,0,1,0,0,0,0,Pass,,https://nccospublicstor.blob.core.windows.net/biomapper/usviinsularshelf2017/videos/low/AA2017_150.mp4
REC0145,AA2017_151,"St. Thomas, USVI",AA,Accuracy Assessment,2017-01-30,2017,18.21320155,-65.01509694,43.97,0,0,1,1,0,0,1,0,0,0,0,Pass,,https://nccospublicstor.blob.core.windows.net/biomapper/usviinsularshelf2017/videos/low/AA2017_151.mp4
REC0146,AA2017_152,"St. Thomas, USVI",AA,Accuracy Assessment,2017-02-03,2017,18.22714807,-65.0144337,40.646,0,0,1,1,0,0,1,0,0,0,0,Pass,,https://nccospublicstor.blob.core.windows.net/biomapper/usviinsularshelf2017/videos/low/AA2017_152.mp4
REC0147,AA2017_153,"St. Thomas, USVI",AA,Accuracy Assessment,2017-01-30,2017,18.22047851,-65.0092896,41.723,0,0,1,0,0,0,1,1,0,0,0,Pass,,https://nccospublicstor.blob.core.windows.net/biomapper/usviinsularshelf2017/videos/low/AA2017_153.mp4
REC0148,AA2017_154,"St. Thomas, USVI",AA,Accuracy Assessment,2017-02-03,2017,18.263119,-65.00886339,34.684,0,0,1,0,0,0,1,1,0,0,0,Pass,,https://nccospublicstor.blob.core.windows.net/biomapper/usviinsularshelf2017/videos/low/AA2017_154.mp4
REC0149,AA2017_155,"St. Thomas, USVI",AA,Accuracy Assessment,2017-01-30,2017,18.2267825,-65.00669866,40.709,0,0,1,1,0,0,1,0,0,0,0,Pass,,https://nccospublicstor.blob.core.windows.net/biomapper/usviinsularshelf2017/videos/low/AA2017_155.mp4
REC0150,AA2017_156,"St. Thomas, USVI",AA,Accuracy Assessment,2017-02-03,2017,18.23272476,-65.00784507,40.789,0,0,1,1,0,0,1,1,0,0,0,Pass,,https://nccospublicstor.blob.core.windows.net/biomapper/usviinsularshelf2017/videos/low/AA2017_156.mp4
REC0151,AA2017_157,"St. Thomas, USVI",AA,Accuracy Assessment,2017-01-30,2017,18.20930838,-65.0050165,43.835,1,0,0,0,1,0,1,1,0,0,0,Pass,,https://nccospublicstor.blob.core.windows.net/biomapper/usviinsularshelf2017/videos/low/AA2017_157.mp4
REC0152,AA2017_158,"St. Thomas, USVI",AA,Accuracy Assessment,2017-02-03,2017,18.25862694,-65.00518079,36.267,0,0,0,1,0,0,0,0,0,0,0,Pass,,https://nccospublicstor.blob.core.windows.net/biomapper/usviinsularshelf2017/videos/low/AA2017_158.mp4
REC0153,AA2017_159,"St. Thomas, USVI",AA,Accuracy Assessment,2017-02-03,2017,18.25369724,-65.00364875,38.586,0,0,1,0,0,0,1,1,0,0,0,Pass,,https://nccospublicstor.blob.core.windows.net/biomapper/usviinsularshelf2017/videos/low/AA2017_159.mp4
REC0154,AA2017_161,"St. Thomas, USVI",AA,Accuracy Assessment,2017-01-30,2017,18.22463647,-65.0002964,40.212,0,1,0,0,1,1,1,1,0,0,0,Pass,,https://nccospublicstor.blob.core.windows.net/biomapper/usviinsularshelf2017/videos/low/AA2017_161.mp4
REC0155,AA2017_162,"St. Thomas, USVI",AA,Accuracy Assessment,2017-02-03,2017,18.24431304,-64.99587984,41.3,0,0,0,1,0,0,0,0,0,0,0,Pass,,https://nccospublicstor.blob.core.windows.net/biomapper/usviinsularshelf2017/videos/low/AA2017_162.mp4
REC0156,AA2017_163,"St. Thomas, USVI",AA,Accuracy Assessment,2017-01-30,2017,18.27023921,-64.99604941,33.377,0,0,1,1,0,0,1,0,0,0,0,Pass,,https://nccospublicstor.blob.core.windows.net/biomapper/usviinsularshelf2017/videos/low/AA2017_163.mp4
REC0157,AA2017_164,"St. Thomas, USVI",AA,Accuracy Assessment,2017-02-03,2017,18.25347785,-64.99430272,37.617,0,0,1,1,0,0,1,1,0,0,0,Pass,,https://nccospublicstor.blob.core.windows.net/biomapper/usviinsularshelf2017/videos/low/AA2017_164.mp4
REC0158,AA2017_165,"St. Thomas, USVI",AA,Accuracy Assessment,2017-02-03,2017,18.26067211,-64.99301439,34.361,0,0,1,1,0,0,1,1,0,0,0,Pass,,https://nccospublicstor.blob.core.windows.net/biomapper/usviinsularshelf2017/videos/low/AA2017_165.mp4
REC0159,AA2017_167,"St. Thomas, USVI",AA,Accuracy Assessment,2017-02-03,2017,18.21860991,-64.98136498,41.466,0,0,0,1,0,0,1,0,0,0,0,Pass,,https://nccospublicstor.blob.core.windows.net/biomapper/usviinsularshelf2017/videos/low/AA2017_167.mp4
REC0160,AA2017_168,"St. Thomas, USVI",AA,Accuracy Assessment,2017-02-03,2017,18.23731722,-64.97474614,40.108,0,0,1,0,0,0,1,1,0,0,0,Pass,,https://nccospublicstor.blob.core.windows.net/biomapper/usviinsularshelf2017/videos/low/AA2017_168.mp4
REC0161,AA2017_169,"St. Thomas, USVI",AA,Accuracy Assessment,2017-02-03,2017,18.22050136,-64.97254409,42.649,0,0,1,1,0,0,1,0,0,0,0,Pass,,https://nccospublicstor.blob.core.windows.net/biomapper/usviinsularshelf2017/videos/low/AA2017_169.mp4
REC0162,AA2017_170,"St. Thomas, USVI",AA,Accuracy Assessment,2017-02-04,2017,18.19321173,-64.97206275,50.92,0,1,0,1,0,1,1,1,0,0,0,Pass,,https://nccospublicstor.blob.core.windows.net/biomapper/usviinsularshelf2017/videos/low/AA2017_170.mp4
REC0163,AA2017_171,"St. Thomas, USVI",AA,Accuracy Assessment,2017-02-04,2017,18.21019281,-64.97163161,44.515,1,0,0,1,0,0,1,1,0,0,0,Pass,,https://nccospublicstor.blob.core.windows.net/biomapper/usviinsularshelf2017/videos/low/AA2017_171.mp4
REC0164,AA2017_172,"St. Thomas, USVI",AA,Accuracy Assessment,2017-02-03,2017,18.22650358,-64.97041957,40.926,0,0,1,1,0,0,1,1,0,0,0,Pass,,https://nccospublicstor.blob.core.windows.net/biomapper/usviinsularshelf2017/videos/low/AA2017_172.mp4
REC0165,AA2017_173,"St. Thomas, USVI",AA,Accuracy Assessment,2017-02-03,2017,18.25782796,-64.96998516,36.911,0,0,1,1,0,0,1,1,0,0,0,Pass,,https://nccospublicstor.blob.core.windows.net/biomapper/usviinsularshelf2017/videos/low/AA2017_173.mp4
REC0166,AA2017_175,"St. Thomas, USVI",AA,Accuracy Assessment,2017-02-03,2017,18.26770722,-64.96632969,33.207,0,0,0,1,0,0,0,0,0,0,0,Pass,,https://nccospublicstor.blob.core.windows.net/biomapper/usviinsularshelf2017/videos/low/AA2017_175.mp4
REC0167,AA2017_176,"St. Thomas, USVI",AA,Accuracy Assessment,2017-02-03,2017,18.24282063,-64.96532527,40.066,0,0,1,1,0,0,1,1,0,0,0,Pass,,https://nccospublicstor.blob.core.windows.net/biomapper/usviinsularshelf2017/videos/low/AA2017_176.mp4
REC0168,AA2017_178,"St. Thomas, USVI",AA,Accuracy Assessment,2017-02-04,2017,18.21785315,-64.96453149,43.903,0,0,1,1,0,0,1,0,0,0,0,Pass,,https://nccospublicstor.blob.core.windows.net/biomapper/usviinsularshelf2017/videos/low/AA2017_178.mp4
REC0169,AA2017_179,"St. Thomas, USVI",AA,Accuracy Assessment,2017-02-04,2017,18.20163057,-64.9609455,50.444,0,1,0,1,0,1,1,1,0,0,0,Pass,,https://nccospublicstor.blob.core.windows.net/biomapper/usviinsularshelf2017/videos/low/AA2017_179.mp4
REC0170,AA2017_180,"St. Thomas, USVI",AA,Accuracy Assessment,2017-02-04,2017,18.20730759,-64.9610165,44.3,1,0,0,1,1,1,1,1,0,0,0,Pass,,https://nccospublicstor.blob.core.windows.net/biomapper/usviinsularshelf2017/videos/low/AA2017_180.mp4
REC0171,AA2017_181,"St. Thomas, USVI",AA,Accuracy Assessment,2017-02-03,2017,18.23130061,-64.95965425,42.12,0,0,0,1,0,0,0,0,0,0,0,Pass,,https://nccospublicstor.blob.core.windows.net/biomapper/usviinsularshelf2017/videos/low/AA2017_181.mp4
REC0172,AA2017_182,"St. Thomas, USVI",AA,Accuracy Assessment,2017-02-04,2017,18.21629975,-64.95353465,43.374,0,0,1,0,0,0,1,1,0,0,0,Pass,,https://nccospublicstor.blob.core.windows.net/biomapper/usviinsularshelf2017/videos/low/AA2017_182.mp4
REC0173,AA2017_183,"St. Thomas, USVI",AA,Accuracy Assessment,2017-02-04,2017,18.25339185,-64.95343407,40.898,0,0,0,1,0,0,0,0,0,0,0,Pass,,https://nccospublicstor.blob.core.windows.net/biomapper/usviinsularshelf2017/videos/low/AA2017_183.mp4
REC0174,AA2017_184,"St. Thomas, USVI",AA,Accuracy Assessment,2017-02-04,2017,18.24030223,-64.95330256,41.473,0,0,1,0,0,0,1,1,0,0,0,Pass,,https://nccospublicstor.blob.core.windows.net/biomapper/usviinsularshelf2017/videos/low/AA2017_184.mp4
REC0175,AA2017_185,"St. Thomas, USVI",AA,Accuracy Assessment,2017-02-04,2017,18.26125037,-64.95256503,35.963,0,0,1,1,0,0,1,1,0,0,0,Pass,,https://nccospublicstor.blob.core.windows.net/biomapper/usviinsularshelf2017/videos/low/AA2017_185.mp4
REC0176,AA2017_186,"St. Thomas, USVI",AA,Accuracy Assessment,2017-02-04,2017,18.22262451,-64.95114181,44.076,0,0,1,1,0,0,1,0,0,0,0,Pass,,https://nccospublicstor.blob.core.windows.net/biomapper/usviinsularshelf2017/videos/low/AA2017_186.mp4
REC0177,AA2017_187,"St. Thomas, USVI",AA,Accuracy Assessment,2017-02-04,2017,18.19438194,-64.94918285,43.547,1,0,0,0,1,0,1,1,0,0,0,Pass,,https://nccospublicstor.blob.core.windows.net/biomapper/usviinsularshelf2017/videos/low/AA2017_187.mp4
REC0178,AA2017_189,"St. Thomas, USVI",AA,Accuracy Assessment,2017-02-04,2017,18.25100356,-64.9486539,39.812,0,0,0,1,0,0,0,0,0,0,0,Pass,,https://nccospublicstor.blob.core.windows.net/biomapper/usviinsularshelf2017/videos/low/AA2017_189.mp4
REC0179,AA2017_190,"St. Thomas, USVI",AA,Accuracy Assessment,2017-02-04,2017,18.19453066,-64.94532533,48.443,0,1,0,1,0,1,0,1,0,0,0,Pass,,https://nccospublicstor.blob.core.windows.net/biomapper/usviinsularshelf2017/videos/low/AA2017_190.mp4
REC0180,AA2017_191,"St. Thomas, USVI",AA,Accuracy Assessment,2017-02-04,2017,18.26346632,-64.94394609,32.704,0,0,1,1,0,0,1,1,0,0,0,Pass,,https://nccospublicstor.blob.core.windows.net/biomapper/usviinsularshelf2017/videos/low/AA2017_191.mp4
REC0181,AA2017_192,"St. Thomas, USVI",AA,Accuracy Assessment,2017-02-04,2017,18.24605766,-64.94327006,39.782,0,1,0,1,0,1,0,1,0,0,0,Pass,,https://nccospublicstor.blob.core.windows.net/biomapper/usviinsularshelf2017/videos/low/AA2017_192.mp4
REC0182,AA2017_194,"St. Thomas, USVI",AA,Accuracy Assessment,2017-02-04,2017,18.21927939,-64.94099745,43.994,0,0,1,0,1,0,1,1,0,0,0,Pass,,https://nccospublicstor.blob.core.windows.net/biomapper/usviinsularshelf2017/videos/low/AA2017_194.mp4
REC0183,AA2017_195,"St. Thomas, USVI",AA,Accuracy Assessment,2017-02-04,2017,18.27047568,-64.94096851,32.87,0,0,1,0,0,0,1,1,0,0,0,Pass,,https://nccospublicstor.blob.core.windows.net/biomapper/usviinsularshelf2017/videos/low/AA2017_195.mp4
REC0184,AA2017_196,"St. Thomas, USVI",AA,Accuracy Assessment,2017-02-04,2017,18.21164096,-64.93929863,44.396,1,0,0,1,1,0,1,1,0,0,0,Pass,,https://nccospublicstor.blob.core.windows.net/biomapper/usviinsularshelf2017/videos/low/AA2017_196.mp4
REC0185,AA2017_197,"St. Thomas, USVI",AA,Accuracy Assessment,2017-02-04,2017,18.22822756,-64.93832877,43.627,0,0,1,1,0,0,1,1,0,0,0,Pass,,https://nccospublicstor.blob.core.windows.net/biomapper/usviinsularshelf2017/videos/low/AA2017_197.mp4
REC0186,AA2017_198,"St. Thomas, USVI",AA,Accuracy Assessment,2017-02-04,2017,18.20855032,-64.93525219,45.297,0,0,1,0,0,0,0,1,0,0,0,Pass,,https://nccospublicstor.blob.core.windows.net/biomapper/usviinsularshelf2017/videos/low/AA2017_198.mp4
REC0187,AA2017_199,"St. Thomas, USVI",AA,Accuracy Assessment,2017-02-04,2017,18.27476257,-64.93485394,33.01,0,0,1,0,0,0,1,1,0,0,0,Pass,,https://nccospublicstor.blob.core.windows.net/biomapper/usviinsularshelf2017/videos/low/AA2017_199.mp4
REC0188,AA2017_200,"St. Thomas, USVI",AA,Accuracy Assessment,2017-02-04,2017,18.19740393,-64.9319768,53.353,0,0,1,0,0,0,1,1,0,0,0,Pass,,https://nccospublicstor.blob.core.windows.net/biomapper/usviinsularshelf2017/videos/low/AA2017_200.mp4
REC0189,AA2017_201,"St. Thomas, USVI",AA,Accuracy Assessment,2017-02-04,2017,18.2708786,-64.93155901,33.997,0,0,0,1,0,0,0,0,0,0,0,Pass,,https://nccospublicstor.blob.core.windows.net/biomapper/usviinsularshelf2017/videos/low/AA2017_201.mp4
REC0190,AA2017_202,"St. Thomas, USVI",AA,Accuracy Assessment,2017-02-04,2017,18.25899742,-64.92725542,36.409,0,0,1,0,0,0,1,1,0,0,0,Pass,,https://nccospublicstor.blob.core.windows.net/biomapper/usviinsularshelf2017/videos/low/AA2017_202.mp4
REC0191,AA2017_203,"St. Thomas, USVI",AA,Accuracy Assessment,2017-02-04,2017,18.21894724,-64.92585375,44.178,0,0,1,0,0,0,1,0,0,0,0,Pass,,https://nccospublicstor.blob.core.windows.net/biomapper/usviinsularshelf2017/videos/low/AA2017_203.mp4
REC0192,AA2017_204,"St. Thomas, USVI",AA,Accuracy Assessment,2017-02-04,2017,18.22761528,-64.92557439,43.261,0,0,1,1,0,0,1,1,0,0,0,Pass,,https://nccospublicstor.blob.core.windows.net/biomapper/usviinsularshelf2017/videos/low/AA2017_204.mp4
REC0193,AA2017_205,"St. Thomas, USVI",AA,Accuracy Assessment,2017-02-04,2017,18.25265251,-64.92044415,39.173,0,0,1,0,0,0,1,1,0,0,0,Pass,,https://nccospublicstor.blob.core.windows.net/biomapper/usviinsularshelf2017/videos/low/AA2017_205.mp4
REC0194,AA2017_206,"St. Thomas, USVI",AA,Accuracy Assessment,2017-02-04,2017,18.23744746,-64.91929551,42.037,0,0,0,1,0,0,0,0,0,0,0,Pass,,https://nccospublicstor.blob.core.windows.net/biomapper/usviinsularshelf2017/videos/low/AA2017_206.mp4
REC0195,AA2017_207,"St. Thomas, USVI",AA,Accuracy Assessment,2017-02-10,2017,18.20883979,-64.91867931,45.359,0,1,1,1,1,0,1,1,0,0,0,Pass,,https://nccospublicstor.blob.core.windows.net/biomapper/usviinsularshelf2017/videos/low/AA2017_207.mp4
REC0196,AA2017_208,"St. Thomas, USVI",AA,Accuracy Assessment,2017-02-04,2017,18.22038485,-64.91860815,43.639,0,1,1,1,0,0,1,1,0,0,0,Pass,,https://nccospublicstor.blob.core.windows.net/biomapper/usviinsularshelf2017/videos/low/AA2017_208.mp4
REC0197,AA2017_209,"St. Thomas, USVI",AA,Accuracy Assessment,2017-02-04,2017,18.25064749,-64.9177289,39.466,0,0,1,0,0,0,1,1,0,0,0,Pass,,https://nccospublicstor.blob.core.windows.net/biomapper/usviinsularshelf2017/videos/low/AA2017_209.mp4
REC0198,AA2017_210,"St. Thomas, USVI",AA,Accuracy Assessment,2017-02-10,2017,18.19256795,-64.91604722,52.426,0,0,1,0,0,0,0,0,0,0,0,Pass,,https://nccospublicstor.blob.core.windows.net/biomapper/usviinsularshelf2017/videos/low/AA2017_210.mp4
REC0199,AA2017_211,"St. Thomas, USVI",AA,Accuracy Assessment,2017-02-04,2017,18.22901981,-64.91623885,43.372,0,0,1,1,0,0,1,0,0,0,0,Pass,,https://nccospublicstor.blob.core.windows.net/biomapper/usviinsularshelf2017/videos/low/AA2017_211.mp4
REC0200,AA2017_212,"St. Thomas, USVI",AA,Accuracy Assessment,2017-02-10,2017,18.20264624,-64.91511242,49.303,0,1,1,0,1,0,1,1,0,0,0,Pass,,https://nccospublicstor.blob.core.windows.net/biomapper/usviinsularshelf2017/videos/low/AA2017_212.mp4
REC0201,AA2017_213,"St. Thomas, USVI",AA,Accuracy Assessment,2017-02-10,2017,18.19805038,-64.9140759,52.321,0,1,1,0,1,0,1,1,0,0,0,Pass,,https://nccospublicstor.blob.core.windows.net/biomapper/usviinsularshelf2017/videos/low/AA2017_213.mp4
REC0202,AA2017_214,"St. Thomas, USVI",AA,Accuracy Assessment,2017-02-10,2017,18.18438276,-64.91302314,56.667,0,0,1,0,0,0,0,1,0,0,0,Pass,,https://nccospublicstor.blob.core.windows.net/biomapper/usviinsularshelf2017/videos/low/AA2017_214.mp4
REC0203,AA2017_215,"St. Thomas, USVI",AA,Accuracy Assessment,2017-02-04,2017,18.2572991,-64.91366105,38.29,0,0,1,0,0,0,1,0,0,0,0,Pass,,https://nccospublicstor.blob.core.windows.net/biomapper/usviinsularshelf2017/videos/low/AA2017_215.mp4
REC0204,AA2017_218,"St. Thomas, USVI",AA,Accuracy Assessment,2017-02-10,2017,18.19229505,-64.90685519,52.362,0,1,1,0,1,0,1,1,0,0,0,Pass,,https://nccospublicstor.blob.core.windows.net/biomapper/usviinsularshelf2017/videos/low/AA2017_218.mp4
REC0205,AA2017_219,"St. Thomas, USVI",AA,Accuracy Assessment,2017-02-10,2017,18.20686726,-64.9066442,46.139,1,1,0,0,1,0,1,1,0,0,0,Pass,,https://nccospublicstor.blob.core.windows.net/biomapper/usviinsularshelf2017/videos/low/AA2017_219.mp4
REC0206,AA2017_220,"St. Thomas, USVI",AA,Accuracy Assessment,2017-02-09,2017,18.26548038,-64.90718729,31.042,0,0,0,1,0,0,0,0,0,0,0,Pass,,https://nccospublicstor.blob.core.windows.net/biomapper/usviinsularshelf2017/videos/low/AA2017_220.mp4
REC0207,AA2017_221,"St. Thomas, USVI",AA,Accuracy Assessment,2017-02-09,2017,18.23211023,-64.90589042,42.553,0,0,1,1,0,0,1,1,0,0,0,Pass,,https://nccospublicstor.blob.core.windows.net/biomapper/usviinsularshelf2017/videos/low/AA2017_221.mp4
REC0208,AA2017_222,"St. Thomas, USVI",AA,Accuracy Assessment,2017-02-10,2017,18.19712213,-64.90506475,50.513,0,1,1,0,1,0,1,1,0,0,0,Pass,,https://nccospublicstor.blob.core.windows.net/biomapper/usviinsularshelf2017/videos/low/AA2017_222.mp4
REC0209,AA2017_223,"St. Thomas, USVI",AA,Accuracy Assessment,2017-02-09,2017,18.257371,-64.90445596,37.394,0,0,1,0,0,0,1,1,0,0,0,Pass,,https://nccospublicstor.blob.core.windows.net/biomapper/usviinsularshelf2017/videos/low/AA2017_223.mp4
REC0210,AA2017_224,"St. Thomas, USVI",AA,Accuracy Assessment,2017-02-09,2017,18.25514803,-64.90222099,38.497,0,0,1,1,0,0,1,1,0,0,0,Pass,,https://nccospublicstor.blob.core.windows.net/biomapper/usviinsularshelf2017/videos/low/AA2017_224.mp4
REC0211,AA2017_225,"St. Thomas, USVI",AA,Accuracy Assessment,2017-02-10,2017,18.18350835,-64.90091877,55.195,0,1,1,0,1,0,1,1,0,0,0,Pass,,https://nccospublicstor.blob.core.windows.net/biomapper/usviinsularshelf2017/videos/low/AA2017_225.mp4
REC0212,AA2017_227,"St. Thomas, USVI",AA,Accuracy Assessment,2017-02-09,2017,18.24371253,-64.89875033,40.275,0,0,1,1,0,0,1,0,0,0,0,Pass,,https://nccospublicstor.blob.core.windows.net/biomapper/usviinsularshelf2017/videos/low/AA2017_227.mp4
REC0213,AA2017_228,"St. Thomas, USVI",AA,Accuracy Assessment,2017-02-09,2017,18.23337784,-64.89803177,42.477,0,0,1,1,0,0,1,0,0,0,0,Pass,,https://nccospublicstor.blob.core.windows.net/biomapper/usviinsularshelf2017/videos/low/AA2017_228.mp4
REC0214,AA2017_229,"St. Thomas, USVI",AA,Accuracy Assessment,2017-02-10,2017,18.18054925,-64.8954064,52.312,0,1,1,0,1,0,1,1,0,0,0,Pass,,https://nccospublicstor.blob.core.windows.net/biomapper/usviinsularshelf2017/videos/low/AA2017_229.mp4
REC0215,AA2017_230,"St. Thomas, USVI",AA,Accuracy Assessment,2017-02-10,2017,18.19204871,-64.89451877,51.046,0,1,1,0,1,0,1,1,0,0,0,Pass,,https://nccospublicstor.blob.core.windows.net/biomapper/usviinsularshelf2017/videos/low/AA2017_230.mp4
REC0216,AA2017_231,"St. Thomas, USVI",AA,Accuracy Assessment,2017-02-10,2017,18.19978909,-64.89335432,49.108,0,0,1,0,0,0,1,0,0,0,0,Pass,,https://nccospublicstor.blob.core.windows.net/biomapper/usviinsularshelf2017/videos/low/AA2017_231.mp4
REC0217,AA2017_232,"St. Thomas, USVI",AA,Accuracy Assessment,2017-02-09,2017,18.25265785,-64.89310571,40.742,0,0,1,0,0,0,1,1,0,0,0,Pass,,https://nccospublicstor.blob.core.windows.net/biomapper/usviinsularshelf2017/videos/low/AA2017_232.mp4
REC0218,AA2017_233,"St. Thomas, USVI",AA,Accuracy Assessment,2017-02-10,2017,18.18545215,-64.89075471,50.034,0,1,1,0,1,0,1,1,0,0,0,Pass,,https://nccospublicstor.blob.core.windows.net/biomapper/usviinsularshelf2017/videos/low/AA2017_233.mp4
REC0219,AA2017_234,"St. Thomas, USVI",AA,Accuracy Assessment,2017-02-10,2017,18.20633936,-64.89242935,47.477,0,0,1,0,0,0,1,0,0,0,0,Pass,,https://nccospublicstor.blob.core.windows.net/biomapper/usviinsularshelf2017/videos/low/AA2017_234.mp4
REC0220,AA2017_235,"St. Thomas, USVI",AA,Accuracy Assessment,2017-02-10,2017,18.21341239,-64.88633668,42.535,1,0,0,0,1,0,1,0,0,0,0,Pass,,https://nccospublicstor.blob.core.windows.net/biomapper/usviinsularshelf2017/videos/low/AA2017_235.mp4
REC0221,AA2017_236,"St. Thomas, USVI",AA,Accuracy Assessment,2017-02-09,2017,18.26132711,-64.8852129,37.273,0,0,1,0,0,0,1,1,0,0,0,Pass,,https://nccospublicstor.blob.core.windows.net/biomapper/usviinsularshelf2017/videos/low/AA2017_236.mp4
REC0222,AA2017_237,"St. Thomas, USVI",AA,Accuracy Assessment,2017-02-09,2017,18.26358053,-64.89035941,27.339,1,0,0,1,1,0,1,1,0,0,0,Pass,,https://nccospublicstor.blob.core.windows.net/biomapper/usviinsularshelf2017/videos/low/AA2017_237.mp4
REC0223,AA2017_238,"St. Thomas, USVI",AA,Accuracy Assessment,2017-02-09,2017,18.26410538,-64.88161556,32.433,0,0,0,1,0,0,0,0,0,0,0,Pass,,https://nccospublicstor.blob.core.windows.net/biomapper/usviinsularshelf2017/videos/low/AA2017_238.mp4
REC0224,AA2017_239,"St. Thomas, USVI",AA,Accuracy Assessment,2017-02-10,2017,18.20165921,-64.87679815,51.374,0,1,1,0,0,0,1,1,0,0,0,Pass,,https://nccospublicstor.blob.core.windows.net/biomapper/usviinsularshelf2017/videos/low/AA2017_239.mp4
REC0225,AA2017_240,"St. Thomas, USVI",AA,Accuracy Assessment,2017-02-09,2017,18.26955124,-64.87651219,30.192,0,0,1,1,0,0,1,1,0,0,0,Pass,,https://nccospublicstor.blob.core.windows.net/biomapper/usviinsularshelf2017/videos/low/AA2017_240.mp4
REC0226,AA2017_241,"St. Thomas, USVI",AA,Accuracy Assessment,2017-02-09,2017,18.25290508,-64.8766043,39.002,0,0,1,0,0,0,1,1,0,0,0,Pass,,https://nccospublicstor.blob.core.windows.net/biomapper/usviinsularshelf2017/videos/low/AA2017_241.mp4
REC0227,AA2017_242,"St. Thomas, USVI",AA,Accuracy Assessment,2017-02-09,2017,18.26326735,-64.87660294,21.678,1,0,0,1,1,1,1,1,0,0,0,Pass,,https://nccospublicstor.blob.core.windows.net/biomapper/usviinsularshelf2017/videos/low/AA2017_242.mp4
REC0228,AA2017_243,"St. Thomas, USVI",AA,Accuracy Assessment,2017-02-10,2017,18.18519323,-64.8754683,28.396,0,1,0,0,1,1,1,1,0,0,0,Pass,,https://nccospublicstor.blob.core.windows.net/biomapper/usviinsularshelf2017/videos/low/AA2017_243.mp4
REC0229,AA2017_244,"St. Thomas, USVI",AA,Accuracy Assessment,2017-02-09,2017,18.21733408,-64.87242516,41.147,1,0,0,0,1,0,1,1,0,0,0,Pass,,https://nccospublicstor.blob.core.windows.net/biomapper/usviinsularshelf2017/videos/low/AA2017_244.mp4
REC0230,AA2017_245,"St. Thomas, USVI",AA,Accuracy Assessment,2017-02-09,2017,18.2619188,-64.87220531,27.435,1,0,0,1,1,1,1,1,0,0,0,Pass,,https://nccospublicstor.blob.core.windows.net/biomapper/usviinsularshelf2017/videos/low/AA2017_245.mp4
REC0231,AA2017_246,"St. Thomas, USVI",AA,Accuracy Assessment,2017-02-09,2017,18.26645081,-64.8698856,33.108,0,0,1,1,0,0,1,1,0,0,0,Pass,,https://nccospublicstor.blob.core.windows.net/biomapper/usviinsularshelf2017/videos/low/AA2017_246.mp4
REC0232,AA2017_247,"St. Thomas, USVI",AA,Accuracy Assessment,2017-02-10,2017,18.20587289,-64.87236297,48.197,0,1,1,0,0,0,1,1,0,0,0,Pass,,https://nccospublicstor.blob.core.windows.net/biomapper/usviinsularshelf2017/videos/low/AA2017_247.mp4
REC0233,AA2017_248,"St. Thomas, USVI",AA,Accuracy Assessment,2017-02-09,2017,18.22845604,-64.8675054,43.682,0,0,1,0,0,0,1,1,0,0,0,Pass,,https://nccospublicstor.blob.core.windows.net/biomapper/usviinsularshelf2017/videos/low/AA2017_248.mp4
REC0234,AA2017_249,"St. Thomas, USVI",AA,Accuracy Assessment,2017-02-09,2017,18.22219502,-64.86437674,48.437,0,0,1,0,0,0,0,0,0,0,0,Pass,,https://nccospublicstor.blob.core.windows.net/biomapper/usviinsularshelf2017/videos/low/AA2017_249.mp4
REC0235,AA2017_250,"St. Thomas, USVI",AA,Accuracy Assessment,2017-02-09,2017,18.26110099,-64.86407798,34.521,0,0,1,1,0,0,1,1,0,0,0,Pass,,https://nccospublicstor.blob.core.windows.net/biomapper/usviinsularshelf2017/videos/low/AA2017_250.mp4
REC0236,AA2017_251,"St. Thomas, USVI",AA,Accuracy Assessment,2017-02-10,2017,18.19567701,-64.86360887,38.238,0,1,0,0,1,1,1,1,0,0,0,Pass,,https://nccospublicstor.blob.core.windows.net/biomapper/usviinsularshelf2017/videos/low/AA2017_251.mp4
REC0237,AA2017_252,"St. Thomas, USVI",AA,Accuracy Assessment,2017-02-10,2017,18.21199284,-64.86026431,41.962,1,0,0,1,1,0,1,1,0,0,0,Pass,,https://nccospublicstor.blob.core.windows.net/biomapper/usviinsularshelf2017/videos/low/AA2017_252.mp4
REC0238,AA2017_253,"St. Thomas, USVI",AA,Accuracy Assessment,2017-02-09,2017,18.27346688,-64.85445356,30.086,0,0,1,1,0,0,0,1,0,0,0,Pass,,https://nccospublicstor.blob.core.windows.net/biomapper/usviinsularshelf2017/videos/low/AA2017_253.mp4
REC0239,AA2017_254,"St. Thomas, USVI",AA,Accuracy Assessment,2017-02-09,2017,18.22786056,-64.85641169,43.707,0,0,1,0,0,0,1,1,0,0,0,Pass,,https://nccospublicstor.blob.core.windows.net/biomapper/usviinsularshelf2017/videos/low/AA2017_254.mp4
REC0240,AA2017_255,"St. Thomas, USVI",AA,Accuracy Assessment,2017-02-09,2017,18.25547476,-64.85630958,37.808,0,0,1,0,0,0,1,0,0,0,0,Pass,,https://nccospublicstor.blob.core.windows.net/biomapper/usviinsularshelf2017/videos/low/AA2017_255.mp4
REC0241,AA2017_256,"St. Thomas, USVI",AA,Accuracy Assessment,2017-02-09,2017,18.2219495,-64.85426716,48.592,0,0,1,0,0,0,0,0,0,0,0,Pass,,https://nccospublicstor.blob.core.windows.net/biomapper/usviinsularshelf2017/videos/low/AA2017_256.mp4
REC0242,AA2017_257,"St. Thomas, USVI",AA,Accuracy Assessment,2017-02-09,2017,18.25731424,-64.85087395,36.324,0,0,0,1,0,0,0,0,0,0,0,Pass,,https://nccospublicstor.blob.core.windows.net/biomapper/usviinsularshelf2017/videos/low/AA2017_257.mp4
REC0243,AA2017_258,"St. Thomas, USVI",AA,Accuracy Assessment,2017-02-09,2017,18.25341796,-64.84794827,38.894,0,0,1,0,0,0,1,1,0,0,0,Pass,,https://nccospublicstor.blob.core.windows.net/biomapper/usviinsularshelf2017/videos/low/AA2017_258.mp4
REC0244,AA2017_259,"St. Thomas, USVI",AA,Accuracy Assessment,2017-02-09,2017,18.24400435,-64.85544341,38.481,0,0,1,0,0,0,1,1,0,0,0,Pass,,https://nccospublicstor.blob.core.windows.net/biomapper/usviinsularshelf2017/videos/low/AA2017_259.mp4
REC0245,AA2017_260,"St. Thomas, USVI",AA,Accuracy Assessment,2017-02-09,2017,18.24424598,-64.84337427,40.777,0,0,1,0,0,0,1,1,0,0,0,Pass,,https://nccospublicstor.blob.core.windows.net/biomapper/usviinsularshelf2017/videos/low/AA2017_260.mp4
REC0246,AA2017_261,"St. Thomas, USVI",AA,Accuracy Assessment,2017-02-09,2017,18.22823079,-64.84398308,45.6,0,0,1,0,0,0,1,1,0,0,0,Pass,,https://nccospublicstor.blob.core.windows.net/biomapper/usviinsularshelf2017/videos/low/AA2017_261.mp4
REC0247,AA2017_262,"St. Thomas, USVI",AA,Accuracy Assessment,2017-02-09,2017,18.23372518,-64.84179611,45.38,0,0,1,0,0,0,1,1,0,0,0,Pass,,https://nccospublicstor.blob.core.windows.net/biomapper/usviinsularshelf2017/videos/low/AA2017_262.mp4
REC0248,AA2017_263,"St. Thomas, USVI",AA,Accuracy Assessment,2017-02-10,2017,18.21255473,-64.84139501,53.598,0,0,1,0,1,0,1,1,0,0,0,Pass,,https://nccospublicstor.blob.core.windows.net/biomapper/usviinsularshelf2017/videos/low/AA2017_263.mp4
REC0249,AA2017_264,"St. Thomas, USVI",AA,Accuracy Assessment,2017-02-06,2017,18.27586815,-64.83719734,23.259,1,0,0,0,1,1,1,0,0,0,0,Pass,,https://nccospublicstor.blob.core.windows.net/biomapper/usviinsularshelf2017/videos/low/AA2017_264.mp4
REC0250,AA2017_265,"St. Thomas, USVI",AA,Accuracy Assessment,2017-02-09,2017,18.25364929,-64.83703314,35.731,0,0,1,1,0,0,1,1,0,0,0,Pass,,https://nccospublicstor.blob.core.windows.net/biomapper/usviinsularshelf2017/videos/low/AA2017_265.mp4
REC0251,AA2017_266,"St. Thomas, USVI",AA,Accuracy Assessment,2017-02-10,2017,18.1998427,-64.83032454,56.572,0,1,1,0,1,0,1,1,0,0,0,Pass,,https://nccospublicstor.blob.core.windows.net/biomapper/usviinsularshelf2017/videos/low/AA2017_266.mp4
REC0252,AA2017_267,"St. Thomas, USVI",AA,Accuracy Assessment,2017-02-09,2017,18.21713287,-64.82952189,55.029,0,0,1,0,0,0,0,1,0,0,0,Pass,,https://nccospublicstor.blob.core.windows.net/biomapper/usviinsularshelf2017/videos/low/AA2017_267.mp4
REC0253,AA2017_268,"St. Thomas, USVI",AA,Accuracy Assessment,2017-02-06,2017,18.27372458,-64.82930301,34.105,0,0,1,0,0,0,1,1,0,0,0,Pass,,https://nccospublicstor.blob.core.windows.net/biomapper/usviinsularshelf2017/videos/low/AA2017_268.mp4
REC0254,AA2017_269,"St. Thomas, USVI",AA,Accuracy Assessment,2017-02-09,2017,18.22800095,-64.82797304,47.884,0,0,1,0,0,0,1,1,0,0,0,Pass,,https://nccospublicstor.blob.core.windows.net/biomapper/usviinsularshelf2017/videos/low/AA2017_269.mp4
REC0255,AA2017_270,"St. Thomas, USVI",AA,Accuracy Assessment,2017-02-06,2017,18.28649439,-64.8272413,28.675,0,0,1,0,0,0,1,1,0,0,0,Pass,,https://nccospublicstor.blob.core.windows.net/biomapper/usviinsularshelf2017/videos/low/AA2017_270.mp4
REC0256,AA2017_271,"St. Thomas, USVI",AA,Accuracy Assessment,2017-02-09,2017,18.22031022,-64.82177064,54.159,0,0,1,0,0,0,1,1,0,0,0,Pass,,https://nccospublicstor.blob.core.windows.net/biomapper/usviinsularshelf2017/videos/low/AA2017_271.mp4
REC0257,AA2017_272,"St. Thomas, USVI",AA,Accuracy Assessment,2017-02-09,2017,18.25204427,-64.82012723,29.699,1,0,0,1,1,0,1,1,0,0,0,Pass,,https://nccospublicstor.blob.core.windows.net/biomapper/usviinsularshelf2017/videos/low/AA2017_272.mp4
REC0258,AA2017_273,"St. Thomas, USVI",AA,Accuracy Assessment,2017-02-06,2017,18.26922163,-64.81949575,34.804,0,0,1,0,0,0,1,1,0,0,0,Pass,,https://nccospublicstor.blob.core.windows.net/biomapper/usviinsularshelf2017/videos/low/AA2017_273.mp4
REC0259,AA2017_274,"St. Thomas, USVI",AA,Accuracy Assessment,2017-02-09,2017,18.25628525,-64.81490506,36.048,1,0,0,0,1,1,1,1,0,0,0,Pass,,https://nccospublicstor.blob.core.windows.net/biomapper/usviinsularshelf2017/videos/low/AA2017_274.mp4
REC0260,AA2017_275,"St. Thomas, USVI",AA,Accuracy Assessment,2017-02-10,2017,18.2000781,-64.81320495,55.871,0,1,1,0,1,0,0,1,0,0,0,Pass,,https://nccospublicstor.blob.core.windows.net/biomapper/usviinsularshelf2017/videos/low/AA2017_275.mp4
REC0261,AA2017_277,"St. Thomas, USVI",AA,Accuracy Assessment,2017-02-10,2017,18.19292916,-64.81235308,52.948,0,1,1,0,1,0,0,1,0,0,0,Pass,,https://nccospublicstor.blob.core.windows.net/biomapper/usviinsularshelf2017/videos/low/AA2017_277.mp4
REC0262,AA2017_278,"St. Thomas, USVI",AA,Accuracy Assessment,2017-02-06,2017,18.29019238,-64.8129217,26.071,0,0,1,0,0,0,1,1,0,0,0,Pass,,https://nccospublicstor.blob.core.windows.net/biomapper/usviinsularshelf2017/videos/low/AA2017_278.mp4
REC0263,AA2017_279,"St. Thomas, USVI",AA,Accuracy Assessment,2017-02-09,2017,18.25372513,-64.81223381,42.752,0,0,1,0,0,0,1,1,0,0,0,Pass,,https://nccospublicstor.blob.core.windows.net/biomapper/usviinsularshelf2017/videos/low/AA2017_279.mp4
REC0264,AA2017_280,"St. John, USVI",AA,Accuracy Assessment,2017-02-09,2017,18.25886468,-64.8090015,39.701,0,0,1,0,0,0,1,1,0,0,0,Pass,,https://nccospublicstor.blob.core.windows.net/biomapper/usviinsularshelf2017/videos/low/AA2017_280.mp4
REC0265,AA2017_281,"St. John, USVI",AA,Accuracy Assessment,2017-02-06,2017,18.27411192,-64.80965509,34.673,0,0,1,0,0,0,1,1,0,0,0,Pass,,https://nccospublicstor.blob.core.windows.net/biomapper/usviinsularshelf2017/videos/low/AA2017_281.mp4
REC0266,AA2017_282,"St. John, USVI",AA,Accuracy Assessment,2017-02-09,2017,18.24002346,-64.80793504,47.394,0,0,1,0,0,0,1,0,0,0,0,Pass,,https://nccospublicstor.blob.core.windows.net/biomapper/usviinsularshelf2017/videos/low/AA2017_282.mp4
REC0267,AA2017_283,"St. John, USVI",AA,Accuracy Assessment,2017-02-06,2017,18.28000122,-64.80776526,32.581,0,0,1,0,0,0,1,1,0,0,0,Pass,,https://nccospublicstor.blob.core.windows.net/biomapper/usviinsularshelf2017/videos/low/AA2017_283.mp4
REC0268,AA2017_284,"St. John, USVI",AA,Accuracy Assessment,2017-02-09,2017,18.24948539,-64.80581532,43.228,0,0,1,1,0,0,1,0,0,0,0,Pass,,https://nccospublicstor.blob.core.windows.net/biomapper/usviinsularshelf2017/videos/low/AA2017_284.mp4
REC0269,AA2017_285,"St. John, USVI",AA,Accuracy Assessment,2017-02-10,2017,18.19501266,-64.80379451,58.214,0,1,1,0,1,0,0,1,0,0,0,Pass,,https://nccospublicstor.blob.core.windows.net/biomapper/usviinsularshelf2017/videos/low/AA2017_285.mp4
REC0270,AA2017_286,"St. John, USVI",AA,Accuracy Assessment,2017-02-09,2017,18.26206531,-64.80316043,28.817,0,1,0,0,1,0,1,1,0,0,0,Pass,,https://nccospublicstor.blob.core.windows.net/biomapper/usviinsularshelf2017/videos/low/AA2017_286.mp4
REC0271,AA2017_287,"St. John, USVI",AA,Accuracy Assessment,2017-02-09,2017,18.21888757,-64.79980516,52.319,0,1,1,0,1,0,1,1,0,0,0,Pass,,https://nccospublicstor.blob.core.windows.net/biomapper/usviinsularshelf2017/videos/low/AA2017_287.mp4
REC0272,AA2017_288,"St. John, USVI",AA,Accuracy Assessment,2017-02-09,2017,18.24479041,-64.80013457,47.062,0,0,1,1,0,0,0,0,0,0,0,Pass,,https://nccospublicstor.blob.core.windows.net/biomapper/usviinsularshelf2017/videos/low/AA2017_288.mp4
REC0273,AA2017_289,"St. John, USVI",AA,Accuracy Assessment,2017-02-06,2017,18.29216364,-64.79392442,30.184,0,0,1,0,0,0,0,1,0,0,0,Pass,,https://nccospublicstor.blob.core.windows.net/biomapper/usviinsularshelf2017/videos/low/AA2017_289.mp4
REC0274,AA2017_290,"St. John, USVI",AA,Accuracy Assessment,2017-02-10,2017,18.20589837,-64.79206102,54.742,0,1,1,0,1,0,0,1,0,0,0,Pass,,https://nccospublicstor.blob.core.windows.net/biomapper/usviinsularshelf2017/videos/low/AA2017_290.mp4
REC0275,AA2017_291,"St. John, USVI",AA,Accuracy Assessment,2017-02-09,2017,18.22775666,-64.79139972,54.989,0,0,1,0,0,0,0,1,0,0,0,Pass,,https://nccospublicstor.blob.core.windows.net/biomapper/usviinsularshelf2017/videos/low/AA2017_291.mp4
REC0276,AA2017_292,"St. John, USVI",AA,Accuracy Assessment,2017-02-06,2017,18.26494916,-64.78663218,42.212,0,0,1,0,0,0,1,0,0,0,0,Pass,,https://nccospublicstor.blob.core.windows.net/biomapper/usviinsularshelf2017/videos/low/AA2017_292.mp4
REC0277,AA2017_293,"St. John, USVI",AA,Accuracy Assessment,2017-02-05,2017,18.29456502,-64.78494665,27.902,0,0,1,0,0,0,0,1,0,0,0,Pass,,https://nccospublicstor.blob.core.windows.net/biomapper/usviinsularshelf2017/videos/low/AA2017_293.mp4
REC0278,AA2017_294,"St. John, USVI",AA,Accuracy Assessment,2017-02-05,2017,18.19726021,-64.78408458,56.743,0,0,1,0,0,0,0,1,0,0,0,Pass,,https://nccospublicstor.blob.core.windows.net/biomapper/usviinsularshelf2017/videos/low/AA2017_294.mp4
REC0279,AA2017_295,"St. John, USVI",AA,Accuracy Assessment,2017-02-05,2017,18.18367871,-64.78095945,45.566,0,1,0,0,1,0,0,1,0,0,0,Pass,,https://nccospublicstor.blob.core.windows.net/biomapper/usviinsularshelf2017/videos/low/AA2017_295.mp4
REC0280,AA2017_296,"St. John, USVI",AA,Accuracy Assessment,2017-02-06,2017,18.24554521,-64.78075431,46.589,0,0,1,0,0,0,1,1,0,0,0,Pass,,https://nccospublicstor.blob.core.windows.net/biomapper/usviinsularshelf2017/videos/low/AA2017_296.mp4
REC0281,AA2017_297,"St. John, USVI",AA,Accuracy Assessment,2017-02-06,2017,18.2361569,-64.77894186,50.067,0,0,1,0,0,0,0,1,0,0,0,Pass,,https://nccospublicstor.blob.core.windows.net/biomapper/usviinsularshelf2017/videos/low/AA2017_297.mp4
REC0282,AA2017_298,"St. John, USVI",AA,Accuracy Assessment,2017-02-06,2017,18.27515265,-64.77885871,34.453,0,0,1,1,0,0,1,0,0,0,0,Pass,,https://nccospublicstor.blob.core.windows.net/biomapper/usviinsularshelf2017/videos/low/AA2017_298.mp4
REC0283,AA2017_299,"St. John, USVI",AA,Accuracy Assessment,2017-02-06,2017,18.26405328,-64.77730895,43.992,0,0,1,0,0,0,1,0,0,0,0,Pass,,https://nccospublicstor.blob.core.windows.net/biomapper/usviinsularshelf2017/videos/low/AA2017_299.mp4
REC0284,AA2017_300,"St. John, USVI",AA,Accuracy Assessment,2017-02-06,2017,18.25712833,-64.77742764,45.09,0,0,1,0,0,0,0,1,0,0,0,Pass,,https://nccospublicstor.blob.core.windows.net/biomapper/usviinsularshelf2017/videos/low/AA2017_300.mp4
REC0285,AA2017_301,"St. John, USVI",AA,Accuracy Assessment,2017-02-05,2017,18.20126264,-64.77493215,56.477,0,0,1,0,0,0,1,0,0,0,0,Pass,,https://nccospublicstor.blob.core.windows.net/biomapper/usviinsularshelf2017/videos/low/AA2017_301.mp4
REC0286,AA2017_302,"St. John, USVI",AA,Accuracy Assessment,2017-02-06,2017,18.22517798,-64.77404449,55.046,0,0,1,0,0,0,0,0,0,0,0,Pass,,https://nccospublicstor.blob.core.windows.net/biomapper/usviinsularshelf2017/videos/low/AA2017_302.mp4
REC0287,AA2017_303,"St. John, USVI",AA,Accuracy Assessment,2017-02-06,2017,18.28265652,-64.77340458,34.625,0,0,0,1,0,0,0,0,0,0,0,Pass,,https://nccospublicstor.blob.core.windows.net/biomapper/usviinsularshelf2017/videos/low/AA2017_303.mp4
REC0288,AA2017_304,"St. John, USVI",AA,Accuracy Assessment,2017-02-05,2017,18.29386341,-64.77170851,31.239,0,0,0,1,0,0,0,0,0,0,0,Pass,,https://nccospublicstor.blob.core.windows.net/biomapper/usviinsularshelf2017/videos/low/AA2017_304.mp4
REC0289,AA2017_305,"St. John, USVI",AA,Accuracy Assessment,2017-02-05,2017,18.29972909,-64.77080136,27.959,0,0,1,1,0,0,0,1,0,0,0,Pass,,https://nccospublicstor.blob.core.windows.net/biomapper/usviinsularshelf2017/videos/low/AA2017_305.mp4
REC0290,AA2017_306,"St. John, USVI",AA,Accuracy Assessment,2017-02-06,2017,18.22127716,-64.76850721,54.518,0,0,1,0,0,0,1,0,0,0,0,Pass,,https://nccospublicstor.blob.core.windows.net/biomapper/usviinsularshelf2017/videos/low/AA2017_306.mp4
REC0291,AA2017_309,"St. John, USVI",AA,Accuracy Assessment,2017-02-05,2017,18.2001207,-64.76386372,56.052,0,1,1,0,1,0,0,1,0,0,0,Pass,,https://nccospublicstor.blob.core.windows.net/biomapper/usviinsularshelf2017/videos/low/AA2017_309.mp4
REC0292,AA2017_310,"St. John, USVI",AA,Accuracy Assessment,2017-02-06,2017,18.22978152,-64.76216777,52.508,0,0,1,0,0,0,0,0,0,0,0,Pass,,https://nccospublicstor.blob.core.windows.net/biomapper/usviinsularshelf2017/videos/low/AA2017_310.mp4
REC0293,AA2017_311,"St. John, USVI",AA,Accuracy Assessment,2017-02-05,2017,18.21221944,-64.76035254,51.919,0,1,1,0,1,0,0,1,0,0,0,Pass,,https://nccospublicstor.blob.core.windows.net/biomapper/usviinsularshelf2017/videos/low/AA2017_311.mp4
REC0294,AA2017_312,"St. John, USVI",AA,Accuracy Assessment,2017-02-06,2017,18.22568679,-64.76055145,53.723,0,0,1,0,0,0,0,1,0,0,0,Pass,,https://nccospublicstor.blob.core.windows.net/biomapper/usviinsularshelf2017/videos/low/AA2017_312.mp4
REC0295,AA2017_314,"St. John, USVI",AA,Accuracy Assessment,2017-02-06,2017,18.2703032,-64.75942217,42.255,0,0,1,0,0,0,0,0,0,0,0,Pass,,https://nccospublicstor.blob.core.windows.net/biomapper/usviinsularshelf2017/videos/low/AA2017_314.mp4
REC0296,AA2017_315,"St. John, USVI",AA,Accuracy Assessment,2017-02-06,2017,18.23832782,-64.75870764,40.237,1,0,0,0,1,0,1,0,0,0,0,Pass,,https://nccospublicstor.blob.core.windows.net/biomapper/usviinsularshelf2017/videos/low/AA2017_315.mp4
REC0297,AA2017_316,"St. John, USVI",AA,Accuracy Assessment,2017-02-05,2017,18.2026488,-64.756296,53.688,0,1,1,0,1,0,0,1,0,0,0,Pass,,https://nccospublicstor.blob.core.windows.net/biomapper/usviinsularshelf2017/videos/low/AA2017_316.mp4
REC0298,AA2017_317,"St. John, USVI",AA,Accuracy Assessment,2017-02-05,2017,18.29232827,-64.75472312,32.293,0,0,0,1,0,0,0,0,0,0,0,Pass,,https://nccospublicstor.blob.core.windows.net/biomapper/usviinsularshelf2017/videos/low/AA2017_317.mp4
REC0299,AA2017_318,"St. John, USVI",AA,Accuracy Assessment,2017-02-06,2017,18.27697688,-64.75267291,32.735,0,0,1,1,0,0,0,1,0,0,0,Pass,,https://nccospublicstor.blob.core.windows.net/biomapper/usviinsularshelf2017/videos/low/AA2017_318.mp4
REC0300,AA2017_319,"St. John, USVI",AA,Accuracy Assessment,2017-02-05,2017,18.29698737,-64.75224076,29.823,0,0,1,1,0,0,1,1,0,0,0,Pass,,https://nccospublicstor.blob.core.windows.net/biomapper/usviinsularshelf2017/videos/low/AA2017_319.mp4
REC0301,AA2017_320,"St. John, USVI",AA,Accuracy Assessment,2017-02-06,2017,18.26981396,-64.7516109,42.318,0,0,0,1,0,0,0,0,0,0,0,Pass,,https://nccospublicstor.blob.core.windows.net/biomapper/usviinsularshelf2017/videos/low/AA2017_320.mp4
REC0302,AA2017_321,"St. John, USVI",AA,Accuracy Assessment,2017-02-06,2017,18.25634315,-64.75089037,45.209,0,0,1,1,0,0,1,0,0,0,0,Pass,,https://nccospublicstor.blob.core.windows.net/biomapper/usviinsularshelf2017/videos/low/AA2017_321.mp4
REC0303,AA2017_322,"St. John, USVI",AA,Accuracy Assessment,2017-02-05,2017,18.31072573,-64.74946859,22.364,0,0,1,0,0,0,0,1,1,0,0,Pass,,https://nccospublicstor.blob.core.windows.net/biomapper/usviinsularshelf2017/videos/low/AA2017_322.mp4
REC0304,AA2017_323,"St. John, USVI",AA,Accuracy Assessment,2017-02-05,2017,18.21233598,-64.74816369,53.887,0,1,1,0,0,0,0,1,0,0,0,Pass,,https://nccospublicstor.blob.core.windows.net/biomapper/usviinsularshelf2017/videos/low/AA2017_323.mp4
REC0305,AA2017_324,"St. John, USVI",AA,Accuracy Assessment,2017-02-05,2017,18.30164187,-64.74750239,27.927,0,0,0,1,0,0,0,1,1,0,0,Pass,,https://nccospublicstor.blob.core.windows.net/biomapper/usviinsularshelf2017/videos/low/AA2017_324.mp4
REC0306,AA2017_325,"St. John, USVI",AA,Accuracy Assessment,2017-02-05,2017,18.284528,-64.7438302,30.24,0,1,0,1,0,1,0,1,0,0,0,Pass,,https://nccospublicstor.blob.core.windows.net/biomapper/usviinsularshelf2017/videos/low/AA2017_325.mp4
REC0307,AA2017_326,"St. John, USVI",AA,Accuracy Assessment,2017-02-05,2017,18.199724,-64.74252861,54.612,0,1,1,0,1,0,0,1,0,0,0,Pass,,https://nccospublicstor.blob.core.windows.net/biomapper/usviinsularshelf2017/videos/low/AA2017_326.mp4
REC0308,AA2017_327,"St. John, USVI",AA,Accuracy Assessment,2017-02-06,2017,18.25527636,-64.7423448,47.132,0,0,1,0,0,0,1,1,0,0,0,Pass,,https://nccospublicstor.blob.core.windows.net/biomapper/usviinsularshelf2017/videos/low/AA2017_327.mp4
REC0309,AA2017_328,"St. John, USVI",AA,Accuracy Assessment,2017-02-06,2017,18.2216418,-64.74053749,52.334,0,0,1,0,1,0,0,1,0,0,0,Pass,,https://nccospublicstor.blob.core.windows.net/biomapper/usviinsularshelf2017/videos/low/AA2017_328.mp4
REC0310,AA2017_329,"St. John, USVI",AA,Accuracy Assessment,2017-02-05,2017,18.19733247,-64.73429586,28.8,0,1,0,0,1,1,0,1,0,0,0,Pass,,https://nccospublicstor.blob.core.windows.net/biomapper/usviinsularshelf2017/videos/low/AA2017_329.mp4
REC0311,AA2017_330,"St. John, USVI",AA,Accuracy Assessment,2017-02-06,2017,18.26377964,-64.73363552,47.695,0,0,1,0,0,0,0,1,0,0,0,Pass,,https://nccospublicstor.blob.core.windows.net/biomapper/usviinsularshelf2017/videos/low/AA2017_330.mp4
REC0312,AA2017_331,"St. John, USVI",AA,Accuracy Assessment,2017-02-06,2017,18.23087902,-64.73345425,53.033,0,1,1,0,1,0,0,1,0,0,0,Pass,,https://nccospublicstor.blob.core.windows.net/biomapper/usviinsularshelf2017/videos/low/AA2017_331.mp4
REC0313,AA2017_332,"St. John, USVI",AA,Accuracy Assessment,2017-02-06,2017,18.27667201,-64.72948019,37.002,0,0,1,0,0,0,1,0,0,0,0,Pass,,https://nccospublicstor.blob.core.windows.net/biomapper/usviinsularshelf2017/videos/low/AA2017_332.mp4
REC0314,AA2017_333,"St. John, USVI",AA,Accuracy Assessment,2017-02-06,2017,18.25047119,-64.72967799,48.226,0,0,1,0,0,0,0,1,0,0,0,Pass,,https://nccospublicstor.blob.core.windows.net/biomapper/usviinsularshelf2017/videos/low/AA2017_333.mp4
REC0315,AA2017_334,"St. John, USVI",AA,Accuracy Assessment,2017-02-05,2017,18.29663297,-64.72826274,29.6,0,0,0,1,0,0,1,0,0,0,0,Pass,,https://nccospublicstor.blob.core.windows.net/biomapper/usviinsularshelf2017/videos/low/AA2017_334.mp4
REC0316,AA2017_335,"St. John, USVI",AA,Accuracy Assessment,2017-02-05,2017,18.2918802,-64.72595345,31.968,0,0,1,0,0,0,1,1,0,0,0,Pass,,https://nccospublicstor.blob.core.windows.net/biomapper/usviinsularshelf2017/videos/low/AA2017_335.mp4
REC0317,AA2017_336,"St. John, USVI",AA,Accuracy Assessment,2017-02-06,2017,18.21776592,-64.72518348,52.645,0,1,1,0,0,0,0,1,0,0,0,Pass,,https://nccospublicstor.blob.core.windows.net/biomapper/usviinsularshelf2017/videos/low/AA2017_336.mp4
REC0318,AA2017_337,"St. John, USVI",AA,Accuracy Assessment,2017-02-06,2017,18.26454924,-64.72483174,47.867,0,0,1,0,0,0,0,1,0,0,0,Pass,,https://nccospublicstor.blob.core.windows.net/biomapper/usviinsularshelf2017/videos/low/AA2017_337.mp4
REC0319,AA2017_338,"St. John, USVI",AA,Accuracy Assessment,2017-02-06,2017,18.25127496,-64.72450383,48.391,0,0,0,1,0,0,0,0,0,0,0,Pass,,https://nccospublicstor.blob.core.windows.net/biomapper/usviinsularshelf2017/videos/low/AA2017_338.mp4
REC0320,AA2017_339,"St. John, USVI",AA,Accuracy Assessment,2017-02-06,2017,18.22816476,-64.72272291,54.056,0,1,1,0,1,0,0,1,0,0,0,Pass,,https://nccospublicstor.blob.core.windows.net/biomapper/usviinsularshelf2017/videos/low/AA2017_339.mp4
REC0321,AA2017_340,"St. John, USVI",AA,Accuracy Assessment,2017-02-05,2017,18.20906318,-64.72135955,53.367,0,0,1,0,0,0,0,1,0,0,0,Pass,,https://nccospublicstor.blob.core.windows.net/biomapper/usviinsularshelf2017/videos/low/AA2017_340.mp4
REC0322,AA2017_341,"St. John, USVI",AA,Accuracy Assessment,2017-02-05,2017,18.21269931,-64.72091219,56.913,0,1,1,0,1,0,0,1,0,0,0,Pass,,https://nccospublicstor.blob.core.windows.net/biomapper/usviinsularshelf2017/videos/low/AA2017_341.mp4
REC0323,AA2017_342,"St. John, USVI",AA,Accuracy Assessment,2017-02-06,2017,18.26985142,-64.7208459,33.896,0,1,0,0,1,0,1,1,0,0,0,Pass,,https://nccospublicstor.blob.core.windows.net/biomapper/usviinsularshelf2017/videos/low/AA2017_342.mp4
REC0324,AA2017_343,"St. John, USVI",AA,Accuracy Assessment,2017-02-05,2017,18.30367288,-64.71996531,22.771,0,0,0,1,0,0,0,1,1,0,0,Pass,,https://nccospublicstor.blob.core.windows.net/biomapper/usviinsularshelf2017/videos/low/AA2017_343.mp4
REC0325,AA2017_344,"St. John, USVI",AA,Accuracy Assessment,2017-02-06,2017,18.28100312,-64.71783244,36.968,0,0,1,0,0,0,1,0,0,0,0,Pass,,https://nccospublicstor.blob.core.windows.net/biomapper/usviinsularshelf2017/videos/low/AA2017_344.mp4
REC0326,AA2017_345,"St. John, USVI",AA,Accuracy Assessment,2017-02-05,2017,18.22178403,-64.71556042,51.884,0,0,1,0,0,0,0,0,0,0,0,Pass,,https://nccospublicstor.blob.core.windows.net/biomapper/usviinsularshelf2017/videos/low/AA2017_345.mp4
REC0327,AA2017_346,"St. John, USVI",AA,Accuracy Assessment,2017-02-05,2017,18.23557732,-64.71257138,51.695,0,0,1,0,0,0,0,1,0,0,0,Pass,,https://nccospublicstor.blob.core.windows.net/biomapper/usviinsularshelf2017/videos/low/AA2017_346.mp4
REC0328,AA2017_347,"St. John, USVI",AA,Accuracy Assessment,2017-02-05,2017,18.29141653,-64.71169685,32.195,0,0,1,0,0,0,1,1,0,0,0,Pass,,https://nccospublicstor.blob.core.windows.net/biomapper/usviinsularshelf2017/videos/low/AA2017_347.mp4
REC0329,AA2017_348,"St. John, USVI",AA,Accuracy Assessment,2017-02-05,2017,18.29466267,-64.71067398,28.493,0,0,1,0,0,0,1,1,0,0,0,Pass,,https://nccospublicstor.blob.core.windows.net/biomapper/usviinsularshelf2017/videos/low/AA2017_348.mp4
REC0330,AA2017_349,"St. John, USVI",AA,Accuracy Assessment,2017-02-05,2017,18.24748011,-64.70605074,48.521,0,1,1,0,1,0,1,1,0,0,0,Pass,,https://nccospublicstor.blob.core.windows.net/biomapper/usviinsularshelf2017/videos/low/AA2017_349.mp4
REC0331,AA2017_350,"St. John, USVI",AA,Accuracy Assessment,2017-02-05,2017,18.29006523,-64.70547871,32.724,0,0,1,0,0,0,1,1,0,0,0,Pass,,https://nccospublicstor.blob.core.windows.net/biomapper/usviinsularshelf2017/videos/low/AA2017_350.mp4
REC0332,AA2017_352,"St. John, USVI",AA,Accuracy Assessment,2017-02-05,2017,18.21380375,-64.70101916,55.026,0,1,1,0,1,0,0,1,0,0,0,Pass,,https://nccospublicstor.blob.core.windows.net/biomapper/usviinsularshelf2017/videos/low/AA2017_352.mp4
REC0333,AA2017_353,"St. John, USVI",AA,Accuracy Assessment,2017-02-05,2017,18.25868944,-64.70048342,47.479,0,0,1,0,0,0,0,0,0,0,0,Pass,,https://nccospublicstor.blob.core.windows.net/biomapper/usviinsularshelf2017/videos/low/AA2017_353.mp4
REC0334,AA2017_354,"St. John, USVI",AA,Accuracy Assessment,2017-02-05,2017,18.28832253,-64.69957004,33.226,0,0,1,0,0,0,1,1,0,0,0,Pass,,https://nccospublicstor.blob.core.windows.net/biomapper/usviinsularshelf2017/videos/low/AA2017_354.mp4
REC0335,AA2017_355,"St. John, USVI",AA,Accuracy Assessment,2017-02-05,2017,18.27285988,-64.69705218,45.672,0,0,1,0,0,0,0,0,0,0,0,Pass,,https://nccospublicstor.blob.core.windows.net/biomapper/usviinsularshelf2017/videos/low/AA2017_355.mp4
REC0336,AA2017_356,"St. John, USVI",AA,Accuracy Assessment,2017-02-05,2017,18.29628012,-64.69686537,27.734,0,1,0,0,1,0,1,1,0,0,0,Pass,,https://nccospublicstor.blob.core.windows.net/biomapper/usviinsularshelf2017/videos/low/AA2017_356.mp4
REC0337,AA2017_357,"St. John, USVI",AA,Accuracy Assessment,2017-02-05,2017,18.22667177,-64.69250339,51.162,0,1,1,0,1,0,0,0,0,0,0,Pass,,https://nccospublicstor.blob.core.windows.net/biomapper/usviinsularshelf2017/videos/low/AA2017_357.mp4
REC0338,AA2017_359,"St. John, USVI",AA,Accuracy Assessment,2017-02-05,2017,18.25546065,-64.68779613,48.135,0,0,1,0,0,0,0,0,0,0,0,Pass,,https://nccospublicstor.blob.core.windows.net/biomapper/usviinsularshelf2017/videos/low/AA2017_359.mp4
REC0339,AA2017_361,"St. John, USVI",AA,Accuracy Assessment,2017-02-05,2017,18.24720772,-64.683627,42.092,1,0,0,1,1,0,1,1,0,0,0,Pass,,https://nccospublicstor.blob.core.windows.net/biomapper/usviinsularshelf2017/videos/low/AA2017_361.mp4
REC0340,AA2017_363,"St. John, USVI",AA,Accuracy Assessment,2017-02-05,2017,18.29164468,-64.68024344,32.592,0,0,1,1,0,0,1,1,0,0,0,Pass,,https://nccospublicstor.blob.core.windows.net/biomapper/usviinsularshelf2017/videos/low/AA2017_363.mp4
REC0341,AA2017_364,"St. John, USVI",AA,Accuracy Assessment,2017-02-05,2017,18.28390863,-64.67745905,38.592,0,0,1,0,0,0,1,1,0,0,0,Pass,,https://nccospublicstor.blob.core.windows.net/biomapper/usviinsularshelf2017/videos/low/AA2017_364.mp4
REC0342,AA2017_366,"St. John, USVI",AA,Accuracy Assessment,2017-02-05,2017,18.27032868,-64.67424372,43.832,0,0,1,0,0,0,0,1,0,0,0,Pass,,https://nccospublicstor.blob.core.windows.net/biomapper/usviinsularshelf2017/videos/low/AA2017_366.mp4
REC0343,AA2017_367,"St. John, USVI",AA,Accuracy Assessment,2017-02-05,2017,18.28513842,-64.67208278,36.27,0,0,1,1,0,0,0,0,0,0,0,Pass,,https://nccospublicstor.blob.core.windows.net/biomapper/usviinsularshelf2017/videos/low/AA2017_367.mp4
REC0344,AA2017_368,"St. John, USVI",AA,Accuracy Assessment,2017-02-05,2017,18.2684178,-64.67126447,44.112,0,0,1,0,0,0,1,1,0,0,0,Pass,,https://nccospublicstor.blob.core.windows.net/biomapper/usviinsularshelf2017/videos/low/AA2017_368.mp4
REC0345,AA2017_369,"St. John, USVI",AA,Accuracy Assessment,2017-02-05,2017,18.27591152,-64.67215402,43.875,0,0,1,0,0,0,1,0,0,0,0,Pass,,https://nccospublicstor.blob.core.windows.net/biomapper/usviinsularshelf2017/videos/low/AA2017_369.mp4
REC0346,AA2017_370,"St. John, USVI",AA,Accuracy Assessment,2017-02-05,2017,18.29030917,-64.67022612,32.025,0,0,0,1,0,0,0,0,0,0,0,Pass,,https://nccospublicstor.blob.core.windows.net/biomapper/usviinsularshelf2017/videos/low/AA2017_370.mp4
REC0347,AA2017_373,"St. John, USVI",AA,Accuracy Assessment,2017-02-05,2017,18.28835796,-64.6630196,35.431,0,0,1,1,0,0,1,1,0,0,0,Pass,,https://nccospublicstor.blob.core.windows.net/biomapper/usviinsularshelf2017/videos/low/AA2017_373.mp4
REC0348,AA2017_950,"St. Thomas, USVI",AA,Accuracy Assessment,2017-02-04,2017,18.18896052,-64.95982451,43.592,1,0,0,1,1,1,1,1,0,0,0,Pass,,https://nccospublicstor.blob.core.windows.net/biomapper/usviinsularshelf2017/videos/low/AA2017_950.mp4
REC0349,GV2010_003,Puerto Rico,GV,Ground Validation,2010-03-21,2010,18.16352465,-65.25917381,28.655,0,0,1,0,1,0,1,1,0,0,0,Pass,,https://nccospublicstor.blob.core.windows.net/biomapper/usviinsularshelf2017/videos/low/GV2010_003.mp4
REC0350,GV2010_004,Puerto Rico,GV,Ground Validation,2010-03-21,2010,18.15104315,-65.25681088,23.79,0,1,0,0,1,1,1,1,0,0,0,Pass,,https://nccospublicstor.blob.core.windows.net/biomapper/usviinsularshelf2017/videos/low/GV2010_004.mp4
REC0351,GV2010_005,Puerto Rico,GV,Ground Validation,2010-03-21,2010,18.13829983,-65.25664266,33.004,0,0,1,0,0,0,1,1,0,0,0,Pass,,https://nccospublicstor.blob.core.windows.net/biomapper/usviinsularshelf2017/videos/low/GV2010_005.mp4
REC0352,GV2010_009,Puerto Rico,GV,Ground Validation,2010-03-21,2010,18.17165412,-65.24221245,31.903,0,0,1,0,0,0,1,1,0,0,0,Pass,,https://nccospublicstor.blob.core.windows.net/biomapper/usviinsularshelf2017/videos/low/GV2010_009.mp4
REC0353,GV2010_010,Puerto Rico,GV,Ground Validation,2010-03-21,2010,18.1752989,-65.2428473,33.044,1,0,0,1,1,0,1,1,0,0,0,Pass,,https://nccospublicstor.blob.core.windows.net/biomapper/usviinsularshelf2017/videos/low/GV2010_010.mp4
REC0354,GV2010_033,Puerto Rico,GV,Ground Validation,2010-03-21,2010,18.14725437,-65.25699605,26.64,0,1,0,0,1,0,1,1,0,0,0,Pass,,https://nccospublicstor.blob.core.windows.net/biomapper/usviinsularshelf2017/videos/low/GV2010_033.mp4
REC0355,GV2010_034,Puerto Rico,GV,Ground Validation,2010-03-21,2010,18.14634556,-65.25791038,25.031,0,1,0,0,1,0,1,1,0,0,0,Pass,,https://nccospublicstor.blob.core.windows.net/biomapper/usviinsularshelf2017/videos/low/GV2010_034.mp4
REC0356,GV2010_039,Puerto Rico,GV,Ground Validation,2010-03-21,2010,18.17238565,-65.25143859,29.66,0,0,1,0,1,0,1,1,0,0,0,Pass,,https://nccospublicstor.blob.core.windows.net/biomapper/usviinsularshelf2017/videos/low/GV2010_039.mp4
REC0357,GV2010_040,Puerto Rico,GV,Ground Validation,2010-03-21,2010,18.1445337,-65.24881528,32.825,0,0,1,0,1,0,1,1,0,0,0,Pass,,https://nccospublicstor.blob.core.windows.net/biomapper/usviinsularshelf2017/videos/low/GV2010_040.mp4
REC0358,GV2010_044,Puerto Rico,GV,Ground Validation,2010-03-21,2010,18.15868916,-65.24995219,30.442,0,1,0,0,1,0,1,1,0,0,0,Pass,,https://nccospublicstor.blob.core.windows.net/biomapper/usviinsularshelf2017/videos/low/GV2010_044.mp4
REC0359,GV2010_045,Puerto Rico,GV,Ground Validation,2010-03-21,2010,18.17951382,-65.25035237,29.818,0,0,1,0,0,0,1,1,0,0,0,Pass,,https://nccospublicstor.blob.core.windows.net/biomapper/usviinsularshelf2017/videos/low/GV2010_045.mp4
REC0360,GV2010_073,"St. Thomas, USVI",GV,Ground Validation,2010-03-20,2010,18.25626955,-65.04044426,34.699,0,0,1,1,0,0,1,1,0,0,0,Pass,,https://nccospublicstor.blob.core.windows.net/biomapper/usviinsularshelf2017/videos/low/GV2010_073.mp4
REC0361,GV2010_094,"St. Thomas, USVI",GV,Ground Validation,2010-03-20,2010,18.25628349,-65.05641357,35.089,0,0,1,1,0,0,1,1,0,0,0,Pass,,https://nccospublicstor.blob.core.windows.net/biomapper/usviinsularshelf2017/videos/low/GV2010_094.mp4
REC0362,GV2010_271,Puerto Rico,GV,Ground Validation,2010-03-21,2010,18.17935368,-65.25168427,26.078,0,1,0,0,1,0,1,1,0,0,0,Pass,,https://nccospublicstor.blob.core.windows.net/biomapper/usviinsularshelf2017/videos/low/GV2010_271.mp4
REC0363,GV2010_272,Puerto Rico,GV,Ground Validation,2010-03-21,2010,18.17894474,-65.25985419,29.639,0,0,1,0,0,0,1,1,0,0,0,Pass,,https://nccospublicstor.blob.core.windows.net/biomapper/usviinsularshelf2017/videos/low/GV2010_272.mp4
REC0364,GV2010_280,Puerto Rico,GV,Ground Validation,2010-03-21,2010,18.1526825,-65.21615165,39.924,1,0,0,0,1,0,1,1,0,0,0,Pass,,https://nccospublicstor.blob.core.windows.net/biomapper/usviinsularshelf2017/videos/low/GV2010_280.mp4
REC0365,GV2010_281,Puerto Rico,GV,Ground Validation,2010-03-21,2010,18.15156838,-65.22678486,37.934,0,0,0,1,0,0,0,0,0,0,0,Pass,,https://nccospublicstor.blob.core.windows.net/biomapper/usviinsularshelf2017/videos/low/GV2010_281.mp4
REC0366,GV2010_282,Puerto Rico,GV,Ground Validation,2010-03-21,2010,18.14990506,-65.22227442,39.483,0,0,1,0,0,0,1,1,0,0,0,Pass,,https://nccospublicstor.blob.core.windows.net/biomapper/usviinsularshelf2017/videos/low/GV2010_282.mp4
REC0367,GV2010_283,Puerto Rico,GV,Ground Validation,2010-03-21,2010,18.14802361,-65.214882,37.042,1,0,0,0,1,0,1,1,0,0,0,Pass,,https://nccospublicstor.blob.core.windows.net/biomapper/usviinsularshelf2017/videos/low/GV2010_283.mp4
REC0368,GV2010_323,Puerto Rico,GV,Ground Validation,2010-03-21,2010,18.16493091,-65.20528644,34.353,1,0,0,0,1,0,1,1,0,0,0,Pass,,https://nccospublicstor.blob.core.windows.net/biomapper/usviinsularshelf2017/videos/low/GV2010_323.mp4
REC0369,GV2010_324_1,Puerto Rico,GV,Ground Validation,2010-03-25,2010,18.22630949,-65.17581746,35.075,1,0,0,0,1,1,1,1,0,0,0,Pass,,https://nccospublicstor.blob.core.windows.net/biomapper/usviinsularshelf2017/videos/low/GV2010_324_1.mp4
REC0370,GV2010_324_2,"St. John, USVI",GV,Ground Validation,2010-04-02,2010,18.19602543,-64.76391229,56.376,0,0,1,0,1,0,1,1,0,0,0,Pass,,https://nccospublicstor.blob.core.windows.net/biomapper/usviinsularshelf2017/videos/low/GV2010_324_2.mp4
REC0371,GV2010_325,Puerto Rico,GV,Ground Validation,2010-03-25,2010,18.22408418,-65.17808535,36.147,1,0,0,0,1,1,1,1,0,0,0,Pass,,https://nccospublicstor.blob.core.windows.net/biomapper/usviinsularshelf2017/videos/low/GV2010_325.mp4
REC0372,GV2010_326_1,Puerto Rico,GV,Ground Validation,2010-03-25,2010,18.22516013,-65.18051924,32.453,1,0,0,1,1,0,1,1,0,0,0,Pass,,https://nccospublicstor.blob.core.windows.net/biomapper/usviinsularshelf2017/videos/low/GV2010_326_1.mp4
REC0373,GV2010_326_2,"St. John, USVI",GV,Ground Validation,2010-04-02,2010,18.18904594,-64.74902128,56.024,0,0,1,0,1,0,1,1,0,0,0,Pass,,https://nccospublicstor.blob.core.windows.net/biomapper/usviinsularshelf2017/videos/low/GV2010_326_2.mp4
REC0374,GV2010_327,Puerto Rico,GV,Ground Validation,2010-03-25,2010,18.22372597,-65.18286332,31.426,1,0,0,0,1,1,1,1,0,0,0,Pass,,https://nccospublicstor.blob.core.windows.net/biomapper/usviinsularshelf2017/videos/low/GV2010_327.mp4
REC0375,GV2010_328_1,Puerto Rico,GV,Ground Validation,2010-03-25,2010,18.22015598,-65.18393142,36.239,1,0,0,0,1,1,1,1,0,0,0,Pass,,https://nccospublicstor.blob.core.windows.net/biomapper/usviinsularshelf2017/videos/low/GV2010_328_1.mp4
REC0376,GV2010_328_2,"St. John, USVI",GV,Ground Validation,2010-04-02,2010,18.20414673,-64.74025668,45.528,0,1,1,0,1,0,1,1,0,0,0,Pass,,https://nccospublicstor.blob.core.windows.net/biomapper/usviinsularshelf2017/videos/low/GV2010_328_2.mp4
REC0377,GV2010_329_1,Puerto Rico,GV,Ground Validation,2010-03-25,2010,18.21753218,-65.18310421,32.222,1,0,0,0,1,1,1,1,0,0,0,Pass,,https://nccospublicstor.blob.core.windows.net/biomapper/usviinsularshelf2017/videos/low/GV2010_329_1.mp4
REC0378,GV2010_329_2,"St. John, USVI",GV,Ground Validation,2010-04-02,2010,18.20597833,-64.73623614,46.435,0,0,1,0,1,0,1,1,0,0,0,Pass,,https://nccospublicstor.blob.core.windows.net/biomapper/usviinsularshelf2017/videos/low/GV2010_329_2.mp4
REC0379,GV2010_330_1,Puerto Rico,GV,Ground Validation,2010-03-25,2010,18.21485675,-65.18239142,34.373,1,0,0,0,1,0,1,1,0,0,0,Pass,,https://nccospublicstor.blob.core.windows.net/biomapper/usviinsularshelf2017/videos/low/GV2010_330_1.mp4
REC0380,GV2010_330_2,"St. John, USVI",GV,Ground Validation,2010-04-02,2010,18.20543954,-64.73168667,51.514,0,0,1,0,0,0,1,1,0,0,0,Pass,,https://nccospublicstor.blob.core.windows.net/biomapper/usviinsularshelf2017/videos/low/GV2010_330_2.mp4
REC0381,GV2010_331,Puerto Rico,GV,Ground Validation,2010-03-25,2010,18.21274098,-65.18233449,39.696,1,0,0,0,1,0,1,1,0,0,0,Pass,,https://nccospublicstor.blob.core.windows.net/biomapper/usviinsularshelf2017/videos/low/GV2010_331.mp4
REC0382,GV2010_332,Puerto Rico,GV,Ground Validation,2010-03-25,2010,18.2114995,-65.18413513,31.444,1,0,0,0,1,0,1,1,0,0,0,Pass,,https://nccospublicstor.blob.core.windows.net/biomapper/usviinsularshelf2017/videos/low/GV2010_332.mp4
REC0383,GV2010_333,Puerto Rico,GV,Ground Validation,2010-03-25,2010,18.20753713,-65.18801886,31.824,1,0,0,0,1,1,1,1,0,0,0,Pass,,https://nccospublicstor.blob.core.windows.net/biomapper/usviinsularshelf2017/videos/low/GV2010_333.mp4
REC0384,GV2010_334,Puerto Rico,GV,Ground Validation,2010-03-25,2010,18.2045859,-65.1847132,34.813,1,0,0,0,1,1,1,1,0,0,0,Pass,,https://nccospublicstor.blob.core.windows.net/biomapper/usviinsularshelf2017/videos/low/GV2010_334.mp4
REC0385,GV2010_335_1,"St. John, USVI",GV,Ground Validation,2010-04-02,2010,18.21578618,-64.6955945,54.014,0,1,1,0,1,0,1,1,0,0,0,Pass,,https://nccospublicstor.blob.core.windows.net/biomapper/usviinsularshelf2017/videos/low/GV2010_335_1.mp4
REC0386,GV2010_335_2,Puerto Rico,GV,Ground Validation,2010-03-25,2010,18.2028001,-65.18029313,34.109,1,0,0,0,1,0,1,1,0,0,0,Pass,,https://nccospublicstor.blob.core.windows.net/biomapper/usviinsularshelf2017/videos/low/GV2010_335_2.mp4
REC0387,GV2010_336,Puerto Rico,GV,Ground Validation,2010-03-25,2010,18.20007128,-65.17573038,40.306,1,0,0,0,1,0,1,1,0,0,0,Pass,,https://nccospublicstor.blob.core.windows.net/biomapper/usviinsularshelf2017/videos/low/GV2010_336.mp4
REC0388,GV2010_337_1,Puerto Rico,GV,Ground Validation,2010-03-25,2010,18.19777225,-65.17420655,33.855,1,0,0,0,1,1,1,1,0,0,0,Pass,,https://nccospublicstor.blob.core.windows.net/biomapper/usviinsularshelf2017/videos/low/GV2010_337_1.mp4
REC0389,GV2010_337_2,"St. John, USVI",GV,Ground Validation,2010-04-02,2010,18.21638726,-64.77056587,52.981,0,0,1,0,0,0,1,1,0,0,0,Pass,,https://nccospublicstor.blob.core.windows.net/biomapper/usviinsularshelf2017/videos/low/GV2010_337_2.mp4
REC0390,GV2010_338,Puerto Rico,GV,Ground Validation,2010-03-25,2010,18.19618887,-65.17375891,33.284,1,0,0,0,1,1,1,1,0,0,0,Pass,,https://nccospublicstor.blob.core.windows.net/biomapper/usviinsularshelf2017/videos/low/GV2010_338.mp4
REC0391,GV2010_339,Puerto Rico,GV,Ground Validation,2010-03-25,2010,18.19459834,-65.17389647,42.494,0,1,1,1,1,0,1,1,0,0,0,Pass,,https://nccospublicstor.blob.core.windows.net/biomapper/usviinsularshelf2017/videos/low/GV2010_339.mp4
REC0392,GV2010_340,Puerto Rico,GV,Ground Validation,2010-03-25,2010,18.19382803,-65.17293411,36.084,1,0,0,0,1,0,1,1,0,0,0,Pass,,https://nccospublicstor.blob.core.windows.net/biomapper/usviinsularshelf2017/videos/low/GV2010_340.mp4
REC0393,GV2010_341,Puerto Rico,GV,Ground Validation,2010-03-25,2010,18.19268882,-65.173038,40.617,1,0,0,0,1,0,1,1,0,0,0,Pass,,https://nccospublicstor.blob.core.windows.net/biomapper/usviinsularshelf2017/videos/low/GV2010_341.mp4
REC0394,GV2010_342,Puerto Rico,GV,Ground Validation,2010-03-25,2010,18.19153134,-65.1732677,37.633,1,0,0,0,1,1,1,1,0,0,0,Pass,,https://nccospublicstor.blob.core.windows.net/biomapper/usviinsularshelf2017/videos/low/GV2010_342.mp4
REC0395,GV2010_343,Puerto Rico,GV,Ground Validation,2010-03-25,2010,18.18997827,-65.17320498,42.124,1,0,0,1,1,0,1,1,0,0,0,Pass,,https://nccospublicstor.blob.core.windows.net/biomapper/usviinsularshelf2017/videos/low/GV2010_343.mp4
REC0396,GV2010_344,Puerto Rico,GV,Ground Validation,2010-03-25,2010,18.18815326,-65.17367231,37.397,1,0,0,0,1,1,1,1,0,0,0,Pass,,https://nccospublicstor.blob.core.windows.net/biomapper/usviinsularshelf2017/videos/low/GV2010_344.mp4
REC0397,GV2010_345,Puerto Rico,GV,Ground Validation,2010-03-25,2010,18.18844804,-65.18008803,37.473,1,0,0,0,1,1,1,1,0,0,0,Pass,,https://nccospublicstor.blob.core.windows.net/biomapper/usviinsularshelf2017/videos/low/GV2010_345.mp4
REC0398,GV2010_346,Puerto Rico,GV,Ground Validation,2010-03-25,2010,18.18629086,-65.18524429,40.386,1,0,0,0,1,1,1,1,0,0,0,Pass,,https://nccospublicstor.blob.core.windows.net/biomapper/usviinsularshelf2017/videos/low/GV2010_346.mp4
REC0399,GV2010_347,Puerto Rico,GV,Ground Validation,2010-03-25,2010,18.18944873,-65.1880531,36.419,1,0,0,0,1,1,1,1,0,0,0,Pass,,https://nccospublicstor.blob.core.windows.net/biomapper/usviinsularshelf2017/videos/low/GV2010_347.mp4
REC0400,GV2010_348,Puerto Rico,GV,Ground Validation,2010-03-25,2010,18.18929606,-65.18398288,37.541,1,0,0,0,1,1,1,1,0,0,0,Pass,,https://nccospublicstor.blob.core.windows.net/biomapper/usviinsularshelf2017/videos/low/GV2010_348.mp4
REC0401,GV2010_349,Puerto Rico,GV,Ground Validation,2010-03-25,2010,18.18942952,-65.19326776,41.488,1,0,0,1,1,1,1,1,0,0,0,Pass,,https://nccospublicstor.blob.core.windows.net/biomapper/usviinsularshelf2017/videos/low/GV2010_349.mp4
REC0402,GV2010_350,Puerto Rico,GV,Ground Validation,2010-03-25,2010,18.18756746,-65.19677643,36.725,1,0,0,0,1,1,1,1,0,0,0,Pass,,https://nccospublicstor.blob.core.windows.net/biomapper/usviinsularshelf2017/videos/low/GV2010_350.mp4
REC0403,GV2010_351,Puerto Rico,GV,Ground Validation,2010-03-25,2010,18.19013387,-65.19857376,37.322,1,0,0,1,1,0,1,1,0,0,0,Pass,,https://nccospublicstor.blob.core.windows.net/biomapper/usviinsularshelf2017/videos/low/GV2010_351.mp4
REC0404,GV2010_352,Puerto Rico,GV,Ground Validation,2010-03-25,2010,18.1878737,-65.20336506,38.319,1,0,0,0,1,1,1,1,0,0,0,Pass,,https://nccospublicstor.blob.core.windows.net/biomapper/usviinsularshelf2017/videos/low/GV2010_352.mp4
REC0405,GV2010_353,Puerto Rico,GV,Ground Validation,2010-03-25,2010,18.1886956,-65.20896757,38.348,1,0,0,0,1,1,1,1,0,0,0,Pass,,https://nccospublicstor.blob.core.windows.net/biomapper/usviinsularshelf2017/videos/low/GV2010_353.mp4
REC0406,GV2010_354,Puerto Rico,GV,Ground Validation,2010-03-25,2010,18.18588459,-65.21332581,37.879,1,0,0,0,1,1,1,1,0,0,0,Pass,,https://nccospublicstor.blob.core.windows.net/biomapper/usviinsularshelf2017/videos/low/GV2010_354.mp4
REC0407,GV2010_355,Puerto Rico,GV,Ground Validation,2010-03-25,2010,18.18745605,-65.21539149,37.163,1,0,0,1,1,1,1,1,0,0,0,Pass,,https://nccospublicstor.blob.core.windows.net/biomapper/usviinsularshelf2017/videos/low/GV2010_355.mp4
REC0408,GV2010_356,Puerto Rico,GV,Ground Validation,2010-03-25,2010,18.18495726,-65.2182964,38.093,1,0,1,1,1,0,1,1,0,0,0,Pass,,https://nccospublicstor.blob.core.windows.net/biomapper/usviinsularshelf2017/videos/low/GV2010_356.mp4
REC0409,GV2010_357,Puerto Rico,GV,Ground Validation,2010-03-25,2010,18.18705523,-65.21882079,39.618,0,0,1,1,1,0,1,1,0,0,0,Pass,,https://nccospublicstor.blob.core.windows.net/biomapper/usviinsularshelf2017/videos/low/GV2010_357.mp4
REC0410,GV2010_358,Puerto Rico,GV,Ground Validation,2010-03-25,2010,18.18714807,-65.22350741,33.363,1,0,0,1,1,0,1,1,0,0,0,Pass,,https://nccospublicstor.blob.core.windows.net/biomapper/usviinsularshelf2017/videos/low/GV2010_358.mp4
REC0411,GV2010_359,Puerto Rico,GV,Ground Validation,2010-03-25,2010,18.18764007,-65.22798692,35.025,1,0,0,0,1,0,1,1,0,0,0,Pass,,https://nccospublicstor.blob.core.windows.net/biomapper/usviinsularshelf2017/videos/low/GV2010_359.mp4
REC0412,GV2010_360,Puerto Rico,GV,Ground Validation,2010-03-25,2010,18.18940142,-65.22664896,37.34,1,0,0,0,1,1,1,1,0,0,0,Pass,,https://nccospublicstor.blob.core.windows.net/biomapper/usviinsularshelf2017/videos/low/GV2010_360.mp4
REC0413,GV2010_361,Puerto Rico,GV,Ground Validation,2010-03-25,2010,18.18884868,-65.23359018,32.413,1,0,0,1,1,1,1,1,0,0,0,Pass,,https://nccospublicstor.blob.core.windows.net/biomapper/usviinsularshelf2017/videos/low/GV2010_361.mp4
REC0414,GV2010_362,Puerto Rico,GV,Ground Validation,2010-03-25,2010,18.21487172,-65.18488022,40.317,1,0,0,1,1,1,1,1,0,0,0,Pass,,https://nccospublicstor.blob.core.windows.net/biomapper/usviinsularshelf2017/videos/low/GV2010_362.mp4
REC0415,GV2010_363,Puerto Rico,GV,Ground Validation,2010-03-25,2010,18.21369762,-65.18667158,31.324,1,0,0,0,1,1,1,1,0,0,0,Pass,,https://nccospublicstor.blob.core.windows.net/biomapper/usviinsularshelf2017/videos/low/GV2010_363.mp4
REC0416,GV2010_364,Puerto Rico,GV,Ground Validation,2010-03-25,2010,18.21571939,-65.18752297,32.955,1,0,0,0,1,0,1,1,0,0,0,Pass,,https://nccospublicstor.blob.core.windows.net/biomapper/usviinsularshelf2017/videos/low/GV2010_364.mp4
REC0417,GV2010_365,Puerto Rico,GV,Ground Validation,2010-03-25,2010,18.2147558,-65.1898243,32.422,1,0,0,0,1,0,1,1,0,0,0,Pass,,https://nccospublicstor.blob.core.windows.net/biomapper/usviinsularshelf2017/videos/low/GV2010_365.mp4
REC0418,GV2010_366,Puerto Rico,GV,Ground Validation,2010-03-25,2010,18.21633581,-65.19053932,33.264,1,0,0,0,1,1,1,1,0,0,0,Pass,,https://nccospublicstor.blob.core.windows.net/biomapper/usviinsularshelf2017/videos/low/GV2010_366.mp4
REC0419,GV2010_367,Puerto Rico,GV,Ground Validation,2010-03-25,2010,18.21561246,-65.19301608,33.966,1,0,0,0,1,0,1,1,0,0,0,Pass,,https://nccospublicstor.blob.core.windows.net/biomapper/usviinsularshelf2017/videos/low/GV2010_367.mp4
REC0420,GV2010_368,Puerto Rico,GV,Ground Validation,2010-03-25,2010,18.21536957,-65.19387973,37.879,1,0,0,0,1,0,1,1,0,0,0,Pass,,https://nccospublicstor.blob.core.windows.net/biomapper/usviinsularshelf2017/videos/low/GV2010_368.mp4
REC0421,GV2010_371,Puerto Rico,GV,Ground Validation,2010-03-25,2010,18.21855875,-65.1919149,36.08,1,0,0,0,1,1,1,1,0,0,0,Pass,,https://nccospublicstor.blob.core.windows.net/biomapper/usviinsularshelf2017/videos/low/GV2010_371.mp4
REC0422,GV2010_525,"St. John, USVI",GV,Ground Validation,2010-04-02,2010,18.18675926,-64.76780237,55.989,0,0,1,0,0,0,1,1,0,0,0,Pass,,https://nccospublicstor.blob.core.windows.net/biomapper/usviinsularshelf2017/videos/low/GV2010_525.mp4
REC0423,GV2010_527,"St. John, USVI",GV,Ground Validation,2010-04-02,2010,18.19258894,-64.77823434,56.547,0,0,1,0,1,0,1,1,0,0,0,Pass,,https://nccospublicstor.blob.core.windows.net/biomapper/usviinsularshelf2017/videos/low/GV2010_527.mp4
REC0424,GV2010_531,"St. John, USVI",GV,Ground Validation,2010-04-02,2010,18.20805546,-64.72259183,54.08,0,0,1,0,1,0,1,1,0,0,0,Pass,,https://nccospublicstor.blob.core.windows.net/biomapper/usviinsularshelf2017/videos/low/GV2010_531.mp4
REC0425,GV2010_532,"St. John, USVI",GV,Ground Validation,2010-04-02,2010,18.21081891,-64.71260244,57.112,0,0,1,0,1,0,1,1,0,0,0,Pass,,https://nccospublicstor.blob.core.windows.net/biomapper/usviinsularshelf2017/videos/low/GV2010_532.mp4
REC0426,GV2010_534,"St. John, USVI",GV,Ground Validation,2010-04-02,2010,18.21564954,-64.70354945,55.351,0,0,1,0,1,0,1,1,0,0,0,Pass,,https://nccospublicstor.blob.core.windows.net/biomapper/usviinsularshelf2017/videos/low/GV2010_534.mp4
REC0427,GV2010_536,"St. John, USVI",GV,Ground Validation,2010-04-02,2010,18.21340448,-64.78032692,52.092,0,0,1,0,1,0,1,1,0,0,0,Pass,,https://nccospublicstor.blob.core.windows.net/biomapper/usviinsularshelf2017/videos/low/GV2010_536.mp4
REC0428,GV2010_539,"St. John, USVI",GV,Ground Validation,2010-04-02,2010,18.22061249,-64.76181499,54.883,0,0,1,1,0,0,1,1,0,0,0,Pass,,https://nccospublicstor.blob.core.windows.net/biomapper/usviinsularshelf2017/videos/low/GV2010_539.mp4
REC0429,GV2010_549,"St. John, USVI",GV,Ground Validation,2010-04-02,2010,18.19029087,-64.78659578,58.882,0,0,1,0,1,0,1,1,0,0,0,Pass,,https://nccospublicstor.blob.core.windows.net/biomapper/usviinsularshelf2017/videos/low/GV2010_549.mp4
REC0430,GV2010_550,"St. John, USVI",GV,Ground Validation,2010-04-02,2010,18.18149494,-64.7570543,55.416,0,0,1,0,0,0,1,1,0,0,0,Pass,,https://nccospublicstor.blob.core.windows.net/biomapper/usviinsularshelf2017/videos/low/GV2010_550.mp4
REC0431,GV2010_590,"St. John, USVI",GV,Ground Validation,2010-04-05,2010,18.2347901,-64.71254086,49.966,0,0,1,0,0,0,1,1,0,0,0,Pass,,https://nccospublicstor.blob.core.windows.net/biomapper/usviinsularshelf2017/videos/low/GV2010_590.mp4
REC0432,GV2010_591,"St. John, USVI",GV,Ground Validation,2010-04-05,2010,18.23412871,-64.7213275,48.578,0,1,1,1,0,0,1,1,0,0,0,Pass,,https://nccospublicstor.blob.core.windows.net/biomapper/usviinsularshelf2017/videos/low/GV2010_591.mp4
REC0433,GV2010_592,"St. John, USVI",GV,Ground Validation,2010-04-05,2010,18.23200521,-64.72963216,48.545,0,1,0,0,1,0,1,1,0,0,0,Pass,,https://nccospublicstor.blob.core.windows.net/biomapper/usviinsularshelf2017/videos/low/GV2010_592.mp4
REC0434,GV2010_593,"St. John, USVI",GV,Ground Validation,2010-04-05,2010,18.22891766,-64.720935,54.331,0,0,1,0,1,0,1,1,0,0,0,Pass,,https://nccospublicstor.blob.core.windows.net/biomapper/usviinsularshelf2017/videos/low/GV2010_593.mp4
REC0435,GV2010_594,"St. John, USVI",GV,Ground Validation,2010-04-05,2010,18.22800301,-64.73763562,53.835,0,1,1,0,1,0,1,1,0,0,0,Pass,,https://nccospublicstor.blob.core.windows.net/biomapper/usviinsularshelf2017/videos/low/GV2010_594.mp4
REC0436,GV2010_595,"St. John, USVI",GV,Ground Validation,2010-04-05,2010,18.22562874,-64.75250291,53.883,0,0,1,0,1,0,1,1,0,0,0,Pass,,https://nccospublicstor.blob.core.windows.net/biomapper/usviinsularshelf2017/videos/low/GV2010_595.mp4
REC0437,GV2010_598,"St. John, USVI",GV,Ground Validation,2010-04-05,2010,18.20806287,-64.7695247,53.957,0,0,1,0,1,0,1,1,0,0,0,Pass,,https://nccospublicstor.blob.core.windows.net/biomapper/usviinsularshelf2017/videos/low/GV2010_598.mp4
REC0438,GV2010_599,"St. John, USVI",GV,Ground Validation,2010-04-05,2010,18.20493293,-64.78000995,55.798,0,0,1,0,1,0,1,1,0,0,0,Pass,,https://nccospublicstor.blob.core.windows.net/biomapper/usviinsularshelf2017/videos/low/GV2010_599.mp4
REC0439,GV2010_613,"St. John, USVI",GV,Ground Validation,2010-04-05,2010,18.23558926,-64.74373444,51.989,0,0,1,1,0,0,1,1,0,0,0,Pass,,https://nccospublicstor.blob.core.windows.net/biomapper/usviinsularshelf2017/videos/low/GV2010_613.mp4
REC0440,GV2010_614,"St. John, USVI",GV,Ground Validation,2010-04-05,2010,18.2372083,-64.73892316,54.746,0,0,1,1,0,0,1,1,0,0,0,Pass,,https://nccospublicstor.blob.core.windows.net/biomapper/usviinsularshelf2017/videos/low/GV2010_614.mp4
REC0441,GV2010_622,"St. John, USVI",GV,Ground Validation,2010-04-05,2010,18.20758194,-64.78110291,48.003,0,1,1,0,0,0,1,1,0,0,0,Pass,,https://nccospublicstor.blob.core.windows.net/biomapper/usviinsularshelf2017/videos/low/GV2010_622.mp4
REC0442,GV2010_623,"St. John, USVI",GV,Ground Validation,2010-04-05,2010,18.21032482,-64.77358015,46.837,0,1,1,1,0,0,1,1,0,0,0,Pass,,https://nccospublicstor.blob.core.windows.net/biomapper/usviinsularshelf2017/videos/low/GV2010_623.mp4
REC0443,GV2010_624,"St. John, USVI",GV,Ground Validation,2010-04-05,2010,18.21152545,-64.77535622,52.807,0,1,1,1,1,0,1,1,0,0,0,Pass,,https://nccospublicstor.blob.core.windows.net/biomapper/usviinsularshelf2017/videos/low/GV2010_624.mp4
REC0444,GV2010_625,"St. John, USVI",GV,Ground Validation,2010-04-05,2010,18.22272989,-64.71101885,52.58,0,0,1,1,1,0,1,1,0,0,0,Pass,,https://nccospublicstor.blob.core.windows.net/biomapper/usviinsularshelf2017/videos/low/GV2010_625.mp4
REC0445,GV2010_627,"St. John, USVI",GV,Ground Validation,2010-04-05,2010,18.2285796,-64.71255879,55.373,0,0,1,0,1,0,1,1,0,0,0,Pass,,https://nccospublicstor.blob.core.windows.net/biomapper/usviinsularshelf2017/videos/low/GV2010_627.mp4
REC0446,GV2010_628,"St. John, USVI",GV,Ground Validation,2010-04-05,2010,18.2354852,-64.70863026,45.587,0,1,0,1,1,0,1,1,0,0,0,Pass,,https://nccospublicstor.blob.core.windows.net/biomapper/usviinsularshelf2017/videos/low/GV2010_628.mp4
REC0447,GV2010_639,"St. John, USVI",GV,Ground Validation,2010-04-05,2010,18.21651072,-64.71826453,56.129,0,0,1,0,0,0,1,1,0,0,0,Pass,,https://nccospublicstor.blob.core.windows.net/biomapper/usviinsularshelf2017/videos/low/GV2010_639.mp4
REC0448,GV2010_640,"St. John, USVI",GV,Ground Validation,2010-04-05,2010,18.22125231,-64.7198081,51.222,0,1,1,0,1,0,1,1,0,0,0,Pass,,https://nccospublicstor.blob.core.windows.net/biomapper/usviinsularshelf2017/videos/low/GV2010_640.mp4
REC0449,GV2010_642,"St. John, USVI",GV,Ground Validation,2010-04-05,2010,18.22691948,-64.70895808,54.255,0,0,1,0,0,0,1,1,0,0,0,Pass,,https://nccospublicstor.blob.core.windows.net/biomapper/usviinsularshelf2017/videos/low/GV2010_642.mp4
REC0450,GV2010_644,"St. John, USVI",GV,Ground Validation,2010-04-05,2010,18.2099781,-64.78190493,50.733,0,0,1,0,0,0,1,1,0,0,0,Pass,,https://nccospublicstor.blob.core.windows.net/biomapper/usviinsularshelf2017/videos/low/GV2010_644.mp4
REC0451,GV2010_645,"St. John, USVI",GV,Ground Validation,2010-04-05,2010,18.21666631,-64.74813484,51.829,0,0,1,0,1,0,1,1,0,0,0,Pass,,https://nccospublicstor.blob.core.windows.net/biomapper/usviinsularshelf2017/videos/low/GV2010_645.mp4
REC0452,GV2010_647,"St. John, USVI",GV,Ground Validation,2010-04-05,2010,18.24466626,-64.71779717,46.785,0,1,1,1,1,1,1,1,0,0,0,Pass,,https://nccospublicstor.blob.core.windows.net/biomapper/usviinsularshelf2017/videos/low/GV2010_647.mp4
REC0453,GV2011_002,"St. Thomas, USVI",GV,Ground Validation,2011-04-11,2011,18.2672611,-65.10094965,26.704,1,0,0,0,1,0,1,1,0,0,0,Pass,,https://nccospublicstor.blob.core.windows.net/biomapper/usviinsularshelf2017/videos/low/GV2011_002.mp4
REC0454,GV2011_003,"St. Thomas, USVI",GV,Ground Validation,2011-04-11,2011,18.23908596,-65.09111737,31.882,1,0,0,0,1,0,1,1,0,0,0,Pass,,https://nccospublicstor.blob.core.windows.net/biomapper/usviinsularshelf2017/videos/low/GV2011_003.mp4
REC0455,GV2011_005,"St. Thomas, USVI",GV,Ground Validation,2011-04-11,2011,18.23171863,-65.11407017,35.13,1,0,0,1,1,0,1,1,0,0,0,Pass,,https://nccospublicstor.blob.core.windows.net/biomapper/usviinsularshelf2017/videos/low/GV2011_005.mp4
REC0456,GV2011_006,"St. Thomas, USVI",GV,Ground Validation,2011-04-11,2011,18.23093021,-65.11367165,37.532,1,0,0,0,1,0,1,1,0,0,0,Pass,,https://nccospublicstor.blob.core.windows.net/biomapper/usviinsularshelf2017/videos/low/GV2011_006.mp4
REC0457,GV2011_009,"St. Thomas, USVI",GV,Ground Validation,2011-04-11,2011,18.27161349,-65.0604169,34.06,0,0,1,0,0,0,1,1,0,0,0,Pass,,https://nccospublicstor.blob.core.windows.net/biomapper/usviinsularshelf2017/videos/low/GV2011_009.mp4
REC0458,GV2011_010,"St. Thomas, USVI",GV,Ground Validation,2011-04-11,2011,18.2815063,-65.07295049,33.349,0,1,1,0,0,0,1,1,0,0,0,Pass,,https://nccospublicstor.blob.core.windows.net/biomapper/usviinsularshelf2017/videos/low/GV2011_010.mp4
REC0459,GV2011_011,"St. Thomas, USVI",GV,Ground Validation,2011-04-11,2011,18.27305191,-65.09171494,34.077,1,0,0,1,1,0,1,1,0,0,0,Pass,,https://nccospublicstor.blob.core.windows.net/biomapper/usviinsularshelf2017/videos/low/GV2011_011.mp4
REC0460,GV2011_012,"St. Thomas, USVI",GV,Ground Validation,2011-04-11,2011,18.27497196,-65.08506428,34.459,0,1,0,0,0,0,1,0,0,0,0,Pass,,https://nccospublicstor.blob.core.windows.net/biomapper/usviinsularshelf2017/videos/low/GV2011_012.mp4
REC0461,GV2011_013,"St. Thomas, USVI",GV,Ground Validation,2011-04-11,2011,18.25631069,-65.09115318,28.468,1,0,0,0,1,1,1,1,0,0,0,Pass,,https://nccospublicstor.blob.core.windows.net/biomapper/usviinsularshelf2017/videos/low/GV2011_013.mp4
REC0462,GV2011_015,"St. Thomas, USVI",GV,Ground Validation,2011-04-01,2011,18.24937429,-65.06296432,35.827,0,0,1,0,0,0,1,1,0,0,0,Pass,,https://nccospublicstor.blob.core.windows.net/biomapper/usviinsularshelf2017/videos/low/GV2011_015.mp4
REC0463,GV2011_016,"St. Thomas, USVI",GV,Ground Validation,2011-04-01,2011,18.2383361,-65.0336633,39.637,0,0,1,1,0,0,1,1,0,0,0,Pass,,https://nccospublicstor.blob.core.windows.net/biomapper/usviinsularshelf2017/videos/low/GV2011_016.mp4
REC0464,GV2011_019,"St. Thomas, USVI",GV,Ground Validation,2011-04-11,2011,18.22946493,-65.09052515,33.723,1,0,0,0,1,1,1,1,0,0,0,Pass,,https://nccospublicstor.blob.core.windows.net/biomapper/usviinsularshelf2017/videos/low/GV2011_019.mp4
REC0465,GV2011_022,"St. Thomas, USVI",GV,Ground Validation,2011-04-09,2011,18.21281933,-65.0335204,44.148,0,0,1,0,0,0,1,0,0,0,0,Pass,,https://nccospublicstor.blob.core.windows.net/biomapper/usviinsularshelf2017/videos/low/GV2011_022.mp4
REC0466,GV2011_025_1,"St. Thomas, USVI",GV,Ground Validation,2011-04-01,2011,18.2124014,-65.01567146,44.62,0,0,1,1,0,0,1,0,0,1,0,Pass,,https://nccospublicstor.blob.core.windows.net/biomapper/usviinsularshelf2017/videos/low/GV2011_025_1.mp4
REC0467,GV2011_025_2,"St. Thomas, USVI",GV,Ground Validation,2011-04-09,2011,18.21204031,-65.01552087,44.486,0,0,1,1,0,0,1,1,0,1,0,Pass,,https://nccospublicstor.blob.core.windows.net/biomapper/usviinsularshelf2017/videos/low/GV2011_025_2.mp4
REC0468,GV2011_026_1,"St. Thomas, USVI",GV,Ground Validation,2011-04-01,2011,18.21712094,-65.00439588,42.617,0,0,0,1,0,0,1,1,0,0,0,Pass,,https://nccospublicstor.blob.core.windows.net/biomapper/usviinsularshelf2017/videos/low/GV2011_026_1.mp4
REC0469,GV2011_026_2,"St. Thomas, USVI",GV,Ground Validation,2011-04-09,2011,18.21695161,-65.00416833,42.573,0,0,0,1,0,0,1,1,0,0,0,Pass,,https://nccospublicstor.blob.core.windows.net/biomapper/usviinsularshelf2017/videos/low/GV2011_026_2.mp4
REC0470,GV2011_027_1,"St. Thomas, USVI",GV,Ground Validation,2011-04-01,2011,18.2175635,-64.98628219,41.894,0,0,1,1,0,0,1,1,0,0,0,Pass,,https://nccospublicstor.blob.core.windows.net/biomapper/usviinsularshelf2017/videos/low/GV2011_027_1.mp4
REC0471,GV2011_027_2,"St. Thomas, USVI",GV,Ground Validation,2011-04-09,2011,18.217393,-64.98606332,41.945,0,0,1,1,0,0,1,1,0,0,0,Pass,,https://nccospublicstor.blob.core.windows.net/biomapper/usviinsularshelf2017/videos/low/GV2011_027_2.mp4
REC0472,GV2011_028_1,"St. Thomas, USVI",GV,Ground Validation,2011-04-01,2011,18.21199007,-64.99423055,44.496,0,1,1,0,1,1,1,1,0,0,0,Pass,,https://nccospublicstor.blob.core.windows.net/biomapper/usviinsularshelf2017/videos/low/GV2011_028_1.mp4
REC0473,GV2011_028_2,"St. Thomas, USVI",GV,Ground Validation,2011-04-09,2011,18.21173267,-64.99413449,44.565,0,1,1,0,1,1,1,1,0,0,0,Pass,,https://nccospublicstor.blob.core.windows.net/biomapper/usviinsularshelf2017/videos/low/GV2011_028_2.mp4
REC0474,GV2011_029_1,"St. Thomas, USVI",GV,Ground Validation,2011-04-01,2011,18.2221007,-65.01597904,39.938,1,0,0,1,1,0,1,1,0,0,0,Pass,,https://nccospublicstor.blob.core.windows.net/biomapper/usviinsularshelf2017/videos/low/GV2011_029_1.mp4
REC0475,GV2011_029_2,"St. Thomas, USVI",GV,Ground Validation,2011-04-09,2011,18.22069343,-65.02224682,38.554,1,0,0,1,1,1,1,1,0,0,0,Pass,,https://nccospublicstor.blob.core.windows.net/biomapper/usviinsularshelf2017/videos/low/GV2011_029_2.mp4
REC0476,GV2011_030,Puerto Rico,GV,Ground Validation,2011-04-03,2011,18.1895949,-65.15385426,38.668,1,0,0,0,1,1,1,1,0,0,0,Pass,,https://nccospublicstor.blob.core.windows.net/biomapper/usviinsularshelf2017/videos/low/GV2011_030.mp4
REC0477,GV2011_031,Puerto Rico,GV,Ground Validation,2011-04-03,2011,18.18689962,-65.15455465,38.899,1,0,0,0,1,0,1,1,0,0,0,Pass,,https://nccospublicstor.blob.core.windows.net/biomapper/usviinsularshelf2017/videos/low/GV2011_031.mp4
REC0478,GV2011_032,Puerto Rico,GV,Ground Validation,2011-04-03,2011,18.18452454,-65.15542771,40.707,1,0,0,0,1,0,1,1,0,0,0,Pass,,https://nccospublicstor.blob.core.windows.net/biomapper/usviinsularshelf2017/videos/low/GV2011_032.mp4
REC0479,GV2011_034,Puerto Rico,GV,Ground Validation,2011-04-03,2011,18.17976473,-65.15701512,45.26,1,0,0,1,1,0,1,1,0,0,0,Pass,,https://nccospublicstor.blob.core.windows.net/biomapper/usviinsularshelf2017/videos/low/GV2011_034.mp4
REC0480,GV2011_035,Puerto Rico,GV,Ground Validation,2011-04-03,2011,18.17637289,-65.15473394,49.206,1,0,0,1,1,0,1,1,0,0,0,Pass,,https://nccospublicstor.blob.core.windows.net/biomapper/usviinsularshelf2017/videos/low/GV2011_035.mp4
REC0481,GV2011_036,Puerto Rico,GV,Ground Validation,2011-04-03,2011,18.17258697,-65.16004079,47.461,1,1,1,0,1,0,1,1,0,0,0,Pass,,https://nccospublicstor.blob.core.windows.net/biomapper/usviinsularshelf2017/videos/low/GV2011_036.mp4
REC0482,GV2011_037,Puerto Rico,GV,Ground Validation,2011-04-03,2011,18.17460934,-65.15903499,44.368,1,0,0,1,1,0,1,1,0,0,0,Pass,,https://nccospublicstor.blob.core.windows.net/biomapper/usviinsularshelf2017/videos/low/GV2011_037.mp4
REC0483,GV2011_038,Puerto Rico,GV,Ground Validation,2011-04-03,2011,18.17018749,-65.16250054,45.694,1,0,0,1,1,0,1,1,0,0,0,Pass,,https://nccospublicstor.blob.core.windows.net/biomapper/usviinsularshelf2017/videos/low/GV2011_038.mp4
REC0484,GV2011_039,Puerto Rico,GV,Ground Validation,2011-04-03,2011,18.17302476,-65.16460818,44.999,1,0,0,0,1,0,1,1,0,0,0,Pass,,https://nccospublicstor.blob.core.windows.net/biomapper/usviinsularshelf2017/videos/low/GV2011_039.mp4
REC0485,GV2011_040,Puerto Rico,GV,Ground Validation,2011-04-03,2011,18.1769304,-65.16674747,42.216,1,0,0,0,1,1,1,1,0,0,0,Pass,,https://nccospublicstor.blob.core.windows.net/biomapper/usviinsularshelf2017/videos/low/GV2011_040.mp4
REC0486,GV2011_041,Puerto Rico,GV,Ground Validation,2011-04-03,2011,18.18452075,-65.17085943,38.764,1,0,0,0,1,0,1,1,0,0,0,Pass,,https://nccospublicstor.blob.core.windows.net/biomapper/usviinsularshelf2017/videos/low/GV2011_041.mp4
REC0487,GV2011_044,Puerto Rico,GV,Ground Validation,2011-04-03,2011,18.18158842,-65.16951437,38.901,1,0,0,0,1,0,1,1,0,0,0,Pass,,https://nccospublicstor.blob.core.windows.net/biomapper/usviinsularshelf2017/videos/low/GV2011_044.mp4
REC0488,GV2011_045,Puerto Rico,GV,Ground Validation,2011-04-03,2011,18.24057223,-65.17869494,31.607,1,0,0,0,1,0,1,1,0,0,0,Pass,,https://nccospublicstor.blob.core.windows.net/biomapper/usviinsularshelf2017/videos/low/GV2011_045.mp4
REC0489,GV2011_046,Puerto Rico,GV,Ground Validation,2011-04-03,2011,18.23732954,-65.17425035,31.161,1,0,0,0,1,0,1,1,0,0,0,Pass,,https://nccospublicstor.blob.core.windows.net/biomapper/usviinsularshelf2017/videos/low/GV2011_046.mp4
REC0490,GV2011_047,Puerto Rico,GV,Ground Validation,2011-04-03,2011,18.23062106,-65.1849837,33.076,1,0,0,1,1,1,1,1,0,0,0,Pass,,https://nccospublicstor.blob.core.windows.net/biomapper/usviinsularshelf2017/videos/low/GV2011_047.mp4
REC0491,GV2011_048,Puerto Rico,GV,Ground Validation,2011-04-03,2011,18.2274096,-65.19531196,25.306,1,0,0,0,1,0,1,1,0,0,0,Pass,,https://nccospublicstor.blob.core.windows.net/biomapper/usviinsularshelf2017/videos/low/GV2011_048.mp4
REC0492,GV2011_049,Puerto Rico,GV,Ground Validation,2011-04-03,2011,18.22476089,-65.18852652,31.2,1,0,0,0,1,1,1,1,0,0,0,Pass,,https://nccospublicstor.blob.core.windows.net/biomapper/usviinsularshelf2017/videos/low/GV2011_049.mp4
REC0493,GV2011_050,Puerto Rico,GV,Ground Validation,2011-04-03,2011,18.23800557,-65.14996799,36.487,1,0,0,0,1,0,1,1,0,0,0,Pass,,https://nccospublicstor.blob.core.windows.net/biomapper/usviinsularshelf2017/videos/low/GV2011_050.mp4
REC0494,GV2011_051,Puerto Rico,GV,Ground Validation,2011-04-03,2011,18.23545823,-65.18188424,32.695,1,0,0,1,1,1,1,1,0,0,0,Pass,,https://nccospublicstor.blob.core.windows.net/biomapper/usviinsularshelf2017/videos/low/GV2011_051.mp4
REC0495,GV2011_052,Puerto Rico,GV,Ground Validation,2011-04-03,2011,18.23331563,-65.16646188,37.437,1,0,0,0,1,0,1,1,0,1,0,Pass,,https://nccospublicstor.blob.core.windows.net/biomapper/usviinsularshelf2017/videos/low/GV2011_052.mp4
REC0496,GV2011_053,Puerto Rico,GV,Ground Validation,2011-04-03,2011,18.2331905,-65.15415295,37.209,1,0,0,0,1,0,1,1,0,0,0,Pass,,https://nccospublicstor.blob.core.windows.net/biomapper/usviinsularshelf2017/videos/low/GV2011_053.mp4
REC0497,GV2011_054,Puerto Rico,GV,Ground Validation,2011-04-03,2011,18.23017254,-65.15980061,36.218,1,0,0,0,1,1,1,1,0,0,0,Pass,,https://nccospublicstor.blob.core.windows.net/biomapper/usviinsularshelf2017/videos/low/GV2011_054.mp4
REC0498,GV2011_055,Puerto Rico,GV,Ground Validation,2011-04-03,2011,18.23159254,-65.15772866,36.257,1,0,0,0,1,0,1,1,0,0,0,Pass,,https://nccospublicstor.blob.core.windows.net/biomapper/usviinsularshelf2017/videos/low/GV2011_055.mp4
REC0499,GV2011_073,"St. Thomas, USVI",GV,Ground Validation,2011-03-31,2011,18.20616606,-64.86257477,50.365,0,1,1,0,1,0,1,1,0,0,0,Pass,,https://nccospublicstor.blob.core.windows.net/biomapper/usviinsularshelf2017/videos/low/GV2011_073.mp4
REC0500,GV2011_082,"St. Thomas, USVI",GV,Ground Validation,2011-03-31,2011,18.26866932,-64.8302656,33.177,0,0,1,0,0,0,1,1,0,0,0,Pass,,https://nccospublicstor.blob.core.windows.net/biomapper/usviinsularshelf2017/videos/low/GV2011_082.mp4
REC0501,GV2011_089,"St. Thomas, USVI",GV,Ground Validation,2011-04-13,2011,18.23845653,-64.86484567,39.946,1,0,0,1,1,0,1,1,0,0,0,Pass,,https://nccospublicstor.blob.core.windows.net/biomapper/usviinsularshelf2017/videos/low/GV2011_089.mp4
REC0502,GV2011_090,"St. Thomas, USVI",GV,Ground Validation,2011-04-13,2011,18.23849496,-64.86156152,38.608,1,0,0,0,1,0,1,1,0,0,0,Pass,,https://nccospublicstor.blob.core.windows.net/biomapper/usviinsularshelf2017/videos/low/GV2011_090.mp4
REC0503,GV2011_098,"St. Thomas, USVI",GV,Ground Validation,2011-03-31,2011,18.20600998,-64.88565234,45.863,1,0,0,0,1,0,1,1,0,0,0,Pass,,https://nccospublicstor.blob.core.windows.net/biomapper/usviinsularshelf2017/videos/low/GV2011_098.mp4
REC0504,GV2011_103,"St. Thomas, USVI",GV,Ground Validation,2011-03-31,2011,18.20935143,-64.87836651,48.556,1,0,0,0,1,0,1,1,0,0,0,Pass,,https://nccospublicstor.blob.core.windows.net/biomapper/usviinsularshelf2017/videos/low/GV2011_103.mp4
REC0505,GV2011_104,"St. Thomas, USVI",GV,Ground Validation,2011-03-31,2011,18.21626789,-64.86884532,44.552,0,0,1,0,0,0,1,1,0,0,0,Pass,,https://nccospublicstor.blob.core.windows.net/biomapper/usviinsularshelf2017/videos/low/GV2011_104.mp4
REC0506,GV2011_114_1,"St. Thomas, USVI",GV,Ground Validation,2011-04-01,2011,18.22646253,-65.0217728,40.968,0,0,1,0,0,0,1,0,0,0,0,Pass,,https://nccospublicstor.blob.core.windows.net/biomapper/usviinsularshelf2017/videos/low/GV2011_114_1.mp4
REC0507,GV2011_114_2,"St. Thomas, USVI",GV,Ground Validation,2011-04-09,2011,18.22629929,-65.02129503,40.686,0,0,1,1,0,0,1,1,0,0,0,Pass,,https://nccospublicstor.blob.core.windows.net/biomapper/usviinsularshelf2017/videos/low/GV2011_114_2.mp4
REC0508,GV2011_115_1,"St. Thomas, USVI",GV,Ground Validation,2011-04-01,2011,18.20686189,-65.01596494,46.124,1,0,0,0,1,0,1,1,0,0,0,Pass,,https://nccospublicstor.blob.core.windows.net/biomapper/usviinsularshelf2017/videos/low/GV2011_115_1.mp4
REC0509,GV2011_115_2,"St. Thomas, USVI",GV,Ground Validation,2011-04-09,2011,18.2064609,-65.01572078,46.335,1,0,0,0,1,0,1,1,0,0,0,Pass,,https://nccospublicstor.blob.core.windows.net/biomapper/usviinsularshelf2017/videos/low/GV2011_115_2.mp4
REC0510,GV2011_116_1,"St. Thomas, USVI",GV,Ground Validation,2011-04-01,2011,18.2058556,-65.00437484,51.85,0,0,0,1,0,0,1,0,0,0,0,Pass,,https://nccospublicstor.blob.core.windows.net/biomapper/usviinsularshelf2017/videos/low/GV2011_116_1.mp4
REC0511,GV2011_116_2,"St. Thomas, USVI",GV,Ground Validation,2011-04-09,2011,18.20560386,-65.00430041,52.057,0,0,0,1,0,0,1,0,0,0,0,Pass,,https://nccospublicstor.blob.core.windows.net/biomapper/usviinsularshelf2017/videos/low/GV2011_116_2.mp4
REC0512,GV2011_117_1,"St. Thomas, USVI",GV,Ground Validation,2011-04-01,2011,18.20410536,-64.98757104,55.432,0,0,0,1,0,0,0,0,0,0,0,Pass,,https://nccospublicstor.blob.core.windows.net/biomapper/usviinsularshelf2017/videos/low/GV2011_117_1.mp4
REC0513,GV2011_117_2,"St. Thomas, USVI",GV,Ground Validation,2011-04-09,2011,18.20344588,-64.98710992,55.281,0,1,0,1,0,1,1,1,0,0,0,Pass,,https://nccospublicstor.blob.core.windows.net/biomapper/usviinsularshelf2017/videos/low/GV2011_117_2.mp4
REC0514,GV2011_118_1,"St. Thomas, USVI",GV,Ground Validation,2011-04-01,2011,18.20501693,-64.99444313,46.375,1,0,0,0,1,0,1,1,0,0,0,Pass,,https://nccospublicstor.blob.core.windows.net/biomapper/usviinsularshelf2017/videos/low/GV2011_118_1.mp4
REC0515,GV2011_118_2,"St. Thomas, USVI",GV,Ground Validation,2011-04-09,2011,18.2045224,-64.9943023,45.658,1,0,0,1,1,1,1,1,0,0,0,Pass,,https://nccospublicstor.blob.core.windows.net/biomapper/usviinsularshelf2017/videos/low/GV2011_118_2.mp4
REC0516,GV2011_119_1,"St. Thomas, USVI",GV,Ground Validation,2011-04-01,2011,18.20025778,-64.99421841,52.244,0,0,1,1,0,0,1,1,0,0,0,Pass,,https://nccospublicstor.blob.core.windows.net/biomapper/usviinsularshelf2017/videos/low/GV2011_119_1.mp4
REC0517,GV2011_119_2,"St. Thomas, USVI",GV,Ground Validation,2011-04-09,2011,18.20118385,-64.99369276,47.336,0,0,1,1,0,0,1,1,0,0,0,Pass,,https://nccospublicstor.blob.core.windows.net/biomapper/usviinsularshelf2017/videos/low/GV2011_119_2.mp4
REC0518,GV2011_122_1,"St. Thomas, USVI",GV,Ground Validation,2011-04-01,2011,18.20824686,-64.98659652,46.307,0,0,1,1,0,0,1,1,0,0,0,Pass,,https://nccospublicstor.blob.core.windows.net/biomapper/usviinsularshelf2017/videos/low/GV2011_122_1.mp4
REC0519,GV2011_122_2,"St. Thomas, USVI",GV,Ground Validation,2011-04-09,2011,18.20787414,-64.98644438,46.478,0,0,1,1,0,0,1,1,0,0,0,Pass,,https://nccospublicstor.blob.core.windows.net/biomapper/usviinsularshelf2017/videos/low/GV2011_122_2.mp4
REC0520,GV2011_123,"St. Thomas, USVI",GV,Ground Validation,2011-04-01,2011,18.25644418,-65.04927327,35.303,0,0,1,1,0,0,1,1,0,0,0,Pass,,https://nccospublicstor.blob.core.windows.net/biomapper/usviinsularshelf2017/videos/low/GV2011_123.mp4
REC0521,GV2011_124,"St. Thomas, USVI",GV,Ground Validation,2011-03-31,2011,18.25871038,-64.90811636,37.227,0,0,1,1,0,0,1,1,0,0,0,Pass,,https://nccospublicstor.blob.core.windows.net/biomapper/usviinsularshelf2017/videos/low/GV2011_124.mp4
REC0522,GV2011_125,"St. Thomas, USVI",GV,Ground Validation,2011-03-31,2011,18.25881683,-64.89585877,36.812,0,0,1,0,0,0,1,1,0,0,0,Pass,,https://nccospublicstor.blob.core.windows.net/biomapper/usviinsularshelf2017/videos/low/GV2011_125.mp4
REC0523,GV2011_126,"St. Thomas, USVI",GV,Ground Validation,2011-03-31,2011,18.25906747,-64.88354338,37.936,0,0,1,1,0,0,1,1,0,0,0,Pass,,https://nccospublicstor.blob.core.windows.net/biomapper/usviinsularshelf2017/videos/low/GV2011_126.mp4
REC0524,GV2011_127,"St. Thomas, USVI",GV,Ground Validation,2011-03-31,2011,18.26785338,-64.89197947,29.939,0,0,1,1,0,0,1,1,0,0,0,Pass,,https://nccospublicstor.blob.core.windows.net/biomapper/usviinsularshelf2017/videos/low/GV2011_127.mp4
REC0525,GV2011_128,"St. Thomas, USVI",GV,Ground Validation,2011-03-31,2011,18.26659461,-64.90726478,29.744,0,0,0,1,0,0,1,0,0,0,0,Pass,,https://nccospublicstor.blob.core.windows.net/biomapper/usviinsularshelf2017/videos/low/GV2011_128.mp4
REC0526,GV2011_130_1,"St. Thomas, USVI",GV,Ground Validation,2011-04-01,2011,18.20857837,-65.00456874,46.499,1,0,0,1,1,0,1,1,0,0,0,Pass,,https://nccospublicstor.blob.core.windows.net/biomapper/usviinsularshelf2017/videos/low/GV2011_130_1.mp4
REC0527,GV2011_130_2,"St. Thomas, USVI",GV,Ground Validation,2011-04-09,2011,18.20818603,-65.00442631,45.041,1,0,0,0,1,0,1,1,0,0,0,Pass,,https://nccospublicstor.blob.core.windows.net/biomapper/usviinsularshelf2017/videos/low/GV2011_130_2.mp4
REC0528,GV2011_131_1,"St. Thomas, USVI",GV,Ground Validation,2011-04-01,2011,18.21655084,-65.01951093,40.39,1,0,0,1,1,1,1,1,0,0,0,Pass,,https://nccospublicstor.blob.core.windows.net/biomapper/usviinsularshelf2017/videos/low/GV2011_131_1.mp4
REC0529,GV2011_131_2,"St. Thomas, USVI",GV,Ground Validation,2011-04-09,2011,18.21617292,-65.0192627,41.736,1,0,0,1,1,0,1,1,0,0,0,Pass,,https://nccospublicstor.blob.core.windows.net/biomapper/usviinsularshelf2017/videos/low/GV2011_131_2.mp4
REC0530,GV2011_137,"St. Thomas, USVI",GV,Ground Validation,2011-03-31,2011,18.20441928,-64.87082997,50.957,0,0,1,0,1,0,1,1,0,0,0,Pass,,https://nccospublicstor.blob.core.windows.net/biomapper/usviinsularshelf2017/videos/low/GV2011_137.mp4
REC0531,GV2011_138,"St. Thomas, USVI",GV,Ground Validation,2011-03-31,2011,18.21944398,-64.862998,46.524,0,1,1,0,0,0,1,1,0,0,0,Pass,,https://nccospublicstor.blob.core.windows.net/biomapper/usviinsularshelf2017/videos/low/GV2011_138.mp4
REC0532,GV2011_163,"St. Thomas, USVI",GV,Ground Validation,2011-03-31,2011,18.27391281,-64.85052899,23.458,1,0,0,1,1,1,1,1,0,0,0,Pass,,https://nccospublicstor.blob.core.windows.net/biomapper/usviinsularshelf2017/videos/low/GV2011_163.mp4
REC0533,GV2011_168,"St. John, USVI",GV,Ground Validation,2011-04-02,2011,18.22360829,-64.6897875,32.195,0,1,0,0,1,1,1,1,0,0,0,Pass,,https://nccospublicstor.blob.core.windows.net/biomapper/usviinsularshelf2017/videos/low/GV2011_168.mp4
REC0534,GV2011_169,"St. John, USVI",GV,Ground Validation,2011-04-02,2011,18.22152526,-64.69267331,50.199,0,0,1,1,0,0,1,1,0,0,0,Pass,,https://nccospublicstor.blob.core.windows.net/biomapper/usviinsularshelf2017/videos/low/GV2011_169.mp4
REC0535,GV2011_170,"St. John, USVI",GV,Ground Validation,2011-04-02,2011,18.22035419,-64.68722137,55.277,0,1,1,0,0,0,1,1,0,0,0,Pass,,https://nccospublicstor.blob.core.windows.net/biomapper/usviinsularshelf2017/videos/low/GV2011_170.mp4
REC0536,GV2011_171,"St. John, USVI",GV,Ground Validation,2011-04-02,2011,18.23121332,-64.69634872,53.627,0,1,1,0,1,0,1,1,0,0,0,Pass,,https://nccospublicstor.blob.core.windows.net/biomapper/usviinsularshelf2017/videos/low/GV2011_171.mp4
REC0537,GV2011_173,"St. John, USVI",GV,Ground Validation,2011-04-02,2011,18.2468841,-64.71317382,47.338,1,0,1,1,1,0,1,1,0,0,0,Pass,,https://nccospublicstor.blob.core.windows.net/biomapper/usviinsularshelf2017/videos/low/GV2011_173.mp4
REC0538,GV2011_174,"St. John, USVI",GV,Ground Validation,2011-04-02,2011,18.24467182,-64.69610359,50.831,0,0,1,0,1,0,1,1,0,0,0,Pass,,https://nccospublicstor.blob.core.windows.net/biomapper/usviinsularshelf2017/videos/low/GV2011_174.mp4
REC0539,GV2011_175,"St. John, USVI",GV,Ground Validation,2011-04-02,2011,18.24606593,-64.69866534,45.906,0,1,0,0,1,1,1,1,0,0,0,Pass,,https://nccospublicstor.blob.core.windows.net/biomapper/usviinsularshelf2017/videos/low/GV2011_175.mp4
REC0540,GV2011_176,"St. John, USVI",GV,Ground Validation,2011-04-02,2011,18.23651939,-64.68603358,54.754,0,1,1,0,1,0,1,1,0,0,0,Pass,,https://nccospublicstor.blob.core.windows.net/biomapper/usviinsularshelf2017/videos/low/GV2011_176.mp4
REC0541,GV2011_177,"St. John, USVI",GV,Ground Validation,2011-04-02,2011,18.22561582,-64.69153132,48.51,0,0,1,0,1,0,1,1,0,0,0,Pass,,https://nccospublicstor.blob.core.windows.net/biomapper/usviinsularshelf2017/videos/low/GV2011_177.mp4
REC0542,GV2011_178,"St. John, USVI",GV,Ground Validation,2011-04-02,2011,18.22652334,-64.67567899,53.795,0,1,1,0,1,0,1,1,0,0,0,Pass,,https://nccospublicstor.blob.core.windows.net/biomapper/usviinsularshelf2017/videos/low/GV2011_178.mp4
REC0543,GV2011_179,"St. John, USVI",GV,Ground Validation,2011-04-02,2011,18.2305846,-64.66570388,52.419,0,1,1,0,0,0,1,1,0,0,0,Pass,,https://nccospublicstor.blob.core.windows.net/biomapper/usviinsularshelf2017/videos/low/GV2011_179.mp4
REC0544,GV2011_180,"St. John, USVI",GV,Ground Validation,2011-04-02,2011,18.23479805,-64.66790941,52.078,0,1,1,0,1,0,1,1,0,0,0,Pass,,https://nccospublicstor.blob.core.windows.net/biomapper/usviinsularshelf2017/videos/low/GV2011_180.mp4
REC0545,GV2011_181,"St. John, USVI",GV,Ground Validation,2011-04-02,2011,18.24931729,-64.6658246,46.051,1,0,0,0,1,0,1,1,0,0,0,Pass,,https://nccospublicstor.blob.core.windows.net/biomapper/usviinsularshelf2017/videos/low/GV2011_181.mp4
REC0546,GV2011_182,"St. John, USVI",GV,Ground Validation,2011-04-02,2011,18.24298053,-64.65844357,50.307,0,1,1,0,1,0,1,1,0,0,0,Pass,,https://nccospublicstor.blob.core.windows.net/biomapper/usviinsularshelf2017/videos/low/GV2011_182.mp4
REC0547,GV2011_183,"St. John, USVI",GV,Ground Validation,2011-04-02,2011,18.24276909,-64.66537189,46.235,0,1,0,0,1,1,1,1,0,0,0,Pass,,https://nccospublicstor.blob.core.windows.net/biomapper/usviinsularshelf2017/videos/low/GV2011_183.mp4
REC0548,GV2011_184,"St. John, USVI",GV,Ground Validation,2011-04-02,2011,18.25996511,-64.66659374,42.224,1,0,0,1,1,1,1,1,0,0,0,Pass,,https://nccospublicstor.blob.core.windows.net/biomapper/usviinsularshelf2017/videos/low/GV2011_184.mp4
REC0549,GV2011_185,"St. John, USVI",GV,Ground Validation,2011-04-02,2011,18.26401701,-64.66026828,44.718,0,0,1,0,0,0,1,0,0,0,0,Pass,,https://nccospublicstor.blob.core.windows.net/biomapper/usviinsularshelf2017/videos/low/GV2011_185.mp4
REC0550,GV2011_186,"St. John, USVI",GV,Ground Validation,2011-04-02,2011,18.23768507,-64.66009989,50.953,0,1,1,0,1,0,1,1,0,0,0,Pass,,https://nccospublicstor.blob.core.windows.net/biomapper/usviinsularshelf2017/videos/low/GV2011_186.mp4
REC0551,GV2011_187,"St. John, USVI",GV,Ground Validation,2011-04-02,2011,18.24589576,-64.70593437,47.18,0,1,1,1,0,0,1,1,0,0,0,Pass,,https://nccospublicstor.blob.core.windows.net/biomapper/usviinsularshelf2017/videos/low/GV2011_187.mp4
REC0552,GV2011_188,"St. John, USVI",GV,Ground Validation,2011-04-02,2011,18.25710938,-64.66956685,46.481,0,0,1,0,1,0,1,1,0,0,0,Pass,,https://nccospublicstor.blob.core.windows.net/biomapper/usviinsularshelf2017/videos/low/GV2011_188.mp4
REC0553,GV2011_189,"St. John, USVI",GV,Ground Validation,2011-04-02,2011,18.24271263,-64.67912263,52.003,0,0,1,0,1,0,1,1,0,0,0,Pass,,https://nccospublicstor.blob.core.windows.net/biomapper/usviinsularshelf2017/videos/low/GV2011_189.mp4
REC0554,GV2011_190,"St. John, USVI",GV,Ground Validation,2011-04-02,2011,18.2474235,-64.67156752,50.539,0,0,1,0,1,0,1,1,0,0,0,Pass,,https://nccospublicstor.blob.core.windows.net/biomapper/usviinsularshelf2017/videos/low/GV2011_190.mp4
REC0555,GV2011_191,"St. John, USVI",GV,Ground Validation,2011-04-02,2011,18.25070969,-64.67727621,42.948,0,1,0,0,1,0,1,1,0,0,0,Pass,,https://nccospublicstor.blob.core.windows.net/biomapper/usviinsularshelf2017/videos/low/GV2011_191.mp4
REC0556,GV2011_192,"St. John, USVI",GV,Ground Validation,2011-04-02,2011,18.24825816,-64.68278818,41.316,1,0,0,1,1,0,1,1,0,0,0,Pass,,https://nccospublicstor.blob.core.windows.net/biomapper/usviinsularshelf2017/videos/low/GV2011_192.mp4
REC0557,GV2011_193,"St. John, USVI",GV,Ground Validation,2011-04-02,2011,18.23003753,-64.68140441,48.835,0,0,1,0,1,0,1,1,0,0,0,Pass,,https://nccospublicstor.blob.core.windows.net/biomapper/usviinsularshelf2017/videos/low/GV2011_193.mp4
REC0558,GV2011_194,"St. John, USVI",GV,Ground Validation,2011-04-02,2011,18.22977846,-64.66952449,53.616,0,0,1,0,0,0,1,1,0,0,0,Pass,,https://nccospublicstor.blob.core.windows.net/biomapper/usviinsularshelf2017/videos/low/GV2011_194.mp4
REC0559,GV2011_195_1,"St. Thomas, USVI",GV,Ground Validation,2011-04-03,2011,18.23019624,-65.13100189,39.043,1,0,0,0,1,0,1,1,0,0,0,Pass,,https://nccospublicstor.blob.core.windows.net/biomapper/usviinsularshelf2017/videos/low/GV2011_195_1.mp4
REC0560,GV2011_195_2,"St. Thomas, USVI",GV,Ground Validation,2011-04-10,2011,18.26524352,-64.91596172,32.059,1,0,0,1,1,1,1,1,0,0,0,Pass,,https://nccospublicstor.blob.core.windows.net/biomapper/usviinsularshelf2017/videos/low/GV2011_195_2.mp4
REC0561,GV2011_196_1,Puerto Rico,GV,Ground Validation,2011-04-03,2011,18.23273054,-65.1366262,31.784,1,0,0,0,1,1,1,1,0,0,0,Pass,,https://nccospublicstor.blob.core.windows.net/biomapper/usviinsularshelf2017/videos/low/GV2011_196_1.mp4
REC0562,GV2011_196_2,"St. Thomas, USVI",GV,Ground Validation,2011-04-10,2011,18.26029141,-64.91967818,34.291,0,0,1,0,0,0,1,1,0,0,0,Pass,,https://nccospublicstor.blob.core.windows.net/biomapper/usviinsularshelf2017/videos/low/GV2011_196_2.mp4
REC0563,GV2011_197_1,Puerto Rico,GV,Ground Validation,2011-04-03,2011,18.23904819,-65.14202824,29.809,1,0,0,0,1,0,1,1,0,0,0,Pass,,https://nccospublicstor.blob.core.windows.net/biomapper/usviinsularshelf2017/videos/low/GV2011_197_1.mp4
REC0564,GV2011_197_2,"St. Thomas, USVI",GV,Ground Validation,2011-04-10,2011,18.25587567,-64.92232672,38.671,0,0,1,0,0,0,1,1,0,0,0,Pass,,https://nccospublicstor.blob.core.windows.net/biomapper/usviinsularshelf2017/videos/low/GV2011_197_2.mp4
REC0565,GV2011_198_1,Puerto Rico,GV,Ground Validation,2011-04-03,2011,18.2425185,-65.14497619,36.952,1,0,0,0,1,0,1,1,0,0,0,Pass,,https://nccospublicstor.blob.core.windows.net/biomapper/usviinsularshelf2017/videos/low/GV2011_198_1.mp4
REC0566,GV2011_198_2,"St. Thomas, USVI",GV,Ground Validation,2011-04-10,2011,18.25144763,-64.9253736,39.202,0,0,1,1,0,0,1,1,0,0,0,Pass,,https://nccospublicstor.blob.core.windows.net/biomapper/usviinsularshelf2017/videos/low/GV2011_198_2.mp4
REC0567,GV2011_199,"St. Thomas, USVI",GV,Ground Validation,2011-04-10,2011,18.24934591,-64.92732353,39.857,0,0,1,1,0,0,1,1,0,0,0,Pass,,https://nccospublicstor.blob.core.windows.net/biomapper/usviinsularshelf2017/videos/low/GV2011_199.mp4
REC0568,GV2011_200,"St. Thomas, USVI",GV,Ground Validation,2011-04-10,2011,18.25382908,-64.92469789,39.548,0,0,1,1,0,0,1,1,0,1,0,Pass,,https://nccospublicstor.blob.core.windows.net/biomapper/usviinsularshelf2017/videos/low/GV2011_200.mp4
REC0569,GV2011_201,"St. Thomas, USVI",GV,Ground Validation,2011-04-10,2011,18.25120557,-64.93313548,40.103,0,0,0,1,0,0,1,1,0,0,0,Pass,,https://nccospublicstor.blob.core.windows.net/biomapper/usviinsularshelf2017/videos/low/GV2011_201.mp4
REC0570,GV2011_202,"St. Thomas, USVI",GV,Ground Validation,2011-04-10,2011,18.25151387,-64.93408194,39.874,0,0,1,1,0,0,1,1,0,0,0,Pass,,https://nccospublicstor.blob.core.windows.net/biomapper/usviinsularshelf2017/videos/low/GV2011_202.mp4
REC0571,GV2011_203,"St. Thomas, USVI",GV,Ground Validation,2011-04-10,2011,18.25275395,-64.93650754,39.629,0,0,1,1,0,0,1,1,0,1,0,Pass,,https://nccospublicstor.blob.core.windows.net/biomapper/usviinsularshelf2017/videos/low/GV2011_203.mp4
REC0572,GV2011_204,"St. Thomas, USVI",GV,Ground Validation,2011-04-10,2011,18.25458513,-64.94132647,40.059,0,0,0,1,0,0,1,0,0,0,0,Pass,,https://nccospublicstor.blob.core.windows.net/biomapper/usviinsularshelf2017/videos/low/GV2011_204.mp4
REC0573,GV2011_205,"St. Thomas, USVI",GV,Ground Validation,2011-04-10,2011,18.2539964,-64.94250288,40.04,0,0,1,1,0,0,1,1,0,0,0,Pass,,https://nccospublicstor.blob.core.windows.net/biomapper/usviinsularshelf2017/videos/low/GV2011_205.mp4
REC0574,GV2011_206,"St. Thomas, USVI",GV,Ground Validation,2011-04-10,2011,18.2506255,-64.94671992,40.014,0,0,1,1,0,0,1,1,0,0,0,Pass,,https://nccospublicstor.blob.core.windows.net/biomapper/usviinsularshelf2017/videos/low/GV2011_206.mp4
REC0575,GV2011_207,"St. Thomas, USVI",GV,Ground Validation,2011-04-10,2011,18.24835856,-64.94893151,40.378,0,0,1,1,0,0,1,1,0,0,0,Pass,,https://nccospublicstor.blob.core.windows.net/biomapper/usviinsularshelf2017/videos/low/GV2011_207.mp4
REC0576,GV2011_208,"St. Thomas, USVI",GV,Ground Validation,2011-04-10,2011,18.24732476,-64.95009199,40.621,0,0,0,1,0,0,1,1,0,0,0,Pass,,https://nccospublicstor.blob.core.windows.net/biomapper/usviinsularshelf2017/videos/low/GV2011_208.mp4
REC0577,GV2011_209,"St. Thomas, USVI",GV,Ground Validation,2011-04-10,2011,18.24304182,-64.95402062,41.286,0,0,1,1,0,0,1,1,0,0,0,Pass,,https://nccospublicstor.blob.core.windows.net/biomapper/usviinsularshelf2017/videos/low/GV2011_209.mp4
REC0578,GV2011_210,"St. Thomas, USVI",GV,Ground Validation,2011-04-10,2011,18.23734766,-64.9599497,41.386,0,0,1,1,0,0,1,1,0,0,0,Pass,,https://nccospublicstor.blob.core.windows.net/biomapper/usviinsularshelf2017/videos/low/GV2011_210.mp4
REC0579,GV2011_211,"St. Thomas, USVI",GV,Ground Validation,2011-04-10,2011,18.23474565,-64.96280215,41.202,0,0,1,1,0,0,1,0,0,0,0,Pass,,https://nccospublicstor.blob.core.windows.net/biomapper/usviinsularshelf2017/videos/low/GV2011_211.mp4
REC0580,GV2011_212,"St. Thomas, USVI",GV,Ground Validation,2011-04-10,2011,18.23020697,-64.96788733,41.671,0,0,1,1,0,0,1,1,0,0,0,Pass,,https://nccospublicstor.blob.core.windows.net/biomapper/usviinsularshelf2017/videos/low/GV2011_212.mp4
REC0581,GV2011_213,"St. Thomas, USVI",GV,Ground Validation,2011-04-10,2011,18.22667042,-64.97069119,41.224,0,0,0,1,0,0,1,1,0,0,0,Pass,,https://nccospublicstor.blob.core.windows.net/biomapper/usviinsularshelf2017/videos/low/GV2011_213.mp4
REC0582,GV2011_214,"St. Thomas, USVI",GV,Ground Validation,2011-04-10,2011,18.22976093,-64.97157919,41.153,0,0,1,1,0,0,1,1,0,0,0,Pass,,https://nccospublicstor.blob.core.windows.net/biomapper/usviinsularshelf2017/videos/low/GV2011_214.mp4
REC0583,GV2011_215,"St. Thomas, USVI",GV,Ground Validation,2011-04-10,2011,18.23209088,-64.97253208,40.472,0,0,1,0,0,0,1,1,0,0,0,Pass,,https://nccospublicstor.blob.core.windows.net/biomapper/usviinsularshelf2017/videos/low/GV2011_215.mp4
REC0584,GV2011_216,"St. Thomas, USVI",GV,Ground Validation,2011-04-10,2011,18.23505398,-64.9739504,40.224,0,0,1,1,0,0,1,1,0,0,0,Pass,,https://nccospublicstor.blob.core.windows.net/biomapper/usviinsularshelf2017/videos/low/GV2011_216.mp4
REC0585,GV2011_217,"St. Thomas, USVI",GV,Ground Validation,2011-04-10,2011,18.23829137,-64.97521439,39.364,0,1,0,0,1,1,1,1,0,0,0,Pass,,https://nccospublicstor.blob.core.windows.net/biomapper/usviinsularshelf2017/videos/low/GV2011_217.mp4
REC0586,GV2011_218,"St. Thomas, USVI",GV,Ground Validation,2011-04-10,2011,18.24001868,-64.97614008,39.854,0,0,1,1,0,0,1,1,0,0,0,Pass,,https://nccospublicstor.blob.core.windows.net/biomapper/usviinsularshelf2017/videos/low/GV2011_218.mp4
REC0587,GV2011_219,"St. Thomas, USVI",GV,Ground Validation,2011-04-10,2011,18.24506972,-64.97988656,40.743,0,0,1,1,0,0,1,1,0,0,0,Pass,,https://nccospublicstor.blob.core.windows.net/biomapper/usviinsularshelf2017/videos/low/GV2011_219.mp4
REC0588,GV2011_220,"St. Thomas, USVI",GV,Ground Validation,2011-04-10,2011,18.23067896,-64.99751885,41.615,0,0,1,1,0,0,1,1,0,0,0,Pass,,https://nccospublicstor.blob.core.windows.net/biomapper/usviinsularshelf2017/videos/low/GV2011_220.mp4
REC0589,GV2011_221,"St. Thomas, USVI",GV,Ground Validation,2011-04-10,2011,18.2361526,-65.00080402,40.248,0,0,1,1,0,0,1,1,0,0,0,Pass,,https://nccospublicstor.blob.core.windows.net/biomapper/usviinsularshelf2017/videos/low/GV2011_221.mp4
REC0590,GV2011_222,"St. Thomas, USVI",GV,Ground Validation,2011-04-10,2011,18.23993976,-65.00328369,40.89,0,0,0,1,0,0,1,1,0,0,0,Pass,,https://nccospublicstor.blob.core.windows.net/biomapper/usviinsularshelf2017/videos/low/GV2011_222.mp4
REC0591,GV2011_223,"St. Thomas, USVI",GV,Ground Validation,2011-04-10,2011,18.24970792,-65.00982482,39.696,0,0,1,1,0,0,1,1,0,0,0,Pass,,https://nccospublicstor.blob.core.windows.net/biomapper/usviinsularshelf2017/videos/low/GV2011_223.mp4
REC0592,GV2011_224,"St. Thomas, USVI",GV,Ground Validation,2011-04-10,2011,18.24400899,-65.00510667,40.289,0,0,1,1,0,0,1,1,0,0,0,Pass,,https://nccospublicstor.blob.core.windows.net/biomapper/usviinsularshelf2017/videos/low/GV2011_224.mp4
REC0593,GV2011_225,"St. Thomas, USVI",GV,Ground Validation,2011-04-10,2011,18.24297213,-65.01221466,40.34,0,0,1,1,0,0,1,1,0,0,0,Pass,,https://nccospublicstor.blob.core.windows.net/biomapper/usviinsularshelf2017/videos/low/GV2011_225.mp4
REC0594,GV2011_226,"St. Thomas, USVI",GV,Ground Validation,2011-04-10,2011,18.23459342,-65.01851953,40.652,0,0,1,1,0,0,1,1,0,0,0,Pass,,https://nccospublicstor.blob.core.windows.net/biomapper/usviinsularshelf2017/videos/low/GV2011_226.mp4
REC0595,GV2011_227,"St. Thomas, USVI",GV,Ground Validation,2011-04-10,2011,18.24524472,-65.02489858,39.11,0,0,1,1,0,0,1,1,0,0,0,Pass,,https://nccospublicstor.blob.core.windows.net/biomapper/usviinsularshelf2017/videos/low/GV2011_227.mp4
REC0596,GV2011_228,"St. Thomas, USVI",GV,Ground Validation,2011-04-10,2011,18.25488486,-65.03047937,35.795,0,0,1,1,0,0,1,1,0,0,0,Pass,,https://nccospublicstor.blob.core.windows.net/biomapper/usviinsularshelf2017/videos/low/GV2011_228.mp4
REC0597,GV2011_229,"St. Thomas, USVI",GV,Ground Validation,2011-04-10,2011,18.23566988,-65.01714033,41.364,0,0,0,1,0,0,1,0,0,0,0,Pass,,https://nccospublicstor.blob.core.windows.net/biomapper/usviinsularshelf2017/videos/low/GV2011_229.mp4
REC0598,GV2011_230,"St. Thomas, USVI",GV,Ground Validation,2011-04-10,2011,18.23882117,-65.01426973,40.364,0,0,1,1,0,0,1,1,0,0,0,Pass,,https://nccospublicstor.blob.core.windows.net/biomapper/usviinsularshelf2017/videos/low/GV2011_230.mp4
REC0599,GV2011_231,"St. Thomas, USVI",GV,Ground Validation,2011-04-10,2011,18.24186504,-65.02285336,40.445,0,0,1,1,0,0,1,1,0,0,0,Pass,,https://nccospublicstor.blob.core.windows.net/biomapper/usviinsularshelf2017/videos/low/GV2011_231.mp4
REC0600,GV2011_232,"St. Thomas, USVI",GV,Ground Validation,2011-04-10,2011,18.24041411,-64.98858248,40.008,0,0,1,1,0,0,1,1,0,0,0,Pass,,https://nccospublicstor.blob.core.windows.net/biomapper/usviinsularshelf2017/videos/low/GV2011_232.mp4
REC0601,GV2011_233,"St. Thomas, USVI",GV,Ground Validation,2011-04-10,2011,18.24869494,-64.98322373,41.026,0,0,0,1,0,0,1,0,0,0,0,Pass,,https://nccospublicstor.blob.core.windows.net/biomapper/usviinsularshelf2017/videos/low/GV2011_233.mp4
REC0602,GV2011_234,"St. Thomas, USVI",GV,Ground Validation,2011-04-10,2011,18.24704631,-64.98395788,40.592,0,0,1,1,0,0,1,1,0,0,0,Pass,,https://nccospublicstor.blob.core.windows.net/biomapper/usviinsularshelf2017/videos/low/GV2011_234.mp4
REC0603,GV2011_235,"St. Thomas, USVI",GV,Ground Validation,2011-04-10,2011,18.24554279,-64.98505103,39.863,0,0,1,0,0,0,1,1,0,0,0,Pass,,https://nccospublicstor.blob.core.windows.net/biomapper/usviinsularshelf2017/videos/low/GV2011_235.mp4
REC0604,GV2011_236,"St. Thomas, USVI",GV,Ground Validation,2011-04-10,2011,18.23126956,-64.99479474,41.703,0,0,0,1,0,0,1,0,0,0,0,Pass,,https://nccospublicstor.blob.core.windows.net/biomapper/usviinsularshelf2017/videos/low/GV2011_236.mp4
REC0605,GV2011_237,"St. Thomas, USVI",GV,Ground Validation,2011-04-10,2011,18.23593452,-64.99100829,39.998,0,0,1,0,0,0,1,1,0,0,0,Pass,,https://nccospublicstor.blob.core.windows.net/biomapper/usviinsularshelf2017/videos/low/GV2011_237.mp4
REC0606,GV2011_238,"St. Thomas, USVI",GV,Ground Validation,2011-04-10,2011,18.23381097,-64.99204484,40.636,0,0,1,1,0,0,1,1,0,0,0,Pass,,https://nccospublicstor.blob.core.windows.net/biomapper/usviinsularshelf2017/videos/low/GV2011_238.mp4
REC0607,GV2011_239,"St. Thomas, USVI",GV,Ground Validation,2011-04-10,2011,18.24979506,-65.0268285,38.43,0,0,1,1,0,0,1,1,0,0,0,Pass,,https://nccospublicstor.blob.core.windows.net/biomapper/usviinsularshelf2017/videos/low/GV2011_239.mp4
REC0608,GV2011_240,"St. Thomas, USVI",GV,Ground Validation,2011-04-10,2011,18.23152027,-64.96598484,41.69,0,0,0,1,0,0,1,0,0,0,0,Pass,,https://nccospublicstor.blob.core.windows.net/biomapper/usviinsularshelf2017/videos/low/GV2011_240.mp4
REC0609,GV2011_241,"St. Thomas, USVI",GV,Ground Validation,2011-04-10,2011,18.24786413,-64.94958606,39.791,0,0,1,1,0,0,1,1,0,0,0,Pass,,https://nccospublicstor.blob.core.windows.net/biomapper/usviinsularshelf2017/videos/low/GV2011_241.mp4
REC0610,GV2011_242,"St. Thomas, USVI",GV,Ground Validation,2011-04-11,2011,18.26259411,-64.92979475,31.308,0,1,0,0,1,1,1,1,0,0,0,Pass,,https://nccospublicstor.blob.core.windows.net/biomapper/usviinsularshelf2017/videos/low/GV2011_242.mp4
REC0611,GV2011_243,"St. Thomas, USVI",GV,Ground Validation,2011-04-11,2011,18.26687331,-64.93431505,34.343,0,0,1,1,0,0,1,1,0,0,0,Pass,,https://nccospublicstor.blob.core.windows.net/biomapper/usviinsularshelf2017/videos/low/GV2011_243.mp4
REC0612,GV2011_244,"St. Thomas, USVI",GV,Ground Validation,2011-04-11,2011,18.27120484,-64.93858819,33.559,0,0,0,1,0,0,0,0,0,0,0,Pass,,https://nccospublicstor.blob.core.windows.net/biomapper/usviinsularshelf2017/videos/low/GV2011_244.mp4
REC0613,GV2011_245,"St. Thomas, USVI",GV,Ground Validation,2011-04-11,2011,18.27309333,-64.94300355,33.269,0,0,1,0,0,0,1,1,0,0,0,Pass,,https://nccospublicstor.blob.core.windows.net/biomapper/usviinsularshelf2017/videos/low/GV2011_245.mp4
REC0614,GV2011_246,"St. Thomas, USVI",GV,Ground Validation,2011-04-11,2011,18.2700105,-64.94623906,33.919,0,0,1,1,0,0,1,1,0,0,0,Pass,,https://nccospublicstor.blob.core.windows.net/biomapper/usviinsularshelf2017/videos/low/GV2011_246.mp4
REC0615,GV2011_247,"St. Thomas, USVI",GV,Ground Validation,2011-04-11,2011,18.26671846,-64.95286077,32.819,0,0,1,1,0,0,1,1,0,0,0,Pass,,https://nccospublicstor.blob.core.windows.net/biomapper/usviinsularshelf2017/videos/low/GV2011_247.mp4
REC0616,GV2011_248,"St. Thomas, USVI",GV,Ground Validation,2011-04-11,2011,18.26517164,-64.95465452,34.072,0,0,0,1,0,0,0,0,0,0,0,Pass,,https://nccospublicstor.blob.core.windows.net/biomapper/usviinsularshelf2017/videos/low/GV2011_248.mp4
REC0617,GV2011_249,"St. Thomas, USVI",GV,Ground Validation,2011-04-11,2011,18.26322476,-64.95760272,34.59,0,0,1,1,0,0,1,1,0,0,0,Pass,,https://nccospublicstor.blob.core.windows.net/biomapper/usviinsularshelf2017/videos/low/GV2011_249.mp4
REC0618,GV2011_250,"St. Thomas, USVI",GV,Ground Validation,2011-04-11,2011,18.25872471,-64.96251386,27.615,0,1,0,0,1,1,1,1,0,0,0,Pass,,https://nccospublicstor.blob.core.windows.net/biomapper/usviinsularshelf2017/videos/low/GV2011_250.mp4
REC0619,GV2011_251,"St. Thomas, USVI",GV,Ground Validation,2011-04-11,2011,18.25568971,-64.9651731,37.18,0,0,1,1,0,0,1,1,0,0,0,Pass,,https://nccospublicstor.blob.core.windows.net/biomapper/usviinsularshelf2017/videos/low/GV2011_251.mp4
REC0620,GV2011_252,"St. Thomas, USVI",GV,Ground Validation,2011-04-11,2011,18.27078235,-64.97854394,34.139,0,0,1,0,0,0,1,1,0,0,0,Pass,,https://nccospublicstor.blob.core.windows.net/biomapper/usviinsularshelf2017/videos/low/GV2011_252.mp4
REC0621,GV2011_253,"St. Thomas, USVI",GV,Ground Validation,2011-04-11,2011,18.26710717,-64.9876672,34.053,0,0,1,1,0,0,1,1,0,0,0,Pass,,https://nccospublicstor.blob.core.windows.net/biomapper/usviinsularshelf2017/videos/low/GV2011_253.mp4
REC0622,GV2011_254,"St. Thomas, USVI",GV,Ground Validation,2011-04-11,2011,18.26278179,-64.99744182,34.139,0,0,1,1,0,0,1,1,0,0,0,Pass,,https://nccospublicstor.blob.core.windows.net/biomapper/usviinsularshelf2017/videos/low/GV2011_254.mp4
REC0623,GV2011_255,"St. Thomas, USVI",GV,Ground Validation,2011-04-11,2011,18.26624477,-65.00617099,33.489,0,0,1,0,0,0,1,1,0,0,0,Pass,,https://nccospublicstor.blob.core.windows.net/biomapper/usviinsularshelf2017/videos/low/GV2011_255.mp4
REC0624,GV2011_256,"St. Thomas, USVI",GV,Ground Validation,2011-04-11,2011,18.26854318,-65.01270107,33.489,0,0,1,1,0,0,1,1,0,0,0,Pass,,https://nccospublicstor.blob.core.windows.net/biomapper/usviinsularshelf2017/videos/low/GV2011_256.mp4
REC0625,GV2011_257,"St. Thomas, USVI",GV,Ground Validation,2011-04-11,2011,18.27139122,-65.02136355,33.399,0,0,1,0,0,0,1,1,0,0,0,Pass,,https://nccospublicstor.blob.core.windows.net/biomapper/usviinsularshelf2017/videos/low/GV2011_257.mp4
REC0626,GV2011_258,"St. Thomas, USVI",GV,Ground Validation,2011-04-11,2011,18.26860834,-65.03448165,33.206,0,0,1,0,0,0,1,1,0,0,0,Pass,,https://nccospublicstor.blob.core.windows.net/biomapper/usviinsularshelf2017/videos/low/GV2011_258.mp4
REC0627,GV2011_259,"St. Thomas, USVI",GV,Ground Validation,2011-04-11,2011,18.26539844,-65.0463852,34.574,0,0,1,1,0,0,1,1,0,0,0,Pass,,https://nccospublicstor.blob.core.windows.net/biomapper/usviinsularshelf2017/videos/low/GV2011_259.mp4
REC0628,GV2011_260,"St. Thomas, USVI",GV,Ground Validation,2011-04-11,2011,18.25202879,-64.96848688,40.386,0,0,1,1,0,0,1,1,0,0,0,Pass,,https://nccospublicstor.blob.core.windows.net/biomapper/usviinsularshelf2017/videos/low/GV2011_260.mp4
REC0629,GV2011_261,"St. Thomas, USVI",GV,Ground Validation,2011-04-11,2011,18.25974955,-64.97288557,28.371,1,0,0,1,1,1,1,1,0,0,0,Pass,,https://nccospublicstor.blob.core.windows.net/biomapper/usviinsularshelf2017/videos/low/GV2011_261.mp4
REC0630,GV2011_262,"St. Thomas, USVI",GV,Ground Validation,2011-04-11,2011,18.22471208,-65.09649257,40.618,1,0,0,1,1,0,1,1,0,0,0,Pass,,https://nccospublicstor.blob.core.windows.net/biomapper/usviinsularshelf2017/videos/low/GV2011_262.mp4
REC0631,GV2011_263,"St. Thomas, USVI",GV,Ground Validation,2011-04-13,2011,18.24325573,-64.86722627,41.341,0,0,1,0,0,0,1,1,0,0,0,Pass,,https://nccospublicstor.blob.core.windows.net/biomapper/usviinsularshelf2017/videos/low/GV2011_263.mp4
REC0632,GV2011_264,"St. Thomas, USVI",GV,Ground Validation,2011-04-13,2011,18.25214915,-64.87350578,39.574,0,0,1,1,0,0,1,1,0,0,0,Pass,,https://nccospublicstor.blob.core.windows.net/biomapper/usviinsularshelf2017/videos/low/GV2011_264.mp4
REC0633,GV2011_265,"St. Thomas, USVI",GV,Ground Validation,2011-04-13,2011,18.24687918,-64.87795277,41.535,0,0,0,0,0,0,0,0,0,0,1,Review,UNKNOWN class present; No core substrate class marked Present; Source note indicates unusable/missing underwater video,https://nccospublicstor.blob.core.windows.net/biomapper/usviinsularshelf2017/videos/low/GV2011_265.mp4
REC0634,GV2011_266,"St. Thomas, USVI",GV,Ground Validation,2011-04-13,2011,18.24385517,-64.88228774,41.508,0,0,1,0,0,0,1,1,0,0,0,Pass,,https://nccospublicstor.blob.core.windows.net/biomapper/usviinsularshelf2017/videos/low/GV2011_266.mp4
REC0635,GV2011_267,"St. Thomas, USVI",GV,Ground Validation,2011-04-13,2011,18.23544224,-64.88819643,42.463,0,0,0,1,0,0,1,0,0,1,0,Pass,,https://nccospublicstor.blob.core.windows.net/biomapper/usviinsularshelf2017/videos/low/GV2011_267.mp4
REC0636,GV2011_268,"St. Thomas, USVI",GV,Ground Validation,2011-04-13,2011,18.23040178,-64.89099613,44.101,0,0,1,1,0,0,1,0,0,0,0,Pass,,https://nccospublicstor.blob.core.windows.net/biomapper/usviinsularshelf2017/videos/low/GV2011_268.mp4
REC0637,GV2011_269,"St. Thomas, USVI",GV,Ground Validation,2011-04-13,2011,18.23272297,-64.89935486,42.191,0,0,1,1,0,0,1,1,0,0,0,Pass,,https://nccospublicstor.blob.core.windows.net/biomapper/usviinsularshelf2017/videos/low/GV2011_269.mp4
REC0638,GV2011_270,"St. Thomas, USVI",GV,Ground Validation,2011-04-13,2011,18.24293627,-64.9004039,40.536,0,0,0,1,0,0,0,0,0,0,0,Pass,,https://nccospublicstor.blob.core.windows.net/biomapper/usviinsularshelf2017/videos/low/GV2011_270.mp4
REC0639,GV2011_271,"St. Thomas, USVI",GV,Ground Validation,2011-04-13,2011,18.25332671,-64.91040294,39.63,0,0,1,1,0,0,1,1,0,0,0,Pass,,https://nccospublicstor.blob.core.windows.net/biomapper/usviinsularshelf2017/videos/low/GV2011_271.mp4
REC0640,GV2011_273,"St. Thomas, USVI",GV,Ground Validation,2011-04-13,2011,18.23935227,-64.91226781,41.168,0,0,0,0,0,0,0,0,0,0,1,Review,UNKNOWN class present; No core substrate class marked Present; Source note indicates unusable/missing underwater video,https://nccospublicstor.blob.core.windows.net/biomapper/usviinsularshelf2017/videos/low/GV2011_273.mp4
REC0641,GV2011_275,"St. Thomas, USVI",GV,Ground Validation,2011-04-13,2011,18.24607742,-64.94542152,39.146,1,0,0,1,1,1,1,1,0,0,0,Pass,,https://nccospublicstor.blob.core.windows.net/biomapper/usviinsularshelf2017/videos/low/GV2011_275.mp4
REC0642,GV2011_276,"St. Thomas, USVI",GV,Ground Validation,2011-04-13,2011,18.23655407,-64.94429121,41.565,0,0,1,1,0,0,1,1,0,0,0,Pass,,https://nccospublicstor.blob.core.windows.net/biomapper/usviinsularshelf2017/videos/low/GV2011_276.mp4
REC0643,GV2011_277,"St. Thomas, USVI",GV,Ground Validation,2011-04-13,2011,18.23108213,-64.94392928,43.142,0,0,0,1,0,0,1,0,0,0,0,Pass,,https://nccospublicstor.blob.core.windows.net/biomapper/usviinsularshelf2017/videos/low/GV2011_277.mp4
REC0644,GV2011_278,"St. Thomas, USVI",GV,Ground Validation,2011-04-13,2011,18.23004845,-64.91360677,41.623,1,0,0,1,1,1,1,1,0,0,0,Pass,,https://nccospublicstor.blob.core.windows.net/biomapper/usviinsularshelf2017/videos/low/GV2011_278.mp4
REC0645,GV2011_279,"St. Thomas, USVI",GV,Ground Validation,2011-04-12,2011,18.21029861,-64.89824673,41.911,1,0,0,0,1,0,1,1,0,0,0,Pass,,https://nccospublicstor.blob.core.windows.net/biomapper/usviinsularshelf2017/videos/low/GV2011_279.mp4
REC0646,GV2011_280,"St. Thomas, USVI",GV,Ground Validation,2011-04-12,2011,18.2083632,-64.90438185,44.366,1,0,0,0,1,0,1,1,0,0,0,Pass,,https://nccospublicstor.blob.core.windows.net/biomapper/usviinsularshelf2017/videos/low/GV2011_280.mp4
REC0647,GV2011_281,"St. Thomas, USVI",GV,Ground Validation,2011-04-12,2011,18.20994889,-64.90677488,46.6,1,0,0,0,1,0,1,1,0,0,0,Pass,,https://nccospublicstor.blob.core.windows.net/biomapper/usviinsularshelf2017/videos/low/GV2011_281.mp4
REC0648,GV2011_282,"St. Thomas, USVI",GV,Ground Validation,2011-04-12,2011,18.21392917,-64.91450591,43.97,1,0,0,0,1,0,1,1,0,0,0,Pass,,https://nccospublicstor.blob.core.windows.net/biomapper/usviinsularshelf2017/videos/low/GV2011_282.mp4
REC0649,GV2011_283,"St. Thomas, USVI",GV,Ground Validation,2011-04-12,2011,18.21268488,-64.92600489,45.692,0,1,1,0,1,0,1,1,0,0,0,Pass,,https://nccospublicstor.blob.core.windows.net/biomapper/usviinsularshelf2017/videos/low/GV2011_283.mp4
REC0650,GV2011_284,"St. Thomas, USVI",GV,Ground Validation,2011-04-12,2011,18.21335843,-64.92932522,44.734,1,0,0,1,1,0,1,1,0,0,0,Pass,,https://nccospublicstor.blob.core.windows.net/biomapper/usviinsularshelf2017/videos/low/GV2011_284.mp4
REC0651,GV2011_285,"St. Thomas, USVI",GV,Ground Validation,2011-04-12,2011,18.21548028,-64.93175464,44.515,0,0,1,0,1,0,1,1,0,0,0,Pass,,https://nccospublicstor.blob.core.windows.net/biomapper/usviinsularshelf2017/videos/low/GV2011_285.mp4
REC0652,GV2011_298,"St. Thomas, USVI",GV,Ground Validation,2011-04-12,2011,18.2163497,-64.8923248,44.151,1,0,0,1,1,0,1,1,0,0,0,Pass,,https://nccospublicstor.blob.core.windows.net/biomapper/usviinsularshelf2017/videos/low/GV2011_298.mp4
REC0653,GV2011_299,"St. Thomas, USVI",GV,Ground Validation,2011-04-12,2011,18.21580406,-64.91818257,43.75,1,0,0,1,1,0,1,1,0,0,0,Pass,,https://nccospublicstor.blob.core.windows.net/biomapper/usviinsularshelf2017/videos/low/GV2011_299.mp4
REC0654,GV2011_300,"St. Thomas, USVI",GV,Ground Validation,2011-04-12,2011,18.21322196,-64.92196337,46.215,0,0,1,0,0,0,1,1,0,0,0,Pass,,https://nccospublicstor.blob.core.windows.net/biomapper/usviinsularshelf2017/videos/low/GV2011_300.mp4
REC0655,GV2011_301,"St. Thomas, USVI",GV,Ground Validation,2011-04-12,2011,18.21660752,-64.8728592,41.409,1,0,0,0,1,0,1,1,0,0,0,Pass,,https://nccospublicstor.blob.core.windows.net/biomapper/usviinsularshelf2017/videos/low/GV2011_301.mp4
REC0656,GV2011_302,"St. Thomas, USVI",GV,Ground Validation,2011-04-12,2011,18.21658963,-64.87584,45.293,0,0,1,1,0,0,1,1,0,0,0,Pass,,https://nccospublicstor.blob.core.windows.net/biomapper/usviinsularshelf2017/videos/low/GV2011_302.mp4
REC0657,GV2011_303,"St. Thomas, USVI",GV,Ground Validation,2011-04-12,2011,18.21654392,-64.88183923,44.116,0,0,1,0,0,0,1,1,0,0,0,Pass,,https://nccospublicstor.blob.core.windows.net/biomapper/usviinsularshelf2017/videos/low/GV2011_303.mp4
REC0658,GV2011_305,"St. Thomas, USVI",GV,Ground Validation,2011-04-13,2011,18.24068275,-64.93031863,41.71,0,0,1,1,0,0,1,1,0,0,0,Pass,,https://nccospublicstor.blob.core.windows.net/biomapper/usviinsularshelf2017/videos/low/GV2011_305.mp4
REC0659,GV2011_308,"St. Thomas, USVI",GV,Ground Validation,2011-04-13,2011,18.23263273,-64.89917096,42.316,0,0,0,0,0,0,1,1,0,0,0,Review,No core substrate class marked Present,https://nccospublicstor.blob.core.windows.net/biomapper/usviinsularshelf2017/videos/low/GV2011_308.mp4
REC0660,GV2011_309,"St. Thomas, USVI",GV,Ground Validation,2011-04-13,2011,18.22539386,-64.89357392,42.935,1,0,0,1,1,0,1,1,0,0,0,Pass,,https://nccospublicstor.blob.core.windows.net/biomapper/usviinsularshelf2017/videos/low/GV2011_309.mp4
REC0661,GV2011_310,"St. Thomas, USVI",GV,Ground Validation,2011-04-13,2011,18.22167428,-64.89494426,43.398,1,0,0,1,1,0,1,1,0,0,0,Pass,,https://nccospublicstor.blob.core.windows.net/biomapper/usviinsularshelf2017/videos/low/GV2011_310.mp4
REC0662,GV2011_311,"St. Thomas, USVI",GV,Ground Validation,2011-04-13,2011,18.22546833,-64.91651071,41.851,1,0,0,0,1,0,1,1,0,0,0,Pass,,https://nccospublicstor.blob.core.windows.net/biomapper/usviinsularshelf2017/videos/low/GV2011_311.mp4
REC0663,GV2011_313,"St. Thomas, USVI",GV,Ground Validation,2011-04-13,2011,18.22417293,-64.93804218,41.721,1,0,0,1,1,0,1,1,0,0,0,Pass,,https://nccospublicstor.blob.core.windows.net/biomapper/usviinsularshelf2017/videos/low/GV2011_313.mp4
REC0664,GV2011_314,"St. Thomas, USVI",GV,Ground Validation,2011-04-13,2011,18.22134814,-64.93808149,43.029,1,0,0,0,1,0,1,1,0,0,0,Pass,,https://nccospublicstor.blob.core.windows.net/biomapper/usviinsularshelf2017/videos/low/GV2011_314.mp4
REC0665,GV2011_315,"St. Thomas, USVI",GV,Ground Validation,2011-04-13,2011,18.22567874,-64.89889759,42.563,1,0,0,1,1,0,1,1,0,0,0,Pass,,https://nccospublicstor.blob.core.windows.net/biomapper/usviinsularshelf2017/videos/low/GV2011_315.mp4
REC0666,GV2016_001,"St. Thomas, USVI",GV,Ground Validation,2016-08-27,2016,18.25972382,-64.99977413,36.15,0,0,1,1,0,0,1,1,0,0,0,Pass,,https://nccospublicstor.blob.core.windows.net/biomapper/usviinsularshelf2017/videos/low/GV2016_001.mp4
REC0667,GV2016_002,"St. John, USVI",GV,Ground Validation,2016-09-16,2016,18.19314057,-64.77383938,56.997,0,0,1,0,0,0,1,1,0,0,0,Pass,,https://nccospublicstor.blob.core.windows.net/biomapper/usviinsularshelf2017/videos/low/GV2016_002.mp4
REC0668,GV2016_003,"St. Thomas, USVI",GV,Ground Validation,2016-08-28,2016,18.19063768,-64.89945918,50.698,0,0,1,0,1,1,1,1,0,0,0,Pass,,https://nccospublicstor.blob.core.windows.net/biomapper/usviinsularshelf2017/videos/low/GV2016_003.mp4
REC0669,GV2016_004,"St. Thomas, USVI",GV,Ground Validation,2016-08-29,2016,18.24084535,-64.87765893,41.275,0,0,1,1,1,0,1,1,0,0,0,Pass,,https://nccospublicstor.blob.core.windows.net/biomapper/usviinsularshelf2017/videos/low/GV2016_004.mp4
REC0670,GV2016_005,"St. John, USVI",GV,Ground Validation,2016-09-12,2016,18.23874863,-64.68654013,53.466,0,1,0,0,1,0,1,1,0,0,0,Pass,,https://nccospublicstor.blob.core.windows.net/biomapper/usviinsularshelf2017/videos/low/GV2016_005.mp4
REC0671,GV2016_006,"St. Thomas, USVI",GV,Ground Validation,2016-08-27,2016,18.23642586,-65.03941368,38.584,0,0,1,0,0,0,1,1,0,0,0,Pass,,https://nccospublicstor.blob.core.windows.net/biomapper/usviinsularshelf2017/videos/low/GV2016_006.mp4
REC0672,GV2016_008,Puerto Rico,GV,Ground Validation,2016-08-25,2016,18.24020911,-65.14835655,37.234,1,0,0,0,1,1,1,1,0,0,0,Pass,,https://nccospublicstor.blob.core.windows.net/biomapper/usviinsularshelf2017/videos/low/GV2016_008.mp4
REC0673,GV2016_009,"St. Thomas, USVI",GV,Ground Validation,2016-08-27,2016,18.2434284,-65.0342044,39.741,0,0,1,0,1,0,1,1,0,0,0,Pass,,https://nccospublicstor.blob.core.windows.net/biomapper/usviinsularshelf2017/videos/low/GV2016_009.mp4
REC0674,GV2016_010,"St. Thomas, USVI",GV,Ground Validation,2016-08-30,2016,18.2570364,-64.98420551,37.507,0,0,1,1,0,0,1,1,0,0,0,Pass,,https://nccospublicstor.blob.core.windows.net/biomapper/usviinsularshelf2017/videos/low/GV2016_010.mp4
REC0675,GV2016_011,"St. John, USVI",GV,Ground Validation,2016-09-12,2016,18.26441258,-64.6892694,47.879,0,0,1,0,0,0,1,0,0,0,0,Pass,,https://nccospublicstor.blob.core.windows.net/biomapper/usviinsularshelf2017/videos/low/GV2016_011.mp4
REC0676,GV2016_012,"St. Thomas, USVI",GV,Ground Validation,2016-08-29,2016,18.23995443,-64.8866958,42.195,0,0,1,1,0,0,1,1,0,0,0,Pass,,https://nccospublicstor.blob.core.windows.net/biomapper/usviinsularshelf2017/videos/low/GV2016_012.mp4
REC0677,GV2016_013,"St. John, USVI",GV,Ground Validation,2016-09-16,2016,18.18914401,-64.7661889,55.532,0,1,1,0,1,0,1,1,0,0,0,Pass,,https://nccospublicstor.blob.core.windows.net/biomapper/usviinsularshelf2017/videos/low/GV2016_013.mp4
REC0678,GV2016_014,"St. John, USVI",GV,Ground Validation,2016-09-12,2016,18.24083089,-64.67931143,51.666,0,1,1,0,1,0,1,1,0,0,0,Pass,,https://nccospublicstor.blob.core.windows.net/biomapper/usviinsularshelf2017/videos/low/GV2016_014.mp4
REC0679,GV2016_015,"St. Thomas, USVI",GV,Ground Validation,2016-08-25,2016,18.24680729,-65.08101666,29.804,1,0,0,0,1,0,1,1,0,0,0,Pass,,https://nccospublicstor.blob.core.windows.net/biomapper/usviinsularshelf2017/videos/low/GV2016_015.mp4
REC0680,GV2016_016,"St. Thomas, USVI",GV,Ground Validation,2016-08-25,2016,18.25428187,-65.06768706,36.019,0,0,1,1,0,0,1,1,0,0,0,Pass,,https://nccospublicstor.blob.core.windows.net/biomapper/usviinsularshelf2017/videos/low/GV2016_016.mp4
REC0681,GV2016_017,"St. Thomas, USVI",GV,Ground Validation,2016-08-28,2016,18.26319812,-64.91208002,33.506,0,0,1,1,0,0,1,1,0,0,0,Pass,,https://nccospublicstor.blob.core.windows.net/biomapper/usviinsularshelf2017/videos/low/GV2016_017.mp4
REC0682,GV2016_018,"St. Thomas, USVI",GV,Ground Validation,2016-08-28,2016,18.23679172,-64.91612703,42.138,0,0,1,1,0,0,1,1,0,0,0,Pass,,https://nccospublicstor.blob.core.windows.net/biomapper/usviinsularshelf2017/videos/low/GV2016_018.mp4
REC0683,GV2016_019,"St. Thomas, USVI",GV,Ground Validation,2016-08-29,2016,18.24148714,-64.85729136,37.45,0,0,0,1,0,0,1,1,0,0,0,Pass,,https://nccospublicstor.blob.core.windows.net/biomapper/usviinsularshelf2017/videos/low/GV2016_019.mp4
REC0684,GV2016_020,"St. Thomas, USVI",GV,Ground Validation,2016-09-09,2016,18.25754787,-64.84403047,35.741,0,0,1,1,0,0,1,1,0,0,0,Pass,,https://nccospublicstor.blob.core.windows.net/biomapper/usviinsularshelf2017/videos/low/GV2016_020.mp4
REC0685,GV2016_021,"St. John, USVI",GV,Ground Validation,2016-08-31,2016,18.28161385,-64.80822012,31.838,0,1,1,0,0,0,1,1,0,0,0,Pass,,https://nccospublicstor.blob.core.windows.net/biomapper/usviinsularshelf2017/videos/low/GV2016_021.mp4
REC0686,GV2016_022,"St. Thomas, USVI",GV,Ground Validation,2016-08-27,2016,18.27149815,-65.04231674,33.708,0,0,1,0,0,0,1,1,0,0,0,Pass,,https://nccospublicstor.blob.core.windows.net/biomapper/usviinsularshelf2017/videos/low/GV2016_022.mp4
REC0687,GV2016_023,"St. Thomas, USVI",GV,Ground Validation,2016-08-29,2016,18.23009695,-64.87610204,43.694,1,0,0,0,1,0,1,1,0,0,0,Pass,,https://nccospublicstor.blob.core.windows.net/biomapper/usviinsularshelf2017/videos/low/GV2016_023.mp4
REC0688,GV2016_024,Puerto Rico,GV,Ground Validation,2016-08-21,2016,18.12338913,-65.18251443,44.139,0,0,1,0,0,0,1,1,0,0,0,Pass,,https://nccospublicstor.blob.core.windows.net/biomapper/usviinsularshelf2017/videos/low/GV2016_024.mp4
REC0689,GV2016_025,"St. Thomas, USVI",GV,Ground Validation,2016-08-30,2016,18.2620296,-64.95455491,35.026,0,0,1,1,0,0,1,1,0,0,0,Pass,,https://nccospublicstor.blob.core.windows.net/biomapper/usviinsularshelf2017/videos/low/GV2016_025.mp4
REC0690,GV2016_026,"St. Thomas, USVI",GV,Ground Validation,2016-08-25,2016,18.25299432,-65.07743337,34.378,1,0,0,1,1,1,1,1,0,0,0,Pass,,https://nccospublicstor.blob.core.windows.net/biomapper/usviinsularshelf2017/videos/low/GV2016_026.mp4
REC0691,GV2016_027,"St. Thomas, USVI",GV,Ground Validation,2016-08-27,2016,18.23834238,-65.00511428,40.84,0,0,1,0,0,0,1,1,0,0,0,Pass,,https://nccospublicstor.blob.core.windows.net/biomapper/usviinsularshelf2017/videos/low/GV2016_027.mp4
REC0692,GV2016_028,"St. John, USVI",GV,Ground Validation,2016-09-13,2016,18.25376537,-64.78033165,46.146,0,0,1,1,0,0,1,1,0,0,0,Pass,,https://nccospublicstor.blob.core.windows.net/biomapper/usviinsularshelf2017/videos/low/GV2016_028.mp4
REC0693,GV2016_029,"St. John, USVI",GV,Ground Validation,2016-09-17,2016,18.23712069,-64.74913775,55.312,0,0,1,0,0,0,1,1,0,0,0,Pass,,https://nccospublicstor.blob.core.windows.net/biomapper/usviinsularshelf2017/videos/low/GV2016_029.mp4
REC0694,GV2016_030,"St. Thomas, USVI",GV,Ground Validation,2016-08-26,2016,18.19436804,-64.95506987,38.761,1,0,0,0,1,0,1,1,0,0,0,Pass,,https://nccospublicstor.blob.core.windows.net/biomapper/usviinsularshelf2017/videos/low/GV2016_030.mp4
REC0695,GV2016_031,"St. Thomas, USVI",GV,Ground Validation,2016-08-29,2016,18.22826302,-64.85587023,43.185,0,0,1,0,0,0,1,1,0,0,0,Pass,,https://nccospublicstor.blob.core.windows.net/biomapper/usviinsularshelf2017/videos/low/GV2016_031.mp4
REC0696,GV2016_032,"St. Thomas, USVI",GV,Ground Validation,2016-08-25,2016,18.2605504,-65.05667731,34.784,0,0,1,1,0,0,1,1,0,0,0,Pass,,https://nccospublicstor.blob.core.windows.net/biomapper/usviinsularshelf2017/videos/low/GV2016_032.mp4
REC0697,GV2016_033,"St. John, USVI",GV,Ground Validation,2016-09-12,2016,18.24967273,-64.68556104,46.995,0,0,1,0,0,0,1,0,0,0,0,Pass,,https://nccospublicstor.blob.core.windows.net/biomapper/usviinsularshelf2017/videos/low/GV2016_033.mp4
REC0698,GV2016_034,Puerto Rico,GV,Ground Validation,2016-08-21,2016,18.13302863,-65.22166626,39.982,0,0,1,0,1,0,1,1,0,0,0,Pass,,https://nccospublicstor.blob.core.windows.net/biomapper/usviinsularshelf2017/videos/low/GV2016_034.mp4
REC0699,GV2016_035,"St. Thomas, USVI",GV,Ground Validation,2016-08-27,2016,18.24726158,-65.0450651,38.333,0,0,0,1,0,0,1,1,0,0,0,Pass,,https://nccospublicstor.blob.core.windows.net/biomapper/usviinsularshelf2017/videos/low/GV2016_035.mp4
REC0700,GV2016_036,"St. Thomas, USVI",GV,Ground Validation,2016-08-28,2016,18.19939296,-64.89382611,48.584,1,1,1,0,1,0,1,1,0,0,0,Pass,,https://nccospublicstor.blob.core.windows.net/biomapper/usviinsularshelf2017/videos/low/GV2016_036.mp4
REC0701,GV2016_038,"St. John, USVI",GV,Ground Validation,2016-09-17,2016,18.21993233,-64.76270252,54.109,0,0,1,0,0,0,1,1,0,0,0,Pass,,https://nccospublicstor.blob.core.windows.net/biomapper/usviinsularshelf2017/videos/low/GV2016_038.mp4
REC0702,GV2016_039,Puerto Rico,GV,Ground Validation,2016-08-21,2016,18.17902784,-65.23844832,34.393,0,1,1,1,1,0,1,1,0,0,0,Pass,,https://nccospublicstor.blob.core.windows.net/biomapper/usviinsularshelf2017/videos/low/GV2016_039.mp4
REC0703,GV2016_040,"St. John, USVI",GV,Ground Validation,2016-09-13,2016,18.23947827,-64.78051586,46.661,0,0,1,0,0,0,1,1,0,0,0,Pass,,https://nccospublicstor.blob.core.windows.net/biomapper/usviinsularshelf2017/videos/low/GV2016_040.mp4
REC0704,GV2016_041,Puerto Rico,GV,Ground Validation,2016-08-21,2016,18.15471605,-65.1913441,41.348,1,0,0,0,1,0,1,1,0,0,0,Pass,,https://nccospublicstor.blob.core.windows.net/biomapper/usviinsularshelf2017/videos/low/GV2016_041.mp4
REC0705,GV2016_042,"St. Thomas, USVI",GV,Ground Validation,2016-08-27,2016,18.22820731,-65.08981998,33.378,1,0,0,0,1,1,1,1,0,0,0,Pass,,https://nccospublicstor.blob.core.windows.net/biomapper/usviinsularshelf2017/videos/low/GV2016_042.mp4
REC0706,GV2016_044,"St. John, USVI",GV,Ground Validation,2016-09-11,2016,18.27569586,-64.75907893,37.757,0,1,0,1,0,0,1,1,0,0,0,Pass,,https://nccospublicstor.blob.core.windows.net/biomapper/usviinsularshelf2017/videos/low/GV2016_044.mp4
REC0707,GV2016_045,Puerto Rico,GV,Ground Validation,2016-08-23,2016,18.21211999,-65.14641398,40.458,1,0,0,1,1,0,1,1,0,0,0,Pass,,https://nccospublicstor.blob.core.windows.net/biomapper/usviinsularshelf2017/videos/low/GV2016_045.mp4
REC0708,GV2016_047,"St. Thomas, USVI",GV,Ground Validation,2016-08-28,2016,18.20398204,-64.92137383,46.951,0,1,1,1,1,0,1,1,0,0,0,Pass,,https://nccospublicstor.blob.core.windows.net/biomapper/usviinsularshelf2017/videos/low/GV2016_047.mp4
REC0709,GV2016_048,Puerto Rico,GV,Ground Validation,2016-08-23,2016,18.19871941,-65.18316782,36.899,1,0,0,0,1,1,1,1,0,0,0,Pass,,https://nccospublicstor.blob.core.windows.net/biomapper/usviinsularshelf2017/videos/low/GV2016_048.mp4
REC0710,GV2016_050,"St. John, USVI",GV,Ground Validation,2016-09-13,2016,18.25570563,-64.8075107,42.299,0,1,1,1,0,0,1,1,0,0,0,Pass,,https://nccospublicstor.blob.core.windows.net/biomapper/usviinsularshelf2017/videos/low/GV2016_050.mp4
REC0711,GV2016_051,Puerto Rico,GV,Ground Validation,2016-08-23,2016,18.20722882,-65.19258919,30.892,1,0,0,0,1,1,1,1,0,0,0,Pass,,https://nccospublicstor.blob.core.windows.net/biomapper/usviinsularshelf2017/videos/low/GV2016_051.mp4
REC0712,GV2016_052,"St. John, USVI",GV,Ground Validation,2016-09-17,2016,18.20225138,-64.75530718,53.53,0,1,1,0,1,0,1,1,0,0,0,Pass,,https://nccospublicstor.blob.core.windows.net/biomapper/usviinsularshelf2017/videos/low/GV2016_052.mp4
REC0713,GV2016_053,"St. Thomas, USVI",GV,Ground Validation,2016-09-09,2016,18.22841094,-64.83075839,46.791,0,0,1,0,0,0,1,1,0,0,0,Pass,,https://nccospublicstor.blob.core.windows.net/biomapper/usviinsularshelf2017/videos/low/GV2016_053.mp4
REC0714,GV2016_055,"St. Thomas, USVI",GV,Ground Validation,2016-08-27,2016,18.23988203,-65.11902472,29.697,1,0,0,0,1,1,1,1,0,0,0,Pass,,https://nccospublicstor.blob.core.windows.net/biomapper/usviinsularshelf2017/videos/low/GV2016_055.mp4
REC0715,GV2016_056,"St. John, USVI",GV,Ground Validation,2016-09-12,2016,18.22489394,-64.71221974,52.458,0,1,0,0,1,0,1,1,0,0,0,Pass,,https://nccospublicstor.blob.core.windows.net/biomapper/usviinsularshelf2017/videos/low/GV2016_056.mp4
REC0716,GV2016_057,"St. Thomas, USVI",GV,Ground Validation,2016-09-09,2016,18.21913248,-64.84584045,49.506,0,0,1,0,0,0,1,1,0,0,0,Pass,,https://nccospublicstor.blob.core.windows.net/biomapper/usviinsularshelf2017/videos/low/GV2016_057.mp4
REC0717,GV2016_058,"St. Thomas, USVI",GV,Ground Validation,2016-08-23,2016,18.18568421,-65.12972765,41.328,1,0,0,0,1,1,1,1,0,0,0,Pass,,https://nccospublicstor.blob.core.windows.net/biomapper/usviinsularshelf2017/videos/low/GV2016_058.mp4
REC0718,GV2016_059,"St. John, USVI",GV,Ground Validation,2016-09-11,2016,18.2790296,-64.66854784,44.078,0,0,1,1,0,0,1,0,0,0,0,Pass,,https://nccospublicstor.blob.core.windows.net/biomapper/usviinsularshelf2017/videos/low/GV2016_059.mp4
REC0719,GV2016_060,"St. Thomas, USVI",GV,Ground Validation,2016-08-28,2016,18.24104679,-64.92120041,41.408,0,0,1,1,0,0,1,1,0,0,0,Pass,,https://nccospublicstor.blob.core.windows.net/biomapper/usviinsularshelf2017/videos/low/GV2016_060.mp4
REC0720,GV2016_061,Puerto Rico,GV,Ground Validation,2016-08-25,2016,18.23145719,-65.14344462,32.16,1,0,0,0,1,0,1,1,0,0,0,Pass,,https://nccospublicstor.blob.core.windows.net/biomapper/usviinsularshelf2017/videos/low/GV2016_061.mp4
REC0721,GV2016_062,"St. Thomas, USVI",GV,Ground Validation,2016-08-26,2016,18.18378418,-65.09756205,36.037,1,0,0,0,1,0,1,1,0,0,0,Pass,,https://nccospublicstor.blob.core.windows.net/biomapper/usviinsularshelf2017/videos/low/GV2016_062.mp4
REC0722,GV2016_063,"St. Thomas, USVI",GV,Ground Validation,2016-08-26,2016,18.19498196,-64.94663907,46.593,1,0,0,0,1,0,1,1,0,0,0,Pass,,https://nccospublicstor.blob.core.windows.net/biomapper/usviinsularshelf2017/videos/low/GV2016_063.mp4
REC0723,GV2016_064,"St. Thomas, USVI",GV,Ground Validation,2016-08-27,2016,18.23932261,-64.99852978,39.619,0,0,1,0,0,0,1,1,0,0,0,Pass,,https://nccospublicstor.blob.core.windows.net/biomapper/usviinsularshelf2017/videos/low/GV2016_064.mp4
REC0724,GV2016_065,"St. Thomas, USVI",GV,Ground Validation,2016-08-28,2016,18.19891068,-64.87072751,48.697,0,1,1,0,0,0,1,1,0,0,0,Pass,,https://nccospublicstor.blob.core.windows.net/biomapper/usviinsularshelf2017/videos/low/GV2016_065.mp4
REC0725,GV2016_066,Puerto Rico,GV,Ground Validation,2016-08-22,2016,18.21940226,-65.18788741,31.37,1,0,0,0,1,0,1,0,0,0,0,Pass,,https://nccospublicstor.blob.core.windows.net/biomapper/usviinsularshelf2017/videos/low/GV2016_066.mp4
REC0726,GV2016_067,"St. John, USVI",GV,Ground Validation,2016-09-16,2016,18.19177583,-64.79698663,58.409,0,1,1,0,1,0,1,1,0,0,0,Pass,,https://nccospublicstor.blob.core.windows.net/biomapper/usviinsularshelf2017/videos/low/GV2016_067.mp4
REC0727,GV2016_068,Puerto Rico,GV,Ground Validation,2016-08-25,2016,18.23079076,-65.16114703,36.408,1,0,0,0,1,1,1,1,0,0,0,Pass,,https://nccospublicstor.blob.core.windows.net/biomapper/usviinsularshelf2017/videos/low/GV2016_068.mp4
REC0728,GV2016_071,"St. John, USVI",GV,Ground Validation,2016-09-01,2016,18.29207754,-64.73464962,31.729,0,0,1,1,0,0,1,1,0,0,0,Pass,,https://nccospublicstor.blob.core.windows.net/biomapper/usviinsularshelf2017/videos/low/GV2016_071.mp4
REC0729,GV2016_072,Puerto Rico,GV,Ground Validation,2016-08-23,2016,18.1836164,-65.15040028,41.228,1,0,0,0,1,1,1,1,0,0,0,Pass,,https://nccospublicstor.blob.core.windows.net/biomapper/usviinsularshelf2017/videos/low/GV2016_072.mp4
REC0730,GV2016_073,"St. Thomas, USVI",GV,Ground Validation,2016-08-20,2016,18.27614239,-65.12847632,27.291,1,0,0,0,1,0,1,1,0,0,0,Pass,,https://nccospublicstor.blob.core.windows.net/biomapper/usviinsularshelf2017/videos/low/GV2016_073.mp4
REC0731,GV2016_074,"St. Thomas, USVI",GV,Ground Validation,2016-08-26,2016,18.20295324,-64.97483444,49.46,0,0,1,1,0,0,1,1,0,0,0,Pass,,https://nccospublicstor.blob.core.windows.net/biomapper/usviinsularshelf2017/videos/low/GV2016_074.mp4
REC0732,GV2016_075,"St. Thomas, USVI",GV,Ground Validation,2016-08-30,2016,18.26402406,-64.85173572,34.642,0,0,1,1,0,0,1,1,0,0,0,Pass,,https://nccospublicstor.blob.core.windows.net/biomapper/usviinsularshelf2017/videos/low/GV2016_075.mp4
REC0733,GV2016_076,Puerto Rico,GV,Ground Validation,2016-08-22,2016,18.20614541,-65.19968529,32.691,1,0,0,0,1,1,1,1,0,0,0,Pass,,https://nccospublicstor.blob.core.windows.net/biomapper/usviinsularshelf2017/videos/low/GV2016_076.mp4
REC0734,GV2016_077,"St. Thomas, USVI",GV,Ground Validation,2016-08-27,2016,18.22926666,-65.09773739,31.497,1,0,0,0,1,1,1,1,0,0,0,Pass,,https://nccospublicstor.blob.core.windows.net/biomapper/usviinsularshelf2017/videos/low/GV2016_077.mp4
REC0735,GV2016_078,Puerto Rico,GV,Ground Validation,2016-08-21,2016,18.15735697,-65.21498028,41.422,0,0,1,0,0,0,1,0,0,0,0,Pass,,https://nccospublicstor.blob.core.windows.net/biomapper/usviinsularshelf2017/videos/low/GV2016_078.mp4
REC0736,GV2016_079,"St. Thomas, USVI",GV,Ground Validation,2016-09-09,2016,18.25714767,-64.82448036,35.617,0,0,1,1,0,0,1,1,0,0,0,Pass,,https://nccospublicstor.blob.core.windows.net/biomapper/usviinsularshelf2017/videos/low/GV2016_079.mp4
REC0737,GV2016_080,"St. John, USVI",GV,Ground Validation,2016-09-12,2016,18.23126196,-64.68699192,53.986,0,0,1,0,1,0,1,1,0,0,0,Pass,,https://nccospublicstor.blob.core.windows.net/biomapper/usviinsularshelf2017/videos/low/GV2016_080.mp4
REC0738,GV2016_081,Puerto Rico,GV,Ground Validation,2016-08-22,2016,18.16525182,-65.23450739,37.8,1,0,0,1,1,0,1,1,0,0,0,Pass,,https://nccospublicstor.blob.core.windows.net/biomapper/usviinsularshelf2017/videos/low/GV2016_081.mp4
REC0739,GV2016_082,Puerto Rico,GV,Ground Validation,2016-08-21,2016,18.14608853,-65.19350544,37.34,1,0,0,0,1,1,1,1,0,0,0,Pass,,https://nccospublicstor.blob.core.windows.net/biomapper/usviinsularshelf2017/videos/low/GV2016_082.mp4
REC0740,GV2016_084,Puerto Rico,GV,Ground Validation,2016-08-22,2016,18.18101834,-65.19725164,38.723,1,0,0,0,1,1,1,1,0,0,0,Pass,,https://nccospublicstor.blob.core.windows.net/biomapper/usviinsularshelf2017/videos/low/GV2016_084.mp4
REC0741,GV2016_085,"St. Thomas, USVI",GV,Ground Validation,2016-08-29,2016,18.23622751,-64.88971962,42.061,0,0,1,1,0,0,1,1,0,0,0,Pass,,https://nccospublicstor.blob.core.windows.net/biomapper/usviinsularshelf2017/videos/low/GV2016_085.mp4
REC0742,GV2016_086,"St. John, USVI",GV,Ground Validation,2016-09-13,2016,18.23508224,-64.8114072,49.275,0,0,1,0,0,0,1,1,0,0,0,Pass,,https://nccospublicstor.blob.core.windows.net/biomapper/usviinsularshelf2017/videos/low/GV2016_086.mp4
REC0743,GV2016_087,"St. Thomas, USVI",GV,Ground Validation,2016-08-28,2016,18.18027606,-64.89724075,52.895,0,0,1,0,1,0,1,1,0,0,0,Pass,,https://nccospublicstor.blob.core.windows.net/biomapper/usviinsularshelf2017/videos/low/GV2016_087.mp4
REC0744,GV2016_088,"St. Thomas, USVI",GV,Ground Validation,2016-08-26,2016,18.21907692,-65.0384688,41.54,0,0,1,1,0,0,1,1,0,0,0,Pass,,https://nccospublicstor.blob.core.windows.net/biomapper/usviinsularshelf2017/videos/low/GV2016_088.mp4
REC0745,GV2016_090,"St. Thomas, USVI",GV,Ground Validation,2016-08-26,2016,18.20265556,-64.99690706,42.748,0,1,1,1,1,0,1,1,0,0,0,Pass,,https://nccospublicstor.blob.core.windows.net/biomapper/usviinsularshelf2017/videos/low/GV2016_090.mp4
REC0746,GV2016_091,"St. John, USVI",GV,Ground Validation,2016-09-17,2016,18.25918185,-64.76129701,45.222,0,0,1,0,0,0,1,1,0,0,0,Pass,,https://nccospublicstor.blob.core.windows.net/biomapper/usviinsularshelf2017/videos/low/GV2016_091.mp4
REC0747,GV2016_092,"St. John, USVI",GV,Ground Validation,2016-09-17,2016,18.20623883,-64.73969352,52.59,0,1,1,0,1,0,1,1,0,0,0,Pass,,https://nccospublicstor.blob.core.windows.net/biomapper/usviinsularshelf2017/videos/low/GV2016_092.mp4
REC0748,GV2016_094,Puerto Rico,GV,Ground Validation,2016-08-23,2016,18.18374434,-65.17260417,37.854,1,0,0,0,1,0,1,1,0,0,0,Pass,,https://nccospublicstor.blob.core.windows.net/biomapper/usviinsularshelf2017/videos/low/GV2016_094.mp4
REC0749,GV2016_095,"St. Thomas, USVI",GV,Ground Validation,2016-08-29,2016,18.22474109,-64.94800457,43.397,0,0,1,0,1,0,1,1,0,0,0,Pass,,https://nccospublicstor.blob.core.windows.net/biomapper/usviinsularshelf2017/videos/low/GV2016_095.mp4
REC0750,GV2016_097,"St. Thomas, USVI",GV,Ground Validation,2016-08-25,2016,18.22205067,-65.12939207,35.842,1,0,0,1,1,0,1,1,0,0,0,Pass,,https://nccospublicstor.blob.core.windows.net/biomapper/usviinsularshelf2017/videos/low/GV2016_097.mp4
REC0751,GV2016_098,"St. Thomas, USVI",GV,Ground Validation,2016-08-29,2016,18.2292157,-64.94132905,42.918,0,0,1,1,0,0,1,1,0,0,0,Pass,,https://nccospublicstor.blob.core.windows.net/biomapper/usviinsularshelf2017/videos/low/GV2016_098.mp4
REC0752,GV2016_099,"St. Thomas, USVI",GV,Ground Validation,2016-08-26,2016,18.1926976,-64.92106666,56.152,0,0,1,0,0,0,1,1,0,0,0,Pass,,https://nccospublicstor.blob.core.windows.net/biomapper/usviinsularshelf2017/videos/low/GV2016_099.mp4
REC0753,GV2016_100,"St. Thomas, USVI",GV,Ground Validation,2016-08-29,2016,18.22994839,-64.98639903,41.576,0,0,1,1,0,0,1,1,0,0,0,Pass,,https://nccospublicstor.blob.core.windows.net/biomapper/usviinsularshelf2017/videos/low/GV2016_100.mp4
REC0754,GV2016_102,Puerto Rico,GV,Ground Validation,2016-08-21,2016,18.13980891,-65.25825323,32.837,0,0,1,0,1,0,1,1,0,0,0,Pass,,https://nccospublicstor.blob.core.windows.net/biomapper/usviinsularshelf2017/videos/low/GV2016_102.mp4
REC0755,GV2016_103,"St. John, USVI",GV,Ground Validation,2016-09-16,2016,18.20101814,-64.79565505,54.142,0,1,1,0,1,0,1,1,0,0,0,Pass,,https://nccospublicstor.blob.core.windows.net/biomapper/usviinsularshelf2017/videos/low/GV2016_103.mp4
REC0756,GV2016_104,"St. Thomas, USVI",GV,Ground Validation,2016-08-28,2016,18.20013387,-64.90623445,50.255,1,1,1,0,1,0,1,1,0,0,0,Pass,,https://nccospublicstor.blob.core.windows.net/biomapper/usviinsularshelf2017/videos/low/GV2016_104.mp4
REC0757,GV2016_105,"St. Thomas, USVI",GV,Ground Validation,2016-08-29,2016,18.2550998,-64.92960778,39.356,0,0,0,1,0,0,1,0,0,0,0,Pass,,https://nccospublicstor.blob.core.windows.net/biomapper/usviinsularshelf2017/videos/low/GV2016_105.mp4
REC0758,GV2016_106,Puerto Rico,GV,Ground Validation,2016-08-21,2016,18.12239759,-65.22610295,48.998,0,1,1,0,0,0,1,1,0,0,0,Pass,,https://nccospublicstor.blob.core.windows.net/biomapper/usviinsularshelf2017/videos/low/GV2016_106.mp4
REC0759,GV2016_107,"St. John, USVI",GV,Ground Validation,2016-09-11,2016,18.27313364,-64.71216443,29.574,0,1,1,0,1,1,1,1,0,0,0,Pass,,https://nccospublicstor.blob.core.windows.net/biomapper/usviinsularshelf2017/videos/low/GV2016_107.mp4
REC0760,GV2016_108,"St. Thomas, USVI",GV,Ground Validation,2016-09-09,2016,18.25631758,-64.83511912,37.238,0,0,1,1,0,0,1,1,0,0,0,Pass,,https://nccospublicstor.blob.core.windows.net/biomapper/usviinsularshelf2017/videos/low/GV2016_108.mp4
REC0761,GV2016_109,"St. Thomas, USVI",GV,Ground Validation,2016-08-28,2016,18.25657325,-64.91127712,38.776,0,0,0,1,0,0,1,1,0,0,0,Pass,,https://nccospublicstor.blob.core.windows.net/biomapper/usviinsularshelf2017/videos/low/GV2016_109.mp4
REC0762,GV2016_111,"St. John, USVI",GV,Ground Validation,2016-09-12,2016,18.25694324,-64.68825305,48.58,0,0,1,1,1,0,1,1,0,0,0,Pass,,https://nccospublicstor.blob.core.windows.net/biomapper/usviinsularshelf2017/videos/low/GV2016_111.mp4
REC0763,GV2016_112,"St. John, USVI",GV,Ground Validation,2016-09-13,2016,18.21792259,-64.80068114,52.546,0,1,1,0,1,0,1,1,0,0,0,Pass,,https://nccospublicstor.blob.core.windows.net/biomapper/usviinsularshelf2017/videos/low/GV2016_112.mp4
REC0764,GV2016_113,"St. Thomas, USVI",GV,Ground Validation,2016-08-25,2016,18.23762582,-65.07340069,31.331,1,0,0,0,1,1,1,1,0,0,0,Pass,,https://nccospublicstor.blob.core.windows.net/biomapper/usviinsularshelf2017/videos/low/GV2016_113.mp4
REC0765,GV2016_114,"St. Thomas, USVI",GV,Ground Validation,2016-08-26,2016,18.19644756,-64.97765547,51.76,0,0,1,0,0,0,1,1,0,0,0,Pass,,https://nccospublicstor.blob.core.windows.net/biomapper/usviinsularshelf2017/videos/low/GV2016_114.mp4
REC0766,GV2016_115,Puerto Rico,GV,Ground Validation,2016-08-22,2016,18.18014503,-65.22168123,39.221,1,0,0,1,1,0,1,1,0,0,0,Pass,,https://nccospublicstor.blob.core.windows.net/biomapper/usviinsularshelf2017/videos/low/GV2016_115.mp4
REC0767,GV2016_116,"St. John, USVI",GV,Ground Validation,2016-09-13,2016,18.24275087,-64.79991898,46.687,0,0,1,1,0,0,1,1,0,0,0,Pass,,https://nccospublicstor.blob.core.windows.net/biomapper/usviinsularshelf2017/videos/low/GV2016_116.mp4
REC0768,GV2016_117,"St. John, USVI",GV,Ground Validation,2016-09-12,2016,18.27593811,-64.68600273,44.193,0,0,1,0,0,0,1,1,0,0,0,Pass,,https://nccospublicstor.blob.core.windows.net/biomapper/usviinsularshelf2017/videos/low/GV2016_117.mp4
REC0769,GV2016_118,Puerto Rico,GV,Ground Validation,2016-08-21,2016,18.16184473,-65.21138264,36.949,1,0,0,0,1,1,1,1,0,0,0,Pass,,https://nccospublicstor.blob.core.windows.net/biomapper/usviinsularshelf2017/videos/low/GV2016_118.mp4
REC0770,GV2016_120,"St. Thomas, USVI",GV,Ground Validation,2016-08-30,2016,18.27287908,-64.95906027,33.505,0,0,1,1,0,0,1,1,0,0,0,Pass,,https://nccospublicstor.blob.core.windows.net/biomapper/usviinsularshelf2017/videos/low/GV2016_120.mp4
REC0771,GV2016_121,"St. Thomas, USVI",GV,Ground Validation,2016-08-25,2016,18.23570439,-65.08259661,32.314,1,0,0,0,1,0,1,1,0,0,0,Pass,,https://nccospublicstor.blob.core.windows.net/biomapper/usviinsularshelf2017/videos/low/GV2016_121.mp4
REC0772,GV2016_122,"St. Thomas, USVI",GV,Ground Validation,2016-08-26,2016,18.20216038,-65.02266991,43.332,1,0,0,0,1,1,1,1,0,0,0,Pass,,https://nccospublicstor.blob.core.windows.net/biomapper/usviinsularshelf2017/videos/low/GV2016_122.mp4
REC0773,GV2016_123,"St. Thomas, USVI",GV,Ground Validation,2016-08-29,2016,18.26503492,-64.92337131,33.55,0,0,1,0,0,0,1,1,0,0,0,Pass,,https://nccospublicstor.blob.core.windows.net/biomapper/usviinsularshelf2017/videos/low/GV2016_123.mp4
REC0774,GV2016_124,Puerto Rico,GV,Ground Validation,2016-08-23,2016,18.19237598,-65.1669612,43.191,1,0,0,1,1,1,1,1,0,0,0,Pass,,https://nccospublicstor.blob.core.windows.net/biomapper/usviinsularshelf2017/videos/low/GV2016_124.mp4
REC0775,GV2016_125,Puerto Rico,GV,Ground Validation,2016-08-23,2016,18.19505944,-65.16015001,41.683,1,0,0,0,1,1,1,1,0,0,0,Pass,,https://nccospublicstor.blob.core.windows.net/biomapper/usviinsularshelf2017/videos/low/GV2016_125.mp4
REC0776,GV2016_126,Puerto Rico,GV,Ground Validation,2016-08-21,2016,18.16079625,-65.18539084,42.382,1,0,0,0,1,1,1,1,0,0,0,Pass,,https://nccospublicstor.blob.core.windows.net/biomapper/usviinsularshelf2017/videos/low/GV2016_126.mp4
REC0777,GV2016_127,"St. John, USVI",GV,Ground Validation,2016-09-17,2016,18.2133457,-64.76197205,51.129,0,1,1,0,1,0,1,1,0,0,0,Pass,,https://nccospublicstor.blob.core.windows.net/biomapper/usviinsularshelf2017/videos/low/GV2016_127.mp4
REC0778,GV2016_128,Puerto Rico,GV,Ground Validation,2016-08-25,2016,18.23363645,-65.18827592,31.646,1,0,0,1,1,1,1,1,0,0,0,Pass,,https://nccospublicstor.blob.core.windows.net/biomapper/usviinsularshelf2017/videos/low/GV2016_128.mp4
REC0779,GV2016_129,"St. Thomas, USVI",GV,Ground Validation,2016-08-27,2016,18.19528694,-65.09600727,43.484,1,0,0,1,1,1,1,1,0,0,0,Pass,,https://nccospublicstor.blob.core.windows.net/biomapper/usviinsularshelf2017/videos/low/GV2016_129.mp4
REC0780,GV2016_130,"St. Thomas, USVI",GV,Ground Validation,2016-08-29,2016,18.22950588,-64.86714379,42.5,0,0,1,0,0,0,1,1,0,0,0,Pass,,https://nccospublicstor.blob.core.windows.net/biomapper/usviinsularshelf2017/videos/low/GV2016_130.mp4
REC0781,GV2016_131,"St. Thomas, USVI",GV,Ground Validation,2016-08-28,2016,18.25378144,-64.91806199,39.92,0,0,1,1,0,0,1,1,0,0,0,Pass,,https://nccospublicstor.blob.core.windows.net/biomapper/usviinsularshelf2017/videos/low/GV2016_131.mp4
REC0782,GV2016_132,"St. John, USVI",GV,Ground Validation,2016-09-17,2016,18.21392775,-64.72970579,51.744,0,0,1,0,0,0,1,1,0,0,0,Pass,,https://nccospublicstor.blob.core.windows.net/biomapper/usviinsularshelf2017/videos/low/GV2016_132.mp4
REC0783,GV2016_133,"St. Thomas, USVI",GV,Ground Validation,2016-08-29,2016,18.24353155,-64.87331495,41.742,0,0,1,0,0,0,1,1,0,0,0,Pass,,https://nccospublicstor.blob.core.windows.net/biomapper/usviinsularshelf2017/videos/low/GV2016_133.mp4
REC0784,GV2016_134,"St. John, USVI",GV,Ground Validation,2016-09-11,2016,18.29000774,-64.67661037,32.018,0,0,1,1,0,0,1,1,0,0,0,Pass,,https://nccospublicstor.blob.core.windows.net/biomapper/usviinsularshelf2017/videos/low/GV2016_134.mp4
REC0785,GV2016_135,"St. John, USVI",GV,Ground Validation,2016-09-01,2016,18.30490257,-64.76756893,23.301,0,0,1,0,0,0,1,1,0,0,0,Pass,,https://nccospublicstor.blob.core.windows.net/biomapper/usviinsularshelf2017/videos/low/GV2016_135.mp4
REC0786,GV2016_136,Puerto Rico,GV,Ground Validation,2016-08-22,2016,18.20066774,-65.20701791,35.128,1,0,0,0,1,1,1,1,0,0,0,Pass,,https://nccospublicstor.blob.core.windows.net/biomapper/usviinsularshelf2017/videos/low/GV2016_136.mp4
REC0787,GV2016_137,"St. Thomas, USVI",GV,Ground Validation,2016-09-16,2016,18.2086465,-64.81748544,54.661,0,0,1,1,0,0,1,1,0,0,0,Pass,,https://nccospublicstor.blob.core.windows.net/biomapper/usviinsularshelf2017/videos/low/GV2016_137.mp4
REC0788,GV2016_138,Puerto Rico,GV,Ground Validation,2016-08-23,2016,18.17587845,-65.18043173,40.64,1,0,0,0,1,0,1,1,0,0,0,Pass,,https://nccospublicstor.blob.core.windows.net/biomapper/usviinsularshelf2017/videos/low/GV2016_138.mp4
REC0789,GV2016_139,Puerto Rico,GV,Ground Validation,2016-08-22,2016,18.17250866,-65.21831653,40.509,0,0,1,0,0,0,1,1,0,0,0,Pass,,https://nccospublicstor.blob.core.windows.net/biomapper/usviinsularshelf2017/videos/low/GV2016_139.mp4
REC0790,GV2016_140,"St. John, USVI",GV,Ground Validation,2016-09-13,2016,18.23333434,-64.7834089,53.26,0,0,1,0,1,0,1,1,0,0,0,Pass,,https://nccospublicstor.blob.core.windows.net/biomapper/usviinsularshelf2017/videos/low/GV2016_140.mp4
REC0791,GV2016_141,"St. John, USVI",GV,Ground Validation,2016-09-11,2016,18.27592161,-64.7278662,35.926,0,0,1,1,0,0,1,1,0,0,0,Pass,,https://nccospublicstor.blob.core.windows.net/biomapper/usviinsularshelf2017/videos/low/GV2016_141.mp4
REC0792,GV2016_142,"St. Thomas, USVI",GV,Ground Validation,2016-08-29,2016,18.23277916,-64.88471856,43.353,0,0,0,1,0,0,1,1,0,0,0,Pass,,https://nccospublicstor.blob.core.windows.net/biomapper/usviinsularshelf2017/videos/low/GV2016_142.mp4
REC0793,GV2016_143,"St. John, USVI",GV,Ground Validation,2016-09-02,2016,18.30414949,-64.72942532,25.303,0,0,0,1,0,0,1,1,1,0,0,Pass,,https://nccospublicstor.blob.core.windows.net/biomapper/usviinsularshelf2017/videos/low/GV2016_143.mp4
REC0794,GV2016_144,Puerto Rico,GV,Ground Validation,2016-08-22,2016,18.17399763,-65.23156152,36.346,1,0,0,1,1,0,1,1,0,0,0,Pass,,https://nccospublicstor.blob.core.windows.net/biomapper/usviinsularshelf2017/videos/low/GV2016_144.mp4
REC0795,GV2016_145,"St. Thomas, USVI",GV,Ground Validation,2016-08-20,2016,18.27985728,-65.10956014,27.978,1,0,0,0,1,0,1,1,0,0,0,Pass,,https://nccospublicstor.blob.core.windows.net/biomapper/usviinsularshelf2017/videos/low/GV2016_145.mp4
REC0796,GV2016_146,Puerto Rico,GV,Ground Validation,2016-08-23,2016,18.19318109,-65.19352866,37.682,1,0,0,0,1,1,1,1,0,0,0,Pass,,https://nccospublicstor.blob.core.windows.net/biomapper/usviinsularshelf2017/videos/low/GV2016_146.mp4
REC0797,GV2016_147,Puerto Rico,GV,Ground Validation,2016-08-21,2016,18.1738617,-65.25034403,30.304,0,1,1,0,1,0,1,1,0,0,0,Pass,,https://nccospublicstor.blob.core.windows.net/biomapper/usviinsularshelf2017/videos/low/GV2016_147.mp4
REC0798,GV2016_148,"St. Thomas, USVI",GV,Ground Validation,2016-09-09,2016,18.22390567,-64.83692804,39.051,1,0,0,1,1,0,1,1,0,0,0,Pass,,https://nccospublicstor.blob.core.windows.net/biomapper/usviinsularshelf2017/videos/low/GV2016_148.mp4
REC0799,GV2016_149,"St. John, USVI",GV,Ground Validation,2016-09-12,2016,18.24101189,-64.67176126,51.701,0,1,1,0,1,0,1,1,0,0,0,Pass,,https://nccospublicstor.blob.core.windows.net/biomapper/usviinsularshelf2017/videos/low/GV2016_149.mp4
REC0800,GV2016_150,"St. Thomas, USVI",GV,Ground Validation,2016-08-27,2016,18.25122559,-65.00090877,38.888,0,0,1,0,0,0,1,1,0,0,0,Pass,,https://nccospublicstor.blob.core.windows.net/biomapper/usviinsularshelf2017/videos/low/GV2016_150.mp4
REC0801,GV2016_151,"St. John, USVI",GV,Ground Validation,2016-09-12,2016,18.2703575,-64.68713325,46.513,0,0,1,0,0,0,1,0,0,0,0,Pass,,https://nccospublicstor.blob.core.windows.net/biomapper/usviinsularshelf2017/videos/low/GV2016_151.mp4
REC0802,GV2016_153,"St. John, USVI",GV,Ground Validation,2016-08-31,2016,18.27475034,-64.80828218,34.461,0,1,1,0,0,0,1,1,0,0,0,Pass,,https://nccospublicstor.blob.core.windows.net/biomapper/usviinsularshelf2017/videos/low/GV2016_153.mp4
REC0803,GV2016_154,"St. Thomas, USVI",GV,Ground Validation,2016-08-26,2016,18.21172192,-65.12555695,40.97,1,0,0,1,1,0,1,1,0,0,0,Pass,,https://nccospublicstor.blob.core.windows.net/biomapper/usviinsularshelf2017/videos/low/GV2016_154.mp4
REC0804,GV2016_155,"St. Thomas, USVI",GV,Ground Validation,2016-08-28,2016,18.24377139,-64.91559427,41.496,0,0,0,1,0,0,1,1,0,0,0,Pass,,https://nccospublicstor.blob.core.windows.net/biomapper/usviinsularshelf2017/videos/low/GV2016_155.mp4
REC0805,GV2016_156,"St. Thomas, USVI",GV,Ground Validation,2016-08-26,2016,18.22592279,-65.0348574,41.71,0,0,0,1,0,0,1,1,0,0,0,Pass,,https://nccospublicstor.blob.core.windows.net/biomapper/usviinsularshelf2017/videos/low/GV2016_156.mp4
REC0806,GV2016_157,"St. John, USVI",GV,Ground Validation,2016-09-11,2016,18.2941644,-64.77379783,30.114,0,0,0,1,0,0,0,0,0,0,0,Pass,,https://nccospublicstor.blob.core.windows.net/biomapper/usviinsularshelf2017/videos/low/GV2016_157.mp4
REC0807,GV2016_158,Puerto Rico,GV,Ground Validation,2016-08-21,2016,18.15380542,-65.23949929,35.034,0,0,1,0,0,0,1,1,0,0,0,Pass,,https://nccospublicstor.blob.core.windows.net/biomapper/usviinsularshelf2017/videos/low/GV2016_158.mp4
REC0808,GV2016_159,Puerto Rico,GV,Ground Validation,2016-08-25,2016,18.21233892,-65.13761172,40.667,1,0,1,1,1,0,1,1,0,0,0,Pass,,https://nccospublicstor.blob.core.windows.net/biomapper/usviinsularshelf2017/videos/low/GV2016_159.mp4
REC0809,GV2016_160,"St. John, USVI",GV,Ground Validation,2016-09-02,2016,18.29583875,-64.71959364,28.851,0,0,1,1,0,0,1,1,0,0,0,Pass,,https://nccospublicstor.blob.core.windows.net/biomapper/usviinsularshelf2017/videos/low/GV2016_160.mp4
REC0810,GV2016_161,"St. Thomas, USVI",GV,Ground Validation,2016-08-27,2016,18.25493584,-65.03837381,32.83,1,0,0,1,1,1,1,1,0,0,0,Pass,,https://nccospublicstor.blob.core.windows.net/biomapper/usviinsularshelf2017/videos/low/GV2016_161.mp4
REC0811,GV2016_163,"St. John, USVI",GV,Ground Validation,2016-09-12,2016,18.26940484,-64.66285676,44.375,0,0,1,1,0,0,1,1,0,0,0,Pass,,https://nccospublicstor.blob.core.windows.net/biomapper/usviinsularshelf2017/videos/low/GV2016_163.mp4
REC0812,GV2016_164,"St. Thomas, USVI",GV,Ground Validation,2016-08-27,2016,18.21369507,-65.09408663,34.877,1,0,0,0,1,1,1,1,0,0,0,Pass,,https://nccospublicstor.blob.core.windows.net/biomapper/usviinsularshelf2017/videos/low/GV2016_164.mp4
REC0813,GV2016_165,"St. Thomas, USVI",GV,Ground Validation,2016-08-20,2016,18.2731653,-65.09946644,26.562,1,0,0,0,1,1,1,1,0,0,0,Pass,,https://nccospublicstor.blob.core.windows.net/biomapper/usviinsularshelf2017/videos/low/GV2016_165.mp4
REC0814,GV2016_166,"St. Thomas, USVI",GV,Ground Validation,2016-08-29,2016,18.2256488,-64.96139026,41.954,0,0,1,1,0,0,1,1,0,0,0,Pass,,https://nccospublicstor.blob.core.windows.net/biomapper/usviinsularshelf2017/videos/low/GV2016_166.mp4
REC0815,GV2016_167,"St. Thomas, USVI",GV,Ground Validation,2016-08-26,2016,18.20604522,-65.11839386,35.85,1,0,0,0,1,0,1,1,0,0,0,Pass,,https://nccospublicstor.blob.core.windows.net/biomapper/usviinsularshelf2017/videos/low/GV2016_167.mp4
REC0816,GV2016_168,"St. Thomas, USVI",GV,Ground Validation,2016-08-26,2016,18.20029923,-65.06203301,37.404,1,0,0,0,1,1,1,1,0,0,0,Pass,,https://nccospublicstor.blob.core.windows.net/biomapper/usviinsularshelf2017/videos/low/GV2016_168.mp4
REC0817,GV2016_169,Puerto Rico,GV,Ground Validation,2016-08-23,2016,18.16523683,-65.18344519,40.658,1,0,0,0,1,1,1,1,0,0,0,Pass,,https://nccospublicstor.blob.core.windows.net/biomapper/usviinsularshelf2017/videos/low/GV2016_169.mp4
REC0818,GV2016_170,Puerto Rico,GV,Ground Validation,2016-08-21,2016,18.18538293,-65.23163132,36.092,1,0,0,1,1,1,1,1,0,0,0,Pass,,https://nccospublicstor.blob.core.windows.net/biomapper/usviinsularshelf2017/videos/low/GV2016_170.mp4
REC0819,GV2016_172,"St. John, USVI",GV,Ground Validation,2016-09-12,2016,18.23693281,-64.65900618,49.641,0,0,1,0,0,0,1,0,0,0,0,Pass,,https://nccospublicstor.blob.core.windows.net/biomapper/usviinsularshelf2017/videos/low/GV2016_172.mp4
REC0820,GV2016_173,"St. John, USVI",GV,Ground Validation,2016-09-10,2016,18.26721816,-64.77961348,41.864,0,0,1,1,0,0,1,1,0,0,0,Pass,,https://nccospublicstor.blob.core.windows.net/biomapper/usviinsularshelf2017/videos/low/GV2016_173.mp4
REC0821,GV2016_174,"St. Thomas, USVI",GV,Ground Validation,2016-08-26,2016,18.20547229,-65.0144516,48.924,1,0,0,0,1,0,1,1,0,0,0,Pass,,https://nccospublicstor.blob.core.windows.net/biomapper/usviinsularshelf2017/videos/low/GV2016_174.mp4
REC0822,GV2016_175,Puerto Rico,GV,Ground Validation,2016-08-25,2016,18.23619657,-65.15389412,37.091,1,0,0,0,1,0,1,1,0,0,0,Pass,,https://nccospublicstor.blob.core.windows.net/biomapper/usviinsularshelf2017/videos/low/GV2016_175.mp4
REC0823,GV2016_177,"St. John, USVI",GV,Ground Validation,2016-09-17,2016,18.21945221,-64.74458255,51.122,0,1,0,0,1,0,1,1,0,0,0,Pass,,https://nccospublicstor.blob.core.windows.net/biomapper/usviinsularshelf2017/videos/low/GV2016_177.mp4
REC0824,GV2016_178,"St. Thomas, USVI",GV,Ground Validation,2016-08-30,2016,18.25308552,-64.96660178,38.946,0,0,1,1,0,0,1,1,0,0,0,Pass,,https://nccospublicstor.blob.core.windows.net/biomapper/usviinsularshelf2017/videos/low/GV2016_178.mp4
REC0825,GV2016_179,"St. John, USVI",GV,Ground Validation,2016-09-01,2016,18.29693994,-64.74027113,30.185,0,0,0,1,0,0,1,1,1,0,0,Pass,,https://nccospublicstor.blob.core.windows.net/biomapper/usviinsularshelf2017/videos/low/GV2016_179.mp4
REC0826,GV2016_180,Puerto Rico,GV,Ground Validation,2016-08-21,2016,18.12888934,-65.23513304,39.883,0,1,1,0,1,0,1,1,0,0,0,Pass,,https://nccospublicstor.blob.core.windows.net/biomapper/usviinsularshelf2017/videos/low/GV2016_180.mp4
REC0827,GV2016_181,"St. Thomas, USVI",GV,Ground Validation,2016-08-20,2016,18.26745008,-65.0859896,34.406,1,0,0,1,1,0,1,1,0,0,0,Pass,,https://nccospublicstor.blob.core.windows.net/biomapper/usviinsularshelf2017/videos/low/GV2016_181.mp4
REC0828,GV2016_182,"St. John, USVI",GV,Ground Validation,2016-09-11,2016,18.28652334,-64.68024056,30.225,0,0,1,1,0,0,1,0,0,0,0,Pass,,https://nccospublicstor.blob.core.windows.net/biomapper/usviinsularshelf2017/videos/low/GV2016_182.mp4
REC0829,GV2016_183,"St. John, USVI",GV,Ground Validation,2016-08-31,2016,18.29836981,-64.77891099,28.908,0,0,0,1,0,0,0,1,1,0,0,Pass,,https://nccospublicstor.blob.core.windows.net/biomapper/usviinsularshelf2017/videos/low/GV2016_183.mp4
REC0830,GV2016_184,"St. Thomas, USVI",GV,Ground Validation,2016-08-26,2016,18.19195505,-65.11321385,45.52,0,0,1,1,0,0,1,1,0,0,0,Pass,,https://nccospublicstor.blob.core.windows.net/biomapper/usviinsularshelf2017/videos/low/GV2016_184.mp4
REC0831,GV2016_185,"St. Thomas, USVI",GV,Ground Validation,2016-08-26,2016,18.21039996,-65.02701891,44.113,1,0,0,0,1,1,1,1,0,0,0,Pass,,https://nccospublicstor.blob.core.windows.net/biomapper/usviinsularshelf2017/videos/low/GV2016_185.mp4
REC0832,GV2016_186,"St. Thomas, USVI",GV,Ground Validation,2016-09-13,2016,18.23610596,-64.81908249,48.563,0,0,1,0,0,0,1,1,0,0,0,Pass,,https://nccospublicstor.blob.core.windows.net/biomapper/usviinsularshelf2017/videos/low/GV2016_186.mp4
REC0833,GV2016_187,"St. John, USVI",GV,Ground Validation,2016-09-11,2016,18.28513051,-64.76909273,32.363,0,0,0,1,0,0,0,0,0,0,0,Pass,,https://nccospublicstor.blob.core.windows.net/biomapper/usviinsularshelf2017/videos/low/GV2016_187.mp4
REC0834,GV2016_188,"St. Thomas, USVI",GV,Ground Validation,2016-08-29,2016,18.22552176,-64.95346973,43.047,0,0,1,1,0,0,1,1,0,0,0,Pass,,https://nccospublicstor.blob.core.windows.net/biomapper/usviinsularshelf2017/videos/low/GV2016_188.mp4
REC0835,GV2016_189,"St. John, USVI",GV,Ground Validation,2016-09-17,2016,18.24956685,-64.73582661,49.27,0,1,1,0,0,0,1,1,0,0,0,Pass,,https://nccospublicstor.blob.core.windows.net/biomapper/usviinsularshelf2017/videos/low/GV2016_189.mp4
REC0836,GV2016_190,"St. John, USVI",GV,Ground Validation,2016-09-17,2016,18.25239666,-64.74049532,48.344,0,0,1,0,0,0,1,1,0,0,0,Pass,,https://nccospublicstor.blob.core.windows.net/biomapper/usviinsularshelf2017/videos/low/GV2016_190.mp4
REC0837,GV2016_191,Puerto Rico,GV,Ground Validation,2016-08-21,2016,18.1270776,-65.20138969,25.863,0,1,0,0,1,1,0,1,0,0,0,Pass,,https://nccospublicstor.blob.core.windows.net/biomapper/usviinsularshelf2017/videos/low/GV2016_191.mp4
REC0838,GV2016_192,"St. Thomas, USVI",GV,Ground Validation,2016-08-25,2016,18.23665894,-65.13265879,35.863,1,0,0,0,1,0,1,1,0,0,0,Pass,,https://nccospublicstor.blob.core.windows.net/biomapper/usviinsularshelf2017/videos/low/GV2016_192.mp4
REC0839,GV2016_193,"St. Thomas, USVI",GV,Ground Validation,2016-09-16,2016,18.19906051,-64.8199954,56.938,0,0,1,0,1,0,1,1,0,0,0,Pass,,https://nccospublicstor.blob.core.windows.net/biomapper/usviinsularshelf2017/videos/low/GV2016_193.mp4
REC0840,GV2016_194,"St. Thomas, USVI",GV,Ground Validation,2016-08-30,2016,18.24005885,-64.93890591,41.605,0,0,1,1,0,0,1,1,0,0,0,Pass,,https://nccospublicstor.blob.core.windows.net/biomapper/usviinsularshelf2017/videos/low/GV2016_194.mp4
REC0841,GV2016_196,"St. John, USVI",GV,Ground Validation,2016-09-17,2016,18.23274329,-64.72180178,52.871,0,1,0,0,1,0,1,1,0,0,0,Pass,,https://nccospublicstor.blob.core.windows.net/biomapper/usviinsularshelf2017/videos/low/GV2016_196.mp4
REC0842,GV2016_197,"St. John, USVI",GV,Ground Validation,2016-09-17,2016,18.22565487,-64.75137797,51.975,0,0,1,0,0,0,1,1,0,0,0,Pass,,https://nccospublicstor.blob.core.windows.net/biomapper/usviinsularshelf2017/videos/low/GV2016_197.mp4
REC0843,GV2016_198,"St. John, USVI",GV,Ground Validation,2016-09-11,2016,18.27269019,-64.75294813,40.524,0,0,0,1,0,0,1,0,0,0,0,Pass,,https://nccospublicstor.blob.core.windows.net/biomapper/usviinsularshelf2017/videos/low/GV2016_198.mp4
REC0844,GV2016_199,Puerto Rico,GV,Ground Validation,2016-08-23,2016,18.17416762,-65.14515585,42.492,1,0,0,1,1,1,1,1,0,0,0,Pass,,https://nccospublicstor.blob.core.windows.net/biomapper/usviinsularshelf2017/videos/low/GV2016_199.mp4
REC0845,GV2016_200,Puerto Rico,GV,Ground Validation,2016-08-25,2016,18.23354224,-65.17801879,32.636,1,0,0,1,1,0,1,1,0,0,0,Pass,,https://nccospublicstor.blob.core.windows.net/biomapper/usviinsularshelf2017/videos/low/GV2016_200.mp4
REC0846,GV2016_201,"St. John, USVI",GV,Ground Validation,2016-09-10,2016,18.26827026,-64.76210599,44.641,0,0,1,1,0,0,1,1,0,0,0,Pass,,https://nccospublicstor.blob.core.windows.net/biomapper/usviinsularshelf2017/videos/low/GV2016_201.mp4
REC0847,GV2016_202,"St. Thomas, USVI",GV,Ground Validation,2016-08-28,2016,18.25930312,-64.89381281,36.911,0,0,1,1,0,0,1,1,0,0,0,Pass,,https://nccospublicstor.blob.core.windows.net/biomapper/usviinsularshelf2017/videos/low/GV2016_202.mp4
REC0848,GV2016_203,"St. Thomas, USVI",GV,Ground Validation,2016-08-29,2016,18.23907446,-64.97243505,40.011,0,0,1,1,0,0,1,1,0,0,0,Pass,,https://nccospublicstor.blob.core.windows.net/biomapper/usviinsularshelf2017/videos/low/GV2016_203.mp4
REC0849,GV2016_204,"St. Thomas, USVI",GV,Ground Validation,2016-08-29,2016,18.25443264,-64.86214821,39.108,0,0,1,0,0,0,1,1,0,0,0,Pass,,https://nccospublicstor.blob.core.windows.net/biomapper/usviinsularshelf2017/videos/low/GV2016_204.mp4
REC0850,GV2016_205,Puerto Rico,GV,Ground Validation,2016-08-23,2016,18.17141964,-65.15133458,46.88,1,0,0,1,1,0,1,1,0,0,0,Pass,,https://nccospublicstor.blob.core.windows.net/biomapper/usviinsularshelf2017/videos/low/GV2016_205.mp4
REC0851,GV2016_207,"St. John, USVI",GV,Ground Validation,2016-09-11,2016,18.2652256,-64.7551673,45.331,0,0,1,0,0,0,1,0,0,0,0,Pass,,https://nccospublicstor.blob.core.windows.net/biomapper/usviinsularshelf2017/videos/low/GV2016_207.mp4
REC0852,GV2016_208,"St. John, USVI",GV,Ground Validation,2016-09-17,2016,18.19894761,-64.75190741,53.856,0,1,1,0,1,0,1,1,0,0,0,Pass,,https://nccospublicstor.blob.core.windows.net/biomapper/usviinsularshelf2017/videos/low/GV2016_208.mp4
REC0853,GV2016_209,"St. John, USVI",GV,Ground Validation,2016-09-17,2016,18.2082914,-64.7469657,53.158,0,1,1,0,1,0,1,1,0,0,0,Pass,,https://nccospublicstor.blob.core.windows.net/biomapper/usviinsularshelf2017/videos/low/GV2016_209.mp4
REC0854,GV2016_210,"St. Thomas, USVI",GV,Ground Validation,2016-08-29,2016,18.24608154,-64.8620531,39.503,0,0,1,0,0,0,1,1,0,0,0,Pass,,https://nccospublicstor.blob.core.windows.net/biomapper/usviinsularshelf2017/videos/low/GV2016_210.mp4
REC0855,GV2016_211,"St. John, USVI",GV,Ground Validation,2016-09-12,2016,18.25943251,-64.67138097,46.212,0,0,1,0,0,0,1,1,0,0,0,Pass,,https://nccospublicstor.blob.core.windows.net/biomapper/usviinsularshelf2017/videos/low/GV2016_211.mp4
REC0856,GV2016_212,"St. John, USVI",GV,Ground Validation,2016-09-17,2016,18.22525632,-64.72378879,51.622,0,0,1,0,0,0,1,0,0,0,0,Pass,,https://nccospublicstor.blob.core.windows.net/biomapper/usviinsularshelf2017/videos/low/GV2016_212.mp4
REC0857,GV2016_213,"St. Thomas, USVI",GV,Ground Validation,2016-08-20,2016,18.27103425,-65.11276884,27.706,1,0,0,0,1,1,1,1,0,0,0,Pass,,https://nccospublicstor.blob.core.windows.net/biomapper/usviinsularshelf2017/videos/low/GV2016_213.mp4
REC0858,GV2016_214,"St. Thomas, USVI",GV,Ground Validation,2016-08-30,2016,18.26959444,-64.84455893,27.198,1,0,0,1,1,1,1,1,0,0,0,Pass,,https://nccospublicstor.blob.core.windows.net/biomapper/usviinsularshelf2017/videos/low/GV2016_214.mp4
REC0859,GV2016_215,"St. John, USVI",GV,Ground Validation,2016-09-17,2016,18.25425694,-64.75525845,45.003,0,1,1,0,1,0,1,1,0,0,0,Pass,,https://nccospublicstor.blob.core.windows.net/biomapper/usviinsularshelf2017/videos/low/GV2016_215.mp4
REC0860,GV2016_216,Puerto Rico,GV,Ground Validation,2016-08-22,2016,18.21209105,-65.19850112,30.278,1,0,0,0,1,1,1,1,0,0,0,Pass,,https://nccospublicstor.blob.core.windows.net/biomapper/usviinsularshelf2017/videos/low/GV2016_216.mp4
REC0861,GV2016_217,Puerto Rico,GV,Ground Validation,2016-08-21,2016,18.13394577,-65.20057674,24.072,0,1,0,0,1,1,1,1,0,0,0,Pass,,https://nccospublicstor.blob.core.windows.net/biomapper/usviinsularshelf2017/videos/low/GV2016_217.mp4
REC0862,GV2016_219,"St. John, USVI",GV,Ground Validation,2016-09-13,2016,18.21881902,-64.7803869,51.993,0,1,0,0,1,0,1,1,0,0,0,Pass,,https://nccospublicstor.blob.core.windows.net/biomapper/usviinsularshelf2017/videos/low/GV2016_219.mp4
REC0863,GV2016_220,"St. Thomas, USVI",GV,Ground Validation,2016-09-09,2016,18.21371794,-64.82577528,52.317,0,0,1,0,0,0,1,1,0,0,0,Pass,,https://nccospublicstor.blob.core.windows.net/biomapper/usviinsularshelf2017/videos/low/GV2016_220.mp4
REC0864,GV2016_221,"St. Thomas, USVI",GV,Ground Validation,2016-08-29,2016,18.22061997,-64.85990578,45.112,0,0,1,0,0,0,1,1,0,0,0,Pass,,https://nccospublicstor.blob.core.windows.net/biomapper/usviinsularshelf2017/videos/low/GV2016_221.mp4
REC0865,GV2016_222,"St. John, USVI",GV,Ground Validation,2016-09-12,2016,18.26364764,-64.66309215,43.932,0,0,1,1,0,0,1,1,0,0,0,Pass,,https://nccospublicstor.blob.core.windows.net/biomapper/usviinsularshelf2017/videos/low/GV2016_222.mp4
REC0866,GV2016_223,"St. Thomas, USVI",GV,Ground Validation,2016-08-26,2016,18.21669052,-64.96857995,42.045,0,0,1,1,0,0,1,1,0,0,0,Pass,,https://nccospublicstor.blob.core.windows.net/biomapper/usviinsularshelf2017/videos/low/GV2016_223.mp4
REC0867,GV2016_224,"St. Thomas, USVI",GV,Ground Validation,2016-08-28,2016,18.2084228,-64.91050818,43.269,1,0,0,1,1,1,1,1,0,0,0,Pass,,https://nccospublicstor.blob.core.windows.net/biomapper/usviinsularshelf2017/videos/low/GV2016_224.mp4
REC0868,GV2016_225,"St. Thomas, USVI",GV,Ground Validation,2016-08-31,2016,18.28254864,-64.81677747,28.579,0,0,1,0,0,0,1,1,0,0,0,Pass,,https://nccospublicstor.blob.core.windows.net/biomapper/usviinsularshelf2017/videos/low/GV2016_225.mp4
REC0869,GV2016_226,"St. John, USVI",GV,Ground Validation,2016-09-11,2016,18.27370419,-64.74559472,35.014,0,0,0,1,0,0,1,0,0,0,0,Pass,,https://nccospublicstor.blob.core.windows.net/biomapper/usviinsularshelf2017/videos/low/GV2016_226.mp4
REC0870,GV2016_227,"St. Thomas, USVI",GV,Ground Validation,2016-08-27,2016,18.25531682,-64.99076121,36.942,0,0,1,1,0,0,1,1,0,0,0,Pass,,https://nccospublicstor.blob.core.windows.net/biomapper/usviinsularshelf2017/videos/low/GV2016_227.mp4
REC0871,GV2016_228,"St. John, USVI",GV,Ground Validation,2016-09-16,2016,18.18804045,-64.78610328,57.688,0,0,1,0,0,0,1,1,0,0,0,Pass,,https://nccospublicstor.blob.core.windows.net/biomapper/usviinsularshelf2017/videos/low/GV2016_228.mp4
REC0872,GV2016_229,"St. Thomas, USVI",GV,Ground Validation,2016-08-28,2016,18.22329484,-64.89727525,44.487,1,0,0,0,1,0,1,1,0,0,0,Pass,,https://nccospublicstor.blob.core.windows.net/biomapper/usviinsularshelf2017/videos/low/GV2016_229.mp4
REC0873,GV2016_230,"St. Thomas, USVI",GV,Ground Validation,2016-08-29,2016,18.25659344,-64.87840683,37.658,0,0,1,1,0,0,1,1,0,0,0,Pass,,https://nccospublicstor.blob.core.windows.net/biomapper/usviinsularshelf2017/videos/low/GV2016_230.mp4
REC0874,GV2016_231,"St. Thomas, USVI",GV,Ground Validation,2016-08-31,2016,18.21982461,-64.92148898,44.077,0,0,1,1,0,0,1,1,0,0,0,Pass,,https://nccospublicstor.blob.core.windows.net/biomapper/usviinsularshelf2017/videos/low/GV2016_231.mp4
REC0875,GV2016_232,"St. Thomas, USVI",GV,Ground Validation,2016-09-09,2016,18.24984848,-64.85032383,38.818,0,0,1,1,0,0,1,1,0,0,0,Pass,,https://nccospublicstor.blob.core.windows.net/biomapper/usviinsularshelf2017/videos/low/GV2016_232.mp4
REC0876,GV2016_234,Puerto Rico,GV,Ground Validation,2016-08-23,2016,18.16659784,-65.19223672,36.502,1,0,0,0,1,1,1,1,0,0,0,Pass,,https://nccospublicstor.blob.core.windows.net/biomapper/usviinsularshelf2017/videos/low/GV2016_234.mp4
REC0877,GV2016_235,"St. Thomas, USVI",GV,Ground Validation,2016-08-25,2016,18.28340356,-65.0547093,33.161,0,0,1,1,0,0,1,1,0,0,0,Pass,,https://nccospublicstor.blob.core.windows.net/biomapper/usviinsularshelf2017/videos/low/GV2016_235.mp4
REC0878,GV2016_236,"St. John, USVI",GV,Ground Validation,2016-09-02,2016,18.29793722,-64.71068697,25.981,0,0,0,1,0,0,0,1,1,0,0,Pass,,https://nccospublicstor.blob.core.windows.net/biomapper/usviinsularshelf2017/videos/low/GV2016_236.mp4
REC0879,GV2016_237,"St. Thomas, USVI",GV,Ground Validation,2016-08-27,2016,18.24507526,-65.05092428,36.998,0,1,0,1,1,0,1,1,0,0,0,Pass,,https://nccospublicstor.blob.core.windows.net/biomapper/usviinsularshelf2017/videos/low/GV2016_237.mp4
REC0880,GV2016_238,"St. John, USVI",GV,Ground Validation,2016-09-12,2016,18.2232336,-64.70700153,55.615,0,1,0,0,1,0,1,1,0,0,0,Pass,,https://nccospublicstor.blob.core.windows.net/biomapper/usviinsularshelf2017/videos/low/GV2016_238.mp4
REC0881,GV2016_239,"St. John, USVI",GV,Ground Validation,2016-08-31,2016,18.29055657,-64.8036626,23.364,0,1,0,1,1,0,1,1,0,0,0,Pass,,https://nccospublicstor.blob.core.windows.net/biomapper/usviinsularshelf2017/videos/low/GV2016_239.mp4
REC0882,GV2016_240,"St. John, USVI",GV,Ground Validation,2016-09-17,2016,18.21947267,-64.73304548,51.66,0,1,1,0,1,0,1,1,0,0,0,Pass,,https://nccospublicstor.blob.core.windows.net/biomapper/usviinsularshelf2017/videos/low/GV2016_240.mp4
REC0883,GV2016_243,"St. Thomas, USVI",GV,Ground Validation,2016-08-27,2016,18.27420981,-65.0342775,32.386,0,0,1,0,0,0,1,1,0,0,0,Pass,,https://nccospublicstor.blob.core.windows.net/biomapper/usviinsularshelf2017/videos/low/GV2016_243.mp4
REC0884,GV2016_244,Puerto Rico,GV,Ground Validation,2016-08-23,2016,18.20357828,-65.15839146,38.58,1,0,0,0,1,0,1,1,0,0,0,Pass,,https://nccospublicstor.blob.core.windows.net/biomapper/usviinsularshelf2017/videos/low/GV2016_244.mp4
REC0885,GV2016_245,"St. John, USVI",GV,Ground Validation,2016-09-12,2016,18.21477042,-64.69227041,45.146,0,0,0,1,0,0,1,1,0,0,0,Pass,,https://nccospublicstor.blob.core.windows.net/biomapper/usviinsularshelf2017/videos/low/GV2016_245.mp4
REC0886,GV2016_246,"St. John, USVI",GV,Ground Validation,2016-09-17,2016,18.25346313,-64.70240501,47.056,0,0,1,0,1,0,1,1,0,0,0,Pass,,https://nccospublicstor.blob.core.windows.net/biomapper/usviinsularshelf2017/videos/low/GV2016_246.mp4
REC0887,GV2016_247,"St. Thomas, USVI",GV,Ground Validation,2016-09-09,2016,18.24210011,-64.84481427,41.264,0,0,1,1,0,0,1,1,0,0,0,Pass,,https://nccospublicstor.blob.core.windows.net/biomapper/usviinsularshelf2017/videos/low/GV2016_247.mp4
REC0888,GV2016_248,"St. Thomas, USVI",GV,Ground Validation,2016-08-29,2016,18.2221725,-64.99053939,41.891,0,0,1,1,0,0,1,1,0,0,0,Pass,,https://nccospublicstor.blob.core.windows.net/biomapper/usviinsularshelf2017/videos/low/GV2016_248.mp4
REC0889,GV2016_249,"St. Thomas, USVI",GV,Ground Validation,2016-08-29,2016,18.23571828,-64.87469185,42.638,0,0,0,1,0,0,1,1,0,0,0,Pass,,https://nccospublicstor.blob.core.windows.net/biomapper/usviinsularshelf2017/videos/low/GV2016_249.mp4
REC0890,GV2016_250,"St. John, USVI",GV,Ground Validation,2016-09-17,2016,18.24757745,-64.77445376,46.159,0,0,1,0,0,0,1,1,0,0,0,Pass,,https://nccospublicstor.blob.core.windows.net/biomapper/usviinsularshelf2017/videos/low/GV2016_250.mp4
REC0891,GV2016_251,"St. Thomas, USVI",GV,Ground Validation,2016-08-27,2016,18.25540858,-65.0258804,36.115,0,0,1,1,0,0,1,1,0,0,0,Pass,,https://nccospublicstor.blob.core.windows.net/biomapper/usviinsularshelf2017/videos/low/GV2016_251.mp4
REC0892,GV2016_252,"St. Thomas, USVI",GV,Ground Validation,2016-08-30,2016,18.26597688,-64.94790911,33.383,0,0,1,1,0,0,1,1,0,0,0,Pass,,https://nccospublicstor.blob.core.windows.net/biomapper/usviinsularshelf2017/videos/low/GV2016_252.mp4
REC0893,GV2016_253,"St. Thomas, USVI",GV,Ground Validation,2016-08-28,2016,18.21535274,-64.91217186,43.537,1,0,0,1,1,1,1,1,0,0,0,Pass,,https://nccospublicstor.blob.core.windows.net/biomapper/usviinsularshelf2017/videos/low/GV2016_253.mp4
REC0894,GV2016_254,"St. John, USVI",GV,Ground Validation,2016-08-31,2016,18.27861803,-64.8029545,33.081,0,1,1,0,0,0,1,1,0,0,0,Pass,,https://nccospublicstor.blob.core.windows.net/biomapper/usviinsularshelf2017/videos/low/GV2016_254.mp4
REC0895,GV2016_255,"St. Thomas, USVI",GV,Ground Validation,2016-08-30,2016,18.28525511,-64.83086865,27.484,0,0,1,1,0,0,1,1,0,1,0,Pass,,https://nccospublicstor.blob.core.windows.net/biomapper/usviinsularshelf2017/videos/low/GV2016_255.mp4
REC0896,GV2016_256,"St. Thomas, USVI",GV,Ground Validation,2016-08-20,2016,18.27111612,-65.07417227,34.295,0,0,1,0,0,0,1,1,0,0,0,Pass,,https://nccospublicstor.blob.core.windows.net/biomapper/usviinsularshelf2017/videos/low/GV2016_256.mp4
REC0897,GV2016_257,"St. Thomas, USVI",GV,Ground Validation,2016-08-27,2016,18.2246997,-65.01628978,40.584,0,0,1,1,0,0,1,1,0,0,0,Pass,,https://nccospublicstor.blob.core.windows.net/biomapper/usviinsularshelf2017/videos/low/GV2016_257.mp4
REC0898,GV2016_258,"St. John, USVI",GV,Ground Validation,2016-08-31,2016,18.29083255,-64.79170089,31.2,0,1,1,0,0,0,1,1,0,0,0,Pass,,https://nccospublicstor.blob.core.windows.net/biomapper/usviinsularshelf2017/videos/low/GV2016_258.mp4
REC0899,GV2016_259,Puerto Rico,GV,Ground Validation,2016-08-23,2016,18.22227247,-65.16690498,33.896,1,0,0,0,1,0,1,1,0,0,0,Pass,,https://nccospublicstor.blob.core.windows.net/biomapper/usviinsularshelf2017/videos/low/GV2016_259.mp4
REC0900,GV2016_260,"St. John, USVI",GV,Ground Validation,2016-09-13,2016,18.25901631,-64.80087828,41.129,0,0,1,0,0,0,1,1,0,0,0,Pass,,https://nccospublicstor.blob.core.windows.net/biomapper/usviinsularshelf2017/videos/low/GV2016_260.mp4
REC0901,GV2016_261,"St. John, USVI",GV,Ground Validation,2016-09-16,2016,18.1926561,-64.79023643,58.082,0,0,1,0,1,0,1,1,0,0,0,Pass,,https://nccospublicstor.blob.core.windows.net/biomapper/usviinsularshelf2017/videos/low/GV2016_261.mp4
REC0902,GV2016_262,"St. John, USVI",GV,Ground Validation,2016-09-13,2016,18.22815495,-64.7962085,52.193,0,1,1,1,1,1,1,1,0,0,0,Pass,,https://nccospublicstor.blob.core.windows.net/biomapper/usviinsularshelf2017/videos/low/GV2016_262.mp4
REC0903,GV2016_263,Puerto Rico,GV,Ground Validation,2016-08-21,2016,18.14532128,-65.20320564,40.959,1,0,0,0,1,1,1,1,0,0,0,Pass,,https://nccospublicstor.blob.core.windows.net/biomapper/usviinsularshelf2017/videos/low/GV2016_263.mp4
REC0904,GV2016_264,"St. John, USVI",GV,Ground Validation,2016-08-31,2016,18.2641141,-64.79290898,37.63,0,0,1,0,0,0,1,0,0,0,0,Pass,,https://nccospublicstor.blob.core.windows.net/biomapper/usviinsularshelf2017/videos/low/GV2016_264.mp4
REC0905,GV2016_265,"St. Thomas, USVI",GV,Ground Validation,2016-08-28,2016,18.2519569,-64.89562205,40.18,0,0,1,0,0,0,1,1,0,0,0,Pass,,https://nccospublicstor.blob.core.windows.net/biomapper/usviinsularshelf2017/videos/low/GV2016_265.mp4
REC0906,GV2016_266,"St. John, USVI",GV,Ground Validation,2016-09-12,2016,18.25067112,-64.66049262,43.892,1,0,0,1,1,0,1,1,0,0,0,Pass,,https://nccospublicstor.blob.core.windows.net/biomapper/usviinsularshelf2017/videos/low/GV2016_266.mp4
REC0907,GV2016_267,"St. John, USVI",GV,Ground Validation,2016-09-12,2016,18.25267779,-64.68111494,46.219,1,0,0,1,1,0,1,1,0,0,0,Pass,,https://nccospublicstor.blob.core.windows.net/biomapper/usviinsularshelf2017/videos/low/GV2016_267.mp4
REC0908,GV2016_268,Puerto Rico,GV,Ground Validation,2016-08-23,2016,18.17019633,-65.15893297,47.682,1,0,0,1,1,0,1,1,0,0,0,Pass,,https://nccospublicstor.blob.core.windows.net/biomapper/usviinsularshelf2017/videos/low/GV2016_268.mp4
REC0909,GV2016_269,"St. Thomas, USVI",GV,Ground Validation,2016-08-29,2016,18.26584751,-64.8598076,30.689,0,1,0,1,1,1,1,1,0,0,0,Pass,,https://nccospublicstor.blob.core.windows.net/biomapper/usviinsularshelf2017/videos/low/GV2016_269.mp4
REC0910,GV2016_270,"St. Thomas, USVI",GV,Ground Validation,2016-08-28,2016,18.19267528,-64.87678368,45.35,1,0,0,0,1,1,1,1,0,0,0,Pass,,https://nccospublicstor.blob.core.windows.net/biomapper/usviinsularshelf2017/videos/low/GV2016_270.mp4
REC0911,GV2016_271,"St. Thomas, USVI",GV,Ground Validation,2016-09-09,2016,18.25082055,-64.82927332,30.273,1,0,0,1,1,1,1,1,0,0,0,Pass,,https://nccospublicstor.blob.core.windows.net/biomapper/usviinsularshelf2017/videos/low/GV2016_271.mp4
REC0912,GV2016_273,"St. Thomas, USVI",GV,Ground Validation,2016-08-27,2016,18.22020578,-65.10786628,31.786,1,0,0,0,1,1,1,1,0,0,0,Pass,,https://nccospublicstor.blob.core.windows.net/biomapper/usviinsularshelf2017/videos/low/GV2016_273.mp4
REC0913,GV2016_275,"St. John, USVI",GV,Ground Validation,2016-09-11,2016,18.28918049,-64.68859833,32.301,0,0,1,1,0,0,1,1,0,0,0,Pass,,https://nccospublicstor.blob.core.windows.net/biomapper/usviinsularshelf2017/videos/low/GV2016_275.mp4
REC0914,GV2016_276,"St. John, USVI",GV,Ground Validation,2016-09-13,2016,18.21735937,-64.78795579,52.882,0,1,1,0,1,0,1,1,0,0,0,Pass,,https://nccospublicstor.blob.core.windows.net/biomapper/usviinsularshelf2017/videos/low/GV2016_276.mp4
REC0915,GV2016_277,Puerto Rico,GV,Ground Validation,2016-08-21,2016,18.17416275,-65.25760972,30.335,0,0,1,0,1,0,1,1,0,0,0,Pass,,https://nccospublicstor.blob.core.windows.net/biomapper/usviinsularshelf2017/videos/low/GV2016_277.mp4
REC0916,GV2016_278,"St. Thomas, USVI",GV,Ground Validation,2016-08-25,2016,18.24287388,-65.12825236,31.301,1,0,0,0,1,1,1,1,0,0,0,Pass,,https://nccospublicstor.blob.core.windows.net/biomapper/usviinsularshelf2017/videos/low/GV2016_278.mp4
REC0917,GV2016_279,"St. Thomas, USVI",GV,Ground Validation,2016-08-28,2016,18.22685668,-64.9012433,43.106,0,0,1,1,0,0,1,0,0,0,0,Pass,,https://nccospublicstor.blob.core.windows.net/biomapper/usviinsularshelf2017/videos/low/GV2016_279.mp4
REC0918,GV2016_280,"St. Thomas, USVI",GV,Ground Validation,2016-08-30,2016,18.24072094,-64.96042342,41.036,0,0,1,1,0,0,1,1,0,0,0,Pass,,https://nccospublicstor.blob.core.windows.net/biomapper/usviinsularshelf2017/videos/low/GV2016_280.mp4
REC0919,GV2016_281,"St. Thomas, USVI",GV,Ground Validation,2016-08-30,2016,18.27509933,-64.94892704,33.235,0,0,1,0,0,0,1,1,0,0,0,Pass,,https://nccospublicstor.blob.core.windows.net/biomapper/usviinsularshelf2017/videos/low/GV2016_281.mp4
REC0920,GV2016_282,"St. Thomas, USVI",GV,Ground Validation,2016-08-27,2016,18.23607783,-65.01271311,40.619,0,0,1,1,0,0,1,1,0,0,0,Pass,,https://nccospublicstor.blob.core.windows.net/biomapper/usviinsularshelf2017/videos/low/GV2016_282.mp4
REC0921,GV2016_283,"St. Thomas, USVI",GV,Ground Validation,2016-08-26,2016,18.20355552,-65.08181178,43.156,1,0,0,0,1,0,1,1,0,0,0,Pass,,https://nccospublicstor.blob.core.windows.net/biomapper/usviinsularshelf2017/videos/low/GV2016_283.mp4
REC0922,GV2016_284,"St. Thomas, USVI",GV,Ground Validation,2016-08-20,2016,18.2768071,-65.09267007,34.857,1,0,0,1,1,1,1,1,0,0,0,Pass,,https://nccospublicstor.blob.core.windows.net/biomapper/usviinsularshelf2017/videos/low/GV2016_284.mp4
REC0923,GV2016_285,"St. Thomas, USVI",GV,Ground Validation,2016-08-27,2016,18.26036741,-65.01923766,35.347,0,0,1,1,0,0,1,1,0,0,0,Pass,,https://nccospublicstor.blob.core.windows.net/biomapper/usviinsularshelf2017/videos/low/GV2016_285.mp4
REC0924,GV2016_286,"St. John, USVI",GV,Ground Validation,2016-09-17,2016,18.24440572,-64.70943637,45.539,0,0,1,0,1,0,1,1,0,0,0,Pass,,https://nccospublicstor.blob.core.windows.net/biomapper/usviinsularshelf2017/videos/low/GV2016_286.mp4
REC0925,GV2016_287,"St. John, USVI",GV,Ground Validation,2016-09-13,2016,18.22454106,-64.80991659,52.5,0,1,1,0,0,0,1,0,0,0,0,Pass,,https://nccospublicstor.blob.core.windows.net/biomapper/usviinsularshelf2017/videos/low/GV2016_287.mp4
REC0926,GV2016_288,"St. Thomas, USVI",GV,Ground Validation,2016-08-28,2016,18.20462336,-64.85427047,52.69,0,1,1,0,0,0,1,1,0,0,0,Pass,,https://nccospublicstor.blob.core.windows.net/biomapper/usviinsularshelf2017/videos/low/GV2016_288.mp4
REC0927,GV2016_289,"St. John, USVI",GV,Ground Validation,2016-09-11,2016,18.2891428,-64.70483836,33.008,0,0,1,0,0,0,1,1,0,0,0,Pass,,https://nccospublicstor.blob.core.windows.net/biomapper/usviinsularshelf2017/videos/low/GV2016_289.mp4
REC0928,GV2016_290,Puerto Rico,GV,Ground Validation,2016-08-25,2016,18.21979347,-65.13775291,34.495,1,0,0,0,1,1,1,1,0,0,0,Pass,,https://nccospublicstor.blob.core.windows.net/biomapper/usviinsularshelf2017/videos/low/GV2016_290.mp4
REC0929,GV2016_291,"St. Thomas, USVI",GV,Ground Validation,2016-08-26,2016,18.20649402,-65.12448771,40.361,1,0,0,0,1,0,1,1,0,0,0,Pass,,https://nccospublicstor.blob.core.windows.net/biomapper/usviinsularshelf2017/videos/low/GV2016_291.mp4
REC0930,GV2016_293,"St. John, USVI",GV,Ground Validation,2016-09-17,2016,18.2480711,-64.69903926,48.33,0,0,1,1,0,0,1,1,0,0,0,Pass,,https://nccospublicstor.blob.core.windows.net/biomapper/usviinsularshelf2017/videos/low/GV2016_293.mp4
REC0931,GV2016_294,Puerto Rico,GV,Ground Validation,2016-08-23,2016,18.16885208,-65.17411374,49.639,1,0,0,1,0,0,1,1,0,0,0,Pass,,https://nccospublicstor.blob.core.windows.net/biomapper/usviinsularshelf2017/videos/low/GV2016_294.mp4
REC0932,GV2016_295,"St. John, USVI",GV,Ground Validation,2016-09-17,2016,18.21195374,-64.71689113,56.908,0,1,1,0,1,0,1,0,0,0,0,Pass,,https://nccospublicstor.blob.core.windows.net/biomapper/usviinsularshelf2017/videos/low/GV2016_295.mp4
REC0933,GV2016_296,"St. Thomas, USVI",GV,Ground Validation,2016-08-28,2016,18.19903818,-64.86261215,47.764,0,1,1,0,0,1,1,1,0,0,0,Pass,,https://nccospublicstor.blob.core.windows.net/biomapper/usviinsularshelf2017/videos/low/GV2016_296.mp4
REC0934,GV2016_297,"St. Thomas, USVI",GV,Ground Validation,2016-08-30,2016,18.29028586,-64.81912099,25.269,0,0,1,0,0,0,1,1,0,0,0,Pass,,https://nccospublicstor.blob.core.windows.net/biomapper/usviinsularshelf2017/videos/low/GV2016_297.mp4
REC0935,GV2016_298,"St. John, USVI",GV,Ground Validation,2016-09-17,2016,18.21562682,-64.75575177,52.478,0,0,1,0,1,0,1,1,0,0,0,Pass,,https://nccospublicstor.blob.core.windows.net/biomapper/usviinsularshelf2017/videos/low/GV2016_298.mp4
REC0936,GV2016_299,Puerto Rico,GV,Ground Validation,2016-08-23,2016,18.20258833,-65.1887673,36.257,1,0,0,0,1,1,1,1,0,0,0,Pass,,https://nccospublicstor.blob.core.windows.net/biomapper/usviinsularshelf2017/videos/low/GV2016_299.mp4
REC0937,GV2016_300,"St. Thomas, USVI",GV,Ground Validation,2016-08-26,2016,18.19087635,-65.12195419,41.445,1,0,0,0,1,1,1,1,0,0,0,Pass,,https://nccospublicstor.blob.core.windows.net/biomapper/usviinsularshelf2017/videos/low/GV2016_300.mp4
REC0938,GV2016_301,Puerto Rico,GV,Ground Validation,2016-08-21,2016,18.16118098,-65.19541078,36.817,1,0,0,0,1,1,1,1,0,0,0,Pass,,https://nccospublicstor.blob.core.windows.net/biomapper/usviinsularshelf2017/videos/low/GV2016_301.mp4
REC0939,GV2016_302,"St. John, USVI",GV,Ground Validation,2016-08-31,2016,18.29846704,-64.80243261,25.596,0,0,1,0,0,0,1,1,0,0,0,Pass,,https://nccospublicstor.blob.core.windows.net/biomapper/usviinsularshelf2017/videos/low/GV2016_302.mp4
REC0940,GV2016_303,"St. John, USVI",GV,Ground Validation,2016-09-11,2016,18.28792746,-64.6696765,32.443,0,0,0,1,0,0,0,0,0,0,1,Review,UNKNOWN class present,https://nccospublicstor.blob.core.windows.net/biomapper/usviinsularshelf2017/videos/low/GV2016_303.mp4
REC0941,GV2016_304,Puerto Rico,GV,Ground Validation,2016-08-23,2016,18.17864658,-65.15195629,46.467,1,0,0,1,1,0,1,1,0,0,0,Pass,,https://nccospublicstor.blob.core.windows.net/biomapper/usviinsularshelf2017/videos/low/GV2016_304.mp4
REC0942,GV2016_305,"St. John, USVI",GV,Ground Validation,2016-09-16,2016,18.19446896,-64.80308405,58.544,0,0,1,0,0,0,1,1,0,0,0,Pass,,https://nccospublicstor.blob.core.windows.net/biomapper/usviinsularshelf2017/videos/low/GV2016_305.mp4
REC0943,GV2016_306,"St. Thomas, USVI",GV,Ground Validation,2016-08-27,2016,18.2507338,-65.00671026,39.62,0,0,1,0,0,0,1,1,0,0,0,Pass,,https://nccospublicstor.blob.core.windows.net/biomapper/usviinsularshelf2017/videos/low/GV2016_306.mp4
REC0944,GV2016_308,"St. John, USVI",GV,Ground Validation,2016-09-17,2016,18.23667347,-64.76453499,41.5,1,0,0,1,1,0,1,1,0,0,0,Pass,,https://nccospublicstor.blob.core.windows.net/biomapper/usviinsularshelf2017/videos/low/GV2016_308.mp4
REC0945,GV2016_309,"St. Thomas, USVI",GV,Ground Validation,2016-08-30,2016,18.23659768,-64.95388528,41.287,0,0,1,1,0,0,1,1,0,0,0,Pass,,https://nccospublicstor.blob.core.windows.net/biomapper/usviinsularshelf2017/videos/low/GV2016_309.mp4
REC0946,GV2016_310,"St. John, USVI",GV,Ground Validation,2016-09-17,2016,18.20168311,-64.7445425,54.054,0,1,1,0,1,0,1,1,0,0,0,Pass,,https://nccospublicstor.blob.core.windows.net/biomapper/usviinsularshelf2017/videos/low/GV2016_310.mp4
REC0947,GV2016_311,"St. Thomas, USVI",GV,Ground Validation,2016-08-28,2016,18.19266332,-64.88167219,50.118,0,1,1,0,1,0,1,1,0,0,0,Pass,,https://nccospublicstor.blob.core.windows.net/biomapper/usviinsularshelf2017/videos/low/GV2016_311.mp4
REC0948,GV2016_312,"St. John, USVI",GV,Ground Validation,2016-09-11,2016,18.2651608,-64.73424314,46.623,0,0,1,1,0,0,1,0,0,0,0,Pass,,https://nccospublicstor.blob.core.windows.net/biomapper/usviinsularshelf2017/videos/low/GV2016_312.mp4
REC0949,GV2016_313,"St. Thomas, USVI",GV,Ground Validation,2016-08-28,2016,18.1817246,-64.8872,51.96,0,0,1,0,0,0,1,1,0,0,0,Pass,,https://nccospublicstor.blob.core.windows.net/biomapper/usviinsularshelf2017/videos/low/GV2016_313.mp4
REC0950,GV2016_314,"St. Thomas, USVI",GV,Ground Validation,2016-08-27,2016,18.2280559,-65.06949545,36.882,1,0,0,0,1,0,1,1,0,0,0,Pass,,https://nccospublicstor.blob.core.windows.net/biomapper/usviinsularshelf2017/videos/low/GV2016_314.mp4
REC0951,GV2016_315,"St. John, USVI",GV,Ground Validation,2016-09-17,2016,18.25938391,-64.73121195,47.9,0,0,1,0,0,0,1,1,0,0,0,Pass,,https://nccospublicstor.blob.core.windows.net/biomapper/usviinsularshelf2017/videos/low/GV2016_315.mp4
REC0952,GV2016_316,"St. John, USVI",GV,Ground Validation,2016-09-16,2016,18.19538097,-64.75895052,56.41,0,1,1,0,1,0,1,1,0,0,0,Pass,,https://nccospublicstor.blob.core.windows.net/biomapper/usviinsularshelf2017/videos/low/GV2016_316.mp4
REC0953,GV2016_317,"St. John, USVI",GV,Ground Validation,2016-09-16,2016,18.21209378,-64.80910771,54.338,0,1,1,0,1,0,1,1,0,0,0,Pass,,https://nccospublicstor.blob.core.windows.net/biomapper/usviinsularshelf2017/videos/low/GV2016_317.mp4
REC0954,GV2016_318,"St. Thomas, USVI",GV,Ground Validation,2016-08-27,2016,18.23235765,-65.12145846,30.734,1,0,0,0,1,1,1,1,0,0,0,Pass,,https://nccospublicstor.blob.core.windows.net/biomapper/usviinsularshelf2017/videos/low/GV2016_318.mp4
REC0955,GV2016_319,"St. Thomas, USVI",GV,Ground Validation,2016-08-29,2016,18.24644547,-64.93516534,40.542,0,0,1,1,0,0,1,1,0,0,0,Pass,,https://nccospublicstor.blob.core.windows.net/biomapper/usviinsularshelf2017/videos/low/GV2016_319.mp4
REC0956,GV2016_321,"St. Thomas, USVI",GV,Ground Validation,2016-08-20,2016,18.26892046,-65.12994736,31.027,1,0,0,0,1,0,1,1,0,0,0,Pass,,https://nccospublicstor.blob.core.windows.net/biomapper/usviinsularshelf2017/videos/low/GV2016_321.mp4
REC0957,GV2016_323,"St. John, USVI",GV,Ground Validation,2016-08-31,2016,18.28112814,-64.79774803,33.084,0,0,1,0,0,0,1,1,0,0,0,Pass,,https://nccospublicstor.blob.core.windows.net/biomapper/usviinsularshelf2017/videos/low/GV2016_323.mp4
REC0958,GV2016_324,"St. John, USVI",GV,Ground Validation,2016-09-17,2016,18.24828134,-64.71643247,48.451,0,0,1,0,0,0,1,1,0,0,0,Pass,,https://nccospublicstor.blob.core.windows.net/biomapper/usviinsularshelf2017/videos/low/GV2016_324.mp4
REC0959,GV2016_325,"St. Thomas, USVI",GV,Ground Validation,2016-08-28,2016,18.22134261,-64.89251233,44.23,0,1,1,1,1,0,1,1,0,0,0,Pass,,https://nccospublicstor.blob.core.windows.net/biomapper/usviinsularshelf2017/videos/low/GV2016_325.mp4
REC0960,GV2016_327,"St. John, USVI",GV,Ground Validation,2016-09-01,2016,18.30473083,-64.7452824,26.203,0,0,0,1,0,0,0,1,1,0,0,Pass,,https://nccospublicstor.blob.core.windows.net/biomapper/usviinsularshelf2017/videos/low/GV2016_327.mp4
REC0961,GV2016_328,"St. John, USVI",GV,Ground Validation,2016-09-16,2016,18.19503151,-64.7414081,55.0,0,1,1,0,0,0,1,1,0,0,0,Pass,,https://nccospublicstor.blob.core.windows.net/biomapper/usviinsularshelf2017/videos/low/GV2016_328.mp4
REC0962,GV2016_329,"St. Thomas, USVI",GV,Ground Validation,2016-08-26,2016,18.20759987,-64.9702983,43.735,1,0,0,0,1,1,1,1,0,0,0,Pass,,https://nccospublicstor.blob.core.windows.net/biomapper/usviinsularshelf2017/videos/low/GV2016_329.mp4
REC0963,GV2016_330,Puerto Rico,GV,Ground Validation,2016-08-23,2016,18.18638378,-65.16181485,38.729,1,0,0,0,1,0,1,1,0,0,0,Pass,,https://nccospublicstor.blob.core.windows.net/biomapper/usviinsularshelf2017/videos/low/GV2016_330.mp4
REC0964,GV2016_331,"St. John, USVI",GV,Ground Validation,2016-09-17,2016,18.22729312,-64.75877104,51.919,0,0,1,0,0,0,1,1,0,0,0,Pass,,https://nccospublicstor.blob.core.windows.net/biomapper/usviinsularshelf2017/videos/low/GV2016_331.mp4
REC0965,GV2016_332,Puerto Rico,GV,Ground Validation,2016-08-22,2016,18.19327762,-65.21641881,39.086,1,0,0,1,1,0,1,1,0,0,0,Pass,,https://nccospublicstor.blob.core.windows.net/biomapper/usviinsularshelf2017/videos/low/GV2016_332.mp4
REC0966,GV2016_334,"St. Thomas, USVI",GV,Ground Validation,2016-08-28,2016,18.18638899,-64.8756378,48.247,0,0,1,0,0,0,1,1,0,0,0,Pass,,https://nccospublicstor.blob.core.windows.net/biomapper/usviinsularshelf2017/videos/low/GV2016_334.mp4
REC0967,GV2016_335,"St. Thomas, USVI",GV,Ground Validation,2016-08-30,2016,18.23809872,-64.94322483,41.311,0,0,1,1,0,0,1,1,0,0,0,Pass,,https://nccospublicstor.blob.core.windows.net/biomapper/usviinsularshelf2017/videos/low/GV2016_335.mp4
REC0968,GV2016_336,"St. John, USVI",GV,Ground Validation,2016-09-17,2016,18.23680357,-64.69480321,53.172,0,1,1,0,1,0,1,1,0,0,0,Pass,,https://nccospublicstor.blob.core.windows.net/biomapper/usviinsularshelf2017/videos/low/GV2016_336.mp4
REC0969,GV2016_337,"St. Thomas, USVI",GV,Ground Validation,2016-08-29,2016,18.22728778,-64.934617,43.292,0,0,1,1,0,0,1,1,0,0,0,Pass,,https://nccospublicstor.blob.core.windows.net/biomapper/usviinsularshelf2017/videos/low/GV2016_337.mp4
REC0970,GV2016_338,"St. Thomas, USVI",GV,Ground Validation,2016-08-26,2016,18.20078871,-64.9450713,40.232,1,0,0,0,1,0,1,1,0,0,0,Pass,,https://nccospublicstor.blob.core.windows.net/biomapper/usviinsularshelf2017/videos/low/GV2016_338.mp4
REC0971,GV2016_339,"St. John, USVI",GV,Ground Validation,2016-08-31,2016,18.27057356,-64.80405739,35.383,0,0,1,0,0,0,1,1,0,0,0,Pass,,https://nccospublicstor.blob.core.windows.net/biomapper/usviinsularshelf2017/videos/low/GV2016_339.mp4
REC0972,GV2016_340,Puerto Rico,GV,Ground Validation,2016-08-23,2016,18.20440503,-65.18068307,35.504,1,0,0,0,1,1,1,1,0,0,0,Pass,,https://nccospublicstor.blob.core.windows.net/biomapper/usviinsularshelf2017/videos/low/GV2016_340.mp4
REC0973,GV2016_341,"St. John, USVI",GV,Ground Validation,2016-09-17,2016,18.23279278,-64.77417672,54.901,0,0,1,0,0,0,1,1,0,0,0,Pass,,https://nccospublicstor.blob.core.windows.net/biomapper/usviinsularshelf2017/videos/low/GV2016_341.mp4
REC0974,GV2016_342,Puerto Rico,GV,Ground Validation,2016-08-21,2016,18.1404819,-65.22257147,37.879,0,1,1,0,1,0,1,1,0,0,0,Pass,,https://nccospublicstor.blob.core.windows.net/biomapper/usviinsularshelf2017/videos/low/GV2016_342.mp4
REC0975,GV2016_343,"St. Thomas, USVI",GV,Ground Validation,2016-08-28,2016,18.19988089,-64.88702203,52.458,0,0,1,0,0,0,1,1,0,0,0,Pass,,https://nccospublicstor.blob.core.windows.net/biomapper/usviinsularshelf2017/videos/low/GV2016_343.mp4
REC0976,GV2016_344,"St. Thomas, USVI",GV,Ground Validation,2016-08-26,2016,18.18435015,-65.07917842,29.217,1,0,0,0,1,0,1,1,0,0,0,Pass,,https://nccospublicstor.blob.core.windows.net/biomapper/usviinsularshelf2017/videos/low/GV2016_344.mp4
REC0977,GV2016_345,"St. Thomas, USVI",GV,Ground Validation,2016-08-27,2016,18.26454516,-65.02358007,33.95,0,0,1,0,0,0,1,1,0,0,0,Pass,,https://nccospublicstor.blob.core.windows.net/biomapper/usviinsularshelf2017/videos/low/GV2016_345.mp4
REC0978,GV2016_346,"St. John, USVI",GV,Ground Validation,2016-09-11,2016,18.2735585,-64.77751031,40.072,0,0,1,1,0,0,1,1,0,0,0,Pass,,https://nccospublicstor.blob.core.windows.net/biomapper/usviinsularshelf2017/videos/low/GV2016_346.mp4
REC0979,GV2016_347,"St. Thomas, USVI",GV,Ground Validation,2016-08-20,2016,18.26513584,-65.11988312,28.47,1,0,0,1,1,0,1,1,0,0,0,Pass,,https://nccospublicstor.blob.core.windows.net/biomapper/usviinsularshelf2017/videos/low/GV2016_347.mp4
REC0980,GV2016_348,"St. Thomas, USVI",GV,Ground Validation,2016-08-25,2016,18.25014121,-65.09084389,28.443,1,0,0,0,1,0,1,1,0,0,0,Pass,,https://nccospublicstor.blob.core.windows.net/biomapper/usviinsularshelf2017/videos/low/GV2016_348.mp4
REC0981,GV2016_349,"St. John, USVI",GV,Ground Validation,2016-09-13,2016,18.22766933,-64.77644042,55.807,0,0,1,1,0,0,1,0,0,0,0,Pass,,https://nccospublicstor.blob.core.windows.net/biomapper/usviinsularshelf2017/videos/low/GV2016_349.mp4
REC0982,GV2016_350,Puerto Rico,GV,Ground Validation,2016-08-23,2016,18.20827406,-65.15009656,38.704,0,0,1,0,0,0,1,1,0,0,0,Pass,,https://nccospublicstor.blob.core.windows.net/biomapper/usviinsularshelf2017/videos/low/GV2016_350.mp4
REC0983,GV2016_351,"St. John, USVI",GV,Ground Validation,2016-09-11,2016,18.26152479,-64.75309409,46.213,0,0,1,0,0,0,1,1,0,0,0,Pass,,https://nccospublicstor.blob.core.windows.net/biomapper/usviinsularshelf2017/videos/low/GV2016_351.mp4
REC0984,GV2016_352,"St. John, USVI",GV,Ground Validation,2016-09-11,2016,18.29656835,-64.69285701,33.893,0,0,1,1,0,0,1,1,0,0,0,Pass,,https://nccospublicstor.blob.core.windows.net/biomapper/usviinsularshelf2017/videos/low/GV2016_352.mp4
REC0985,GV2016_353,"St. John, USVI",GV,Ground Validation,2016-08-31,2016,18.29139396,-64.78345392,29.798,0,0,1,1,0,0,1,1,0,0,0,Pass,,https://nccospublicstor.blob.core.windows.net/biomapper/usviinsularshelf2017/videos/low/GV2016_353.mp4
REC0986,GV2016_355,"St. Thomas, USVI",GV,Ground Validation,2016-08-27,2016,18.24816039,-65.01758747,39.859,0,0,0,1,0,0,1,0,0,0,0,Pass,,https://nccospublicstor.blob.core.windows.net/biomapper/usviinsularshelf2017/videos/low/GV2016_355.mp4
REC0987,GV2016_356,"St. John, USVI",GV,Ground Validation,2016-09-16,2016,18.21161698,-64.78896687,54.471,0,0,1,0,1,0,1,1,0,0,0,Pass,,https://nccospublicstor.blob.core.windows.net/biomapper/usviinsularshelf2017/videos/low/GV2016_356.mp4
REC0988,GV2016_357,"St. Thomas, USVI",GV,Ground Validation,2016-08-26,2016,18.18986494,-65.07675334,36.965,1,0,0,0,1,1,1,1,0,0,0,Pass,,https://nccospublicstor.blob.core.windows.net/biomapper/usviinsularshelf2017/videos/low/GV2016_357.mp4
REC0989,GV2016_358,"St. John, USVI",GV,Ground Validation,2016-09-17,2016,18.24233051,-64.69907968,44.568,0,0,1,0,1,0,1,1,0,0,0,Pass,,https://nccospublicstor.blob.core.windows.net/biomapper/usviinsularshelf2017/videos/low/GV2016_358.mp4
REC0990,GV2016_359,Puerto Rico,GV,Ground Validation,2016-08-21,2016,18.13905751,-65.19077685,36.104,1,0,0,0,1,1,1,1,0,0,0,Pass,,https://nccospublicstor.blob.core.windows.net/biomapper/usviinsularshelf2017/videos/low/GV2016_359.mp4
REC0991,GV2016_360,"St. Thomas, USVI",GV,Ground Validation,2016-08-30,2016,18.27449979,-64.81815276,34.671,0,0,1,1,0,0,1,1,0,0,0,Pass,,https://nccospublicstor.blob.core.windows.net/biomapper/usviinsularshelf2017/videos/low/GV2016_360.mp4
REC0992,GV2016_361,"St. Thomas, USVI",GV,Ground Validation,2016-08-27,2016,18.25116223,-65.03338999,38.054,0,0,1,0,0,0,1,1,0,0,0,Pass,,https://nccospublicstor.blob.core.windows.net/biomapper/usviinsularshelf2017/videos/low/GV2016_361.mp4
REC0993,GV2016_362,"St. John, USVI",GV,Ground Validation,2016-08-31,2016,18.30184473,-64.79572461,27.359,0,0,1,1,0,0,1,1,0,0,0,Pass,,https://nccospublicstor.blob.core.windows.net/biomapper/usviinsularshelf2017/videos/low/GV2016_362.mp4
REC0994,GV2016_363,Puerto Rico,GV,Ground Validation,2016-08-21,2016,18.14030509,-65.20453212,38.317,1,0,0,0,1,0,1,0,0,0,0,Pass,,https://nccospublicstor.blob.core.windows.net/biomapper/usviinsularshelf2017/videos/low/GV2016_363.mp4
REC0995,GV2016_364,"St. Thomas, USVI",GV,Ground Validation,2016-08-27,2016,18.27406537,-65.04585558,35.21,0,1,1,0,0,0,1,1,0,0,0,Pass,,https://nccospublicstor.blob.core.windows.net/biomapper/usviinsularshelf2017/videos/low/GV2016_364.mp4
REC0996,GV2016_365,"St. John, USVI",GV,Ground Validation,2016-09-17,2016,18.21080465,-64.74230091,52.38,0,1,1,0,1,0,1,1,0,0,0,Pass,,https://nccospublicstor.blob.core.windows.net/biomapper/usviinsularshelf2017/videos/low/GV2016_365.mp4
REC0997,GV2016_366,"St. Thomas, USVI",GV,Ground Validation,2016-08-30,2016,18.29135923,-64.81371858,24.828,0,0,1,1,0,0,1,1,0,0,0,Pass,,https://nccospublicstor.blob.core.windows.net/biomapper/usviinsularshelf2017/videos/low/GV2016_366.mp4
REC0998,GV2016_367,"St. Thomas, USVI",GV,Ground Validation,2016-08-27,2016,18.19963501,-65.10370815,40.11,1,0,0,1,1,1,1,1,0,0,0,Pass,,https://nccospublicstor.blob.core.windows.net/biomapper/usviinsularshelf2017/videos/low/GV2016_367.mp4
REC0999,GV2016_368,"St. John, USVI",GV,Ground Validation,2016-09-10,2016,18.26900584,-64.77618224,42.019,0,0,0,1,0,0,0,1,0,0,0,Pass,,https://nccospublicstor.blob.core.windows.net/biomapper/usviinsularshelf2017/videos/low/GV2016_368.mp4
REC1000,GV2016_369,"St. John, USVI",GV,Ground Validation,2016-09-17,2016,18.22866885,-64.73003709,54.511,0,1,1,0,1,0,1,1,0,0,0,Pass,,https://nccospublicstor.blob.core.windows.net/biomapper/usviinsularshelf2017/videos/low/GV2016_369.mp4
REC1001,GV2016_370,Puerto Rico,GV,Ground Validation,2016-08-23,2016,18.19393771,-65.14002501,40.45,1,0,0,0,1,0,1,1,0,0,0,Pass,,https://nccospublicstor.blob.core.windows.net/biomapper/usviinsularshelf2017/videos/low/GV2016_370.mp4
REC1002,GV2016_371,"St. Thomas, USVI",GV,Ground Validation,2016-08-26,2016,18.22038215,-65.03234029,41.267,1,0,0,1,1,1,1,1,0,0,0,Pass,,https://nccospublicstor.blob.core.windows.net/biomapper/usviinsularshelf2017/videos/low/GV2016_371.mp4
REC1003,GV2016_372,"St. Thomas, USVI",GV,Ground Validation,2016-08-30,2016,18.26181053,-64.94248282,33.424,0,0,1,1,0,0,1,1,0,0,0,Pass,,https://nccospublicstor.blob.core.windows.net/biomapper/usviinsularshelf2017/videos/low/GV2016_372.mp4
REC1004,GV2016_373,"St. Thomas, USVI",GV,Ground Validation,2016-08-26,2016,18.21235978,-65.07577109,42.73,0,0,0,1,0,0,1,1,0,0,0,Pass,,https://nccospublicstor.blob.core.windows.net/biomapper/usviinsularshelf2017/videos/low/GV2016_373.mp4
REC1005,GV2016_374,"St. Thomas, USVI",GV,Ground Validation,2016-08-29,2016,18.23047019,-64.88709499,43.976,0,0,1,1,0,0,1,1,0,0,0,Pass,,https://nccospublicstor.blob.core.windows.net/biomapper/usviinsularshelf2017/videos/low/GV2016_374.mp4
REC1006,GV2016_375,"St. Thomas, USVI",GV,Ground Validation,2016-08-30,2016,18.24344875,-64.98080289,40.555,0,0,1,1,0,0,1,1,0,0,0,Pass,,https://nccospublicstor.blob.core.windows.net/biomapper/usviinsularshelf2017/videos/low/GV2016_375.mp4
REC1007,GV2016_376,"St. John, USVI",GV,Ground Validation,2016-09-11,2016,18.26874157,-64.74435432,44.614,0,0,1,1,0,0,1,1,0,0,0,Pass,,https://nccospublicstor.blob.core.windows.net/biomapper/usviinsularshelf2017/videos/low/GV2016_376.mp4
REC1008,GV2016_377,"St. John, USVI",GV,Ground Validation,2016-09-12,2016,18.22778891,-64.68913681,53.085,0,0,1,0,1,0,1,1,0,0,0,Pass,,https://nccospublicstor.blob.core.windows.net/biomapper/usviinsularshelf2017/videos/low/GV2016_377.mp4
REC1009,GV2016_378,"St. Thomas, USVI",GV,Ground Validation,2016-08-27,2016,18.23444768,-65.04819498,39.372,0,0,0,1,0,0,1,1,0,0,0,Pass,,https://nccospublicstor.blob.core.windows.net/biomapper/usviinsularshelf2017/videos/low/GV2016_378.mp4
REC1010,GV2016_379,"St. John, USVI",GV,Ground Validation,2016-09-13,2016,18.24705725,-64.80296533,39.192,0,1,0,0,0,0,1,1,0,0,0,Pass,,https://nccospublicstor.blob.core.windows.net/biomapper/usviinsularshelf2017/videos/low/GV2016_379.mp4
REC1011,GV2016_380,"St. John, USVI",GV,Ground Validation,2016-08-31,2016,18.27699099,-64.79689743,35.147,0,0,0,1,0,0,0,1,0,0,0,Pass,,https://nccospublicstor.blob.core.windows.net/biomapper/usviinsularshelf2017/videos/low/GV2016_380.mp4
REC1012,GV2016_381,"St. Thomas, USVI",GV,Ground Validation,2016-08-27,2016,18.24721463,-65.00080931,40.361,0,0,1,1,0,0,1,1,0,0,0,Pass,,https://nccospublicstor.blob.core.windows.net/biomapper/usviinsularshelf2017/videos/low/GV2016_381.mp4
REC1013,GV2016_382,"St. John, USVI",GV,Ground Validation,2016-09-01,2016,18.29104981,-64.74035581,31.879,0,0,1,0,0,0,1,1,0,0,0,Pass,,https://nccospublicstor.blob.core.windows.net/biomapper/usviinsularshelf2017/videos/low/GV2016_382.mp4
REC1014,GV2016_383,"St. Thomas, USVI",GV,Ground Validation,2016-08-30,2016,18.249722,-64.97615472,39.615,0,0,1,0,0,0,1,1,0,0,0,Pass,,https://nccospublicstor.blob.core.windows.net/biomapper/usviinsularshelf2017/videos/low/GV2016_383.mp4
REC1015,GV2016_384,"St. Thomas, USVI",GV,Ground Validation,2016-08-29,2016,18.23421307,-64.92528854,42.779,0,0,1,1,0,0,1,1,0,0,0,Pass,,https://nccospublicstor.blob.core.windows.net/biomapper/usviinsularshelf2017/videos/low/GV2016_384.mp4
REC1016,GV2016_385,"St. Thomas, USVI",GV,Ground Validation,2016-08-26,2016,18.20245006,-64.93183616,46.899,0,0,1,1,0,0,1,1,0,0,0,Pass,,https://nccospublicstor.blob.core.windows.net/biomapper/usviinsularshelf2017/videos/low/GV2016_385.mp4
REC1017,GV2016_386,"St. Thomas, USVI",GV,Ground Validation,2016-08-20,2016,18.27131713,-65.07800122,34.608,0,0,1,1,0,0,1,1,0,0,0,Pass,,https://nccospublicstor.blob.core.windows.net/biomapper/usviinsularshelf2017/videos/low/GV2016_386.mp4
REC1018,GV2016_387,"St. Thomas, USVI",GV,Ground Validation,2016-08-20,2016,18.26737761,-65.12275556,29.327,1,0,0,0,1,1,1,1,0,0,0,Pass,,https://nccospublicstor.blob.core.windows.net/biomapper/usviinsularshelf2017/videos/low/GV2016_387.mp4
REC1019,GV2016_388,"St. John, USVI",GV,Ground Validation,2016-08-31,2016,18.27366104,-64.8041071,35.03,0,1,1,1,0,0,1,1,0,0,0,Pass,,https://nccospublicstor.blob.core.windows.net/biomapper/usviinsularshelf2017/videos/low/GV2016_388.mp4
REC1020,GV2016_389,"St. Thomas, USVI",GV,Ground Validation,2016-08-29,2016,18.23858509,-64.88880502,41.982,0,0,1,1,0,0,1,1,0,0,0,Pass,,https://nccospublicstor.blob.core.windows.net/biomapper/usviinsularshelf2017/videos/low/GV2016_389.mp4
REC1021,GV2016_390,Puerto Rico,GV,Ground Validation,2016-08-21,2016,18.14987354,-65.18731716,52.802,0,0,1,0,0,0,1,1,0,0,0,Pass,,https://nccospublicstor.blob.core.windows.net/biomapper/usviinsularshelf2017/videos/low/GV2016_390.mp4
REC1022,GV2016_391,Puerto Rico,GV,Ground Validation,2016-08-21,2016,18.15168186,-65.21365013,39.538,1,0,0,0,1,1,1,1,0,0,0,Pass,,https://nccospublicstor.blob.core.windows.net/biomapper/usviinsularshelf2017/videos/low/GV2016_391.mp4
REC1023,GV2016_392,Puerto Rico,GV,Ground Validation,2016-08-21,2016,18.12100371,-65.21729254,45.333,0,0,1,0,0,0,1,1,0,0,0,Pass,,https://nccospublicstor.blob.core.windows.net/biomapper/usviinsularshelf2017/videos/low/GV2016_392.mp4
REC1024,GV2016_393,"St. Thomas, USVI",GV,Ground Validation,2016-08-26,2016,18.21115356,-65.02322938,43.969,1,0,0,1,1,0,1,1,0,0,0,Pass,,https://nccospublicstor.blob.core.windows.net/biomapper/usviinsularshelf2017/videos/low/GV2016_393.mp4
REC1025,GV2016_394,Puerto Rico,GV,Ground Validation,2016-08-22,2016,18.18007884,-65.20238314,40.73,1,0,0,0,1,1,1,1,0,0,0,Pass,,https://nccospublicstor.blob.core.windows.net/biomapper/usviinsularshelf2017/videos/low/GV2016_394.mp4
REC1026,GV2016_395,"St. John, USVI",GV,Ground Validation,2016-09-12,2016,18.24996948,-64.66503911,45.959,1,0,0,1,1,0,1,1,0,0,0,Pass,,https://nccospublicstor.blob.core.windows.net/biomapper/usviinsularshelf2017/videos/low/GV2016_395.mp4
REC1027,GV2016_396,"St. Thomas, USVI",GV,Ground Validation,2016-08-20,2016,18.27795129,-65.096732,34.925,0,0,0,1,0,1,0,1,0,0,0,Pass,,https://nccospublicstor.blob.core.windows.net/biomapper/usviinsularshelf2017/videos/low/GV2016_396.mp4
REC1028,GV2016_397,"St. Thomas, USVI",GV,Ground Validation,2016-08-26,2016,18.21997176,-65.00792763,42.224,0,0,0,1,0,0,1,1,0,0,0,Pass,,https://nccospublicstor.blob.core.windows.net/biomapper/usviinsularshelf2017/videos/low/GV2016_397.mp4
REC1029,GV2016_398,Puerto Rico,GV,Ground Validation,2016-08-22,2016,18.19049489,-65.20871503,36.6,1,0,0,0,1,0,1,1,0,0,0,Pass,,https://nccospublicstor.blob.core.windows.net/biomapper/usviinsularshelf2017/videos/low/GV2016_398.mp4
REC1030,GV2016_399,"St. Thomas, USVI",GV,Ground Validation,2016-09-16,2016,18.20922574,-64.82704068,55.068,0,0,1,0,1,0,1,1,0,0,0,Pass,,https://nccospublicstor.blob.core.windows.net/biomapper/usviinsularshelf2017/videos/low/GV2016_399.mp4
REC1031,GV2016_400,"St. Thomas, USVI",GV,Ground Validation,2016-08-27,2016,18.22756367,-65.00754419,41.029,0,0,1,1,0,0,1,1,0,0,0,Pass,,https://nccospublicstor.blob.core.windows.net/biomapper/usviinsularshelf2017/videos/low/GV2016_400.mp4
REC1032,GV2016_402,"St. John, USVI",GV,Ground Validation,2016-09-17,2016,18.2515213,-64.75551689,45.195,0,0,1,0,0,0,1,1,0,0,0,Pass,,https://nccospublicstor.blob.core.windows.net/biomapper/usviinsularshelf2017/videos/low/GV2016_402.mp4
REC1033,GV2016_403,"St. John, USVI",GV,Ground Validation,2016-09-17,2016,18.2383665,-64.69756533,49.891,0,1,1,0,1,1,1,1,0,0,0,Pass,,https://nccospublicstor.blob.core.windows.net/biomapper/usviinsularshelf2017/videos/low/GV2016_403.mp4
REC1034,GV2016_404,Puerto Rico,GV,Ground Validation,2016-08-25,2016,18.2405358,-65.16413909,34.167,1,0,0,0,1,1,1,1,0,0,0,Pass,,https://nccospublicstor.blob.core.windows.net/biomapper/usviinsularshelf2017/videos/low/GV2016_404.mp4
REC1035,GV2016_405,Puerto Rico,GV,Ground Validation,2016-08-21,2016,18.13420962,-65.21918616,39.299,0,0,1,0,1,0,1,1,0,0,0,Pass,,https://nccospublicstor.blob.core.windows.net/biomapper/usviinsularshelf2017/videos/low/GV2016_405.mp4
REC1036,GV2016_406,Puerto Rico,GV,Ground Validation,2016-08-23,2016,18.20023724,-65.1406495,37.182,1,0,0,0,1,0,1,1,0,0,0,Pass,,https://nccospublicstor.blob.core.windows.net/biomapper/usviinsularshelf2017/videos/low/GV2016_406.mp4
REC1037,GV2016_407,"St. John, USVI",GV,Ground Validation,2016-09-17,2016,18.20512128,-64.76188893,54.372,0,1,1,0,1,0,1,1,0,0,0,Pass,,https://nccospublicstor.blob.core.windows.net/biomapper/usviinsularshelf2017/videos/low/GV2016_407.mp4
REC1038,GV2016_408,"St. Thomas, USVI",GV,Ground Validation,2016-08-28,2016,18.25010352,-64.89832327,40.403,0,0,1,1,0,0,1,1,0,0,0,Pass,,https://nccospublicstor.blob.core.windows.net/biomapper/usviinsularshelf2017/videos/low/GV2016_408.mp4
REC1039,GV2016_409,"St. Thomas, USVI",GV,Ground Validation,2016-08-29,2016,18.23093343,-64.87324057,43.837,0,0,0,1,0,0,1,1,0,0,0,Pass,,https://nccospublicstor.blob.core.windows.net/biomapper/usviinsularshelf2017/videos/low/GV2016_409.mp4
REC1040,GV2016_410,"St. John, USVI",GV,Ground Validation,2016-09-17,2016,18.22010642,-64.7309104,52.557,0,1,1,0,1,0,1,1,0,0,0,Pass,,https://nccospublicstor.blob.core.windows.net/biomapper/usviinsularshelf2017/videos/low/GV2016_410.mp4
REC1041,GV2016_411,"St. Thomas, USVI",GV,Ground Validation,2016-08-25,2016,18.252714,-65.05640716,35.809,0,0,1,1,0,0,1,1,0,0,0,Pass,,https://nccospublicstor.blob.core.windows.net/biomapper/usviinsularshelf2017/videos/low/GV2016_411.mp4
REC1042,GV2016_412,"St. Thomas, USVI",GV,Ground Validation,2016-08-27,2016,18.27254876,-65.03785583,33.092,0,0,1,0,0,0,1,1,0,0,0,Pass,,https://nccospublicstor.blob.core.windows.net/biomapper/usviinsularshelf2017/videos/low/GV2016_412.mp4
REC1043,GV2016_414,"St. Thomas, USVI",GV,Ground Validation,2016-08-25,2016,18.25867646,-65.08410216,26.058,1,0,0,0,1,1,1,1,0,0,0,Pass,,https://nccospublicstor.blob.core.windows.net/biomapper/usviinsularshelf2017/videos/low/GV2016_414.mp4
REC1044,GV2016_415,"St. Thomas, USVI",GV,Ground Validation,2016-08-28,2016,18.22935613,-64.90686362,43.791,0,0,1,1,0,0,1,1,0,0,0,Pass,,https://nccospublicstor.blob.core.windows.net/biomapper/usviinsularshelf2017/videos/low/GV2016_415.mp4
REC1045,GV2016_416,Puerto Rico,GV,Ground Validation,2016-08-21,2016,18.16201413,-65.2048225,35.204,1,0,0,0,1,1,1,1,0,0,0,Pass,,https://nccospublicstor.blob.core.windows.net/biomapper/usviinsularshelf2017/videos/low/GV2016_416.mp4
REC1046,GV2016_417,"St. Thomas, USVI",GV,Ground Validation,2016-08-28,2016,18.22464204,-64.90178692,41.728,0,0,1,0,1,0,1,1,0,0,0,Pass,,https://nccospublicstor.blob.core.windows.net/biomapper/usviinsularshelf2017/videos/low/GV2016_417.mp4
REC1047,GV2016_418,"St. Thomas, USVI",GV,Ground Validation,2016-08-27,2016,18.27597131,-64.99611349,32.525,0,0,1,0,0,0,1,1,0,0,0,Pass,,https://nccospublicstor.blob.core.windows.net/biomapper/usviinsularshelf2017/videos/low/GV2016_418.mp4
REC1048,GV2016_419,"St. John, USVI",GV,Ground Validation,2016-09-12,2016,18.22485397,-64.70891016,54.238,0,1,0,0,1,0,1,1,0,0,0,Pass,,https://nccospublicstor.blob.core.windows.net/biomapper/usviinsularshelf2017/videos/low/GV2016_419.mp4
REC1049,GV2016_420,"St. Thomas, USVI",GV,Ground Validation,2016-08-29,2016,18.22505154,-64.86287088,45.849,0,0,1,0,1,0,1,1,0,0,0,Pass,,https://nccospublicstor.blob.core.windows.net/biomapper/usviinsularshelf2017/videos/low/GV2016_420.mp4
REC1050,GV2016_421,"St. Thomas, USVI",GV,Ground Validation,2016-08-26,2016,18.20266664,-65.07817705,43.71,1,0,0,0,1,1,1,1,0,0,0,Pass,,https://nccospublicstor.blob.core.windows.net/biomapper/usviinsularshelf2017/videos/low/GV2016_421.mp4
REC1051,GV2016_422,Puerto Rico,GV,Ground Validation,2016-08-25,2016,18.22991426,-65.13733022,32.897,1,0,0,0,1,0,1,1,0,0,0,Pass,,https://nccospublicstor.blob.core.windows.net/biomapper/usviinsularshelf2017/videos/low/GV2016_422.mp4
REC1052,GV2016_423,"St. Thomas, USVI",GV,Ground Validation,2016-09-16,2016,18.20402588,-64.8255836,53.896,0,0,1,1,1,0,1,1,0,0,0,Pass,,https://nccospublicstor.blob.core.windows.net/biomapper/usviinsularshelf2017/videos/low/GV2016_423.mp4
REC1053,GV2016_424,"St. Thomas, USVI",GV,Ground Validation,2016-08-26,2016,18.20236872,-65.04211697,48.554,1,0,0,0,1,0,1,1,0,0,0,Pass,,https://nccospublicstor.blob.core.windows.net/biomapper/usviinsularshelf2017/videos/low/GV2016_424.mp4
REC1054,GV2016_425,"St. John, USVI",GV,Ground Validation,2016-09-17,2016,18.21798591,-64.74914171,52.107,0,1,1,0,1,0,1,1,0,0,0,Pass,,https://nccospublicstor.blob.core.windows.net/biomapper/usviinsularshelf2017/videos/low/GV2016_425.mp4
REC1055,GV2016_426,"St. John, USVI",GV,Ground Validation,2016-09-02,2016,18.28616291,-64.71526474,33.196,0,0,1,1,1,0,1,1,0,0,0,Pass,,https://nccospublicstor.blob.core.windows.net/biomapper/usviinsularshelf2017/videos/low/GV2016_426.mp4
REC1056,GV2016_427,"St. John, USVI",GV,Ground Validation,2016-09-12,2016,18.26550477,-64.70113758,47.5,0,0,1,0,0,0,1,1,0,0,0,Pass,,https://nccospublicstor.blob.core.windows.net/biomapper/usviinsularshelf2017/videos/low/GV2016_427.mp4
REC1057,GV2016_428,"St. John, USVI",GV,Ground Validation,2016-09-17,2016,18.23961477,-64.75217712,45.0,1,0,0,0,1,0,1,1,0,0,0,Pass,,https://nccospublicstor.blob.core.windows.net/biomapper/usviinsularshelf2017/videos/low/GV2016_428.mp4
REC1058,GV2016_429,"St. Thomas, USVI",GV,Ground Validation,2016-08-20,2016,18.27720552,-65.11158939,27.897,1,0,0,0,1,0,1,1,0,0,0,Pass,,https://nccospublicstor.blob.core.windows.net/biomapper/usviinsularshelf2017/videos/low/GV2016_429.mp4
REC1059,GV2016_430,Puerto Rico,GV,Ground Validation,2016-08-22,2016,18.20017997,-65.19891568,32.226,1,0,0,0,1,1,1,1,0,0,0,Pass,,https://nccospublicstor.blob.core.windows.net/biomapper/usviinsularshelf2017/videos/low/GV2016_430.mp4
REC1060,GV2016_431,Puerto Rico,GV,Ground Validation,2016-08-25,2016,18.22674406,-65.15316486,38.834,0,0,1,1,0,0,1,1,0,0,0,Pass,,https://nccospublicstor.blob.core.windows.net/biomapper/usviinsularshelf2017/videos/low/GV2016_431.mp4
REC1061,GV2016_432,"St. Thomas, USVI",GV,Ground Validation,2016-08-27,2016,18.23947124,-65.00871603,40.185,0,0,1,1,0,0,1,1,0,0,0,Pass,,https://nccospublicstor.blob.core.windows.net/biomapper/usviinsularshelf2017/videos/low/GV2016_432.mp4
REC1062,GV2016_433,"St. Thomas, USVI",GV,Ground Validation,2016-08-20,2016,18.26264291,-65.06850766,34.319,0,0,1,0,0,0,1,1,0,0,0,Pass,,https://nccospublicstor.blob.core.windows.net/biomapper/usviinsularshelf2017/videos/low/GV2016_433.mp4
REC1063,GV2016_434,"St. Thomas, USVI",GV,Ground Validation,2016-08-27,2016,18.25394044,-65.02944532,35.755,1,0,1,1,1,0,1,1,0,0,0,Pass,,https://nccospublicstor.blob.core.windows.net/biomapper/usviinsularshelf2017/videos/low/GV2016_434.mp4
REC1064,GV2016_435,Puerto Rico,GV,Ground Validation,2016-08-21,2016,18.15174317,-65.19298062,37.234,1,0,0,0,1,0,1,1,0,0,0,Pass,,https://nccospublicstor.blob.core.windows.net/biomapper/usviinsularshelf2017/videos/low/GV2016_435.mp4
REC1065,GV2016_436,"St. Thomas, USVI",GV,Ground Validation,2016-08-27,2016,18.27416213,-65.01351489,33.368,0,0,1,0,0,0,1,1,0,0,0,Pass,,https://nccospublicstor.blob.core.windows.net/biomapper/usviinsularshelf2017/videos/low/GV2016_436.mp4
REC1066,GV2016_437,"St. John, USVI",GV,Ground Validation,2016-09-01,2016,18.29659101,-64.73615295,28.902,0,0,1,1,0,0,1,1,0,0,0,Pass,,https://nccospublicstor.blob.core.windows.net/biomapper/usviinsularshelf2017/videos/low/GV2016_437.mp4
REC1067,GV2016_439,"St. Thomas, USVI",GV,Ground Validation,2016-09-10,2016,18.25691794,-64.85238957,37.782,0,0,1,1,0,0,1,1,0,0,0,Pass,,https://nccospublicstor.blob.core.windows.net/biomapper/usviinsularshelf2017/videos/low/GV2016_439.mp4
REC1068,GV2016_440,"St. Thomas, USVI",GV,Ground Validation,2016-08-29,2016,18.23788828,-64.9802801,40.174,0,0,1,1,0,0,1,1,0,0,0,Pass,,https://nccospublicstor.blob.core.windows.net/biomapper/usviinsularshelf2017/videos/low/GV2016_440.mp4
REC1069,GV2016_441,"St. John, USVI",GV,Ground Validation,2016-09-12,2016,18.22895919,-64.66793845,56.104,0,1,0,0,0,0,1,1,0,0,0,Pass,,https://nccospublicstor.blob.core.windows.net/biomapper/usviinsularshelf2017/videos/low/GV2016_441.mp4
REC1070,GV2016_442,"St. John, USVI",GV,Ground Validation,2016-09-12,2016,18.22357046,-64.67502423,39.739,0,1,0,0,1,1,1,1,0,0,0,Pass,,https://nccospublicstor.blob.core.windows.net/biomapper/usviinsularshelf2017/videos/low/GV2016_442.mp4
REC1071,GV2016_443,"St. John, USVI",GV,Ground Validation,2016-09-12,2016,18.21387238,-64.70164194,55.791,0,1,0,0,1,0,1,1,0,0,0,Pass,,https://nccospublicstor.blob.core.windows.net/biomapper/usviinsularshelf2017/videos/low/GV2016_443.mp4
REC1072,GV2016_445,Puerto Rico,GV,Ground Validation,2016-08-21,2016,18.18379621,-65.23529083,23.811,1,0,0,1,1,1,1,1,0,0,0,Pass,,https://nccospublicstor.blob.core.windows.net/biomapper/usviinsularshelf2017/videos/low/GV2016_445.mp4
REC1073,GV2016_446,"St. Thomas, USVI",GV,Ground Validation,2016-08-27,2016,18.22214006,-65.09181586,35.366,1,0,0,0,1,1,1,1,0,0,0,Pass,,https://nccospublicstor.blob.core.windows.net/biomapper/usviinsularshelf2017/videos/low/GV2016_446.mp4
REC1074,GV2016_447,"St. John, USVI",GV,Ground Validation,2016-09-13,2016,18.22727742,-64.80357139,55.275,0,0,1,1,0,0,1,1,0,0,0,Pass,,https://nccospublicstor.blob.core.windows.net/biomapper/usviinsularshelf2017/videos/low/GV2016_447.mp4
REC1075,GV2016_448,Puerto Rico,GV,Ground Validation,2016-08-23,2016,18.18360977,-65.17766343,39.798,1,0,0,0,1,1,1,1,0,0,0,Pass,,https://nccospublicstor.blob.core.windows.net/biomapper/usviinsularshelf2017/videos/low/GV2016_448.mp4
REC1076,GV2016_449,"St. Thomas, USVI",GV,Ground Validation,2016-09-09,2016,18.22540605,-64.84549212,45.381,0,0,1,0,0,0,1,1,0,0,0,Pass,,https://nccospublicstor.blob.core.windows.net/biomapper/usviinsularshelf2017/videos/low/GV2016_449.mp4
REC1077,GV2016_450,"St. Thomas, USVI",GV,Ground Validation,2016-08-30,2016,18.24215038,-64.98768486,40.593,0,0,0,1,0,0,1,1,0,0,0,Pass,,https://nccospublicstor.blob.core.windows.net/biomapper/usviinsularshelf2017/videos/low/GV2016_450.mp4
REC1078,GV2016_451,"St. Thomas, USVI",GV,Ground Validation,2016-08-28,2016,18.19363559,-64.87395336,38.937,1,0,0,0,1,0,1,1,0,0,0,Pass,,https://nccospublicstor.blob.core.windows.net/biomapper/usviinsularshelf2017/videos/low/GV2016_451.mp4
REC1079,GV2016_452,"St. Thomas, USVI",GV,Ground Validation,2016-08-28,2016,18.19636962,-64.90665777,50.953,0,0,1,0,1,0,1,1,0,0,0,Pass,,https://nccospublicstor.blob.core.windows.net/biomapper/usviinsularshelf2017/videos/low/GV2016_452.mp4
REC1080,GV2016_453,"St. Thomas, USVI",GV,Ground Validation,2016-08-28,2016,18.18415209,-64.9140385,56.576,0,0,1,0,0,0,1,1,0,0,0,Pass,,https://nccospublicstor.blob.core.windows.net/biomapper/usviinsularshelf2017/videos/low/GV2016_453.mp4
REC1081,GV2016_454,Puerto Rico,GV,Ground Validation,2016-08-22,2016,18.21622623,-65.19479598,30.043,1,0,0,0,1,1,1,1,0,0,0,Pass,,https://nccospublicstor.blob.core.windows.net/biomapper/usviinsularshelf2017/videos/low/GV2016_454.mp4
REC1082,GV2016_455,"St. Thomas, USVI",GV,Ground Validation,2016-08-20,2016,18.26394243,-65.08261687,34.718,1,0,0,1,1,1,1,1,0,0,0,Pass,,https://nccospublicstor.blob.core.windows.net/biomapper/usviinsularshelf2017/videos/low/GV2016_455.mp4
REC1083,GV2016_456,"St. John, USVI",GV,Ground Validation,2016-09-16,2016,18.19387162,-64.75605649,55.123,0,1,0,0,1,0,1,1,0,0,0,Pass,,https://nccospublicstor.blob.core.windows.net/biomapper/usviinsularshelf2017/videos/low/GV2016_456.mp4
REC1084,GV2016_457,"St. John, USVI",GV,Ground Validation,2016-09-12,2016,18.2586695,-64.65945483,41.778,1,0,0,1,1,0,1,1,0,0,0,Pass,,https://nccospublicstor.blob.core.windows.net/biomapper/usviinsularshelf2017/videos/low/GV2016_457.mp4
REC1085,GV2016_458,"St. John, USVI",GV,Ground Validation,2016-08-31,2016,18.29349769,-64.78990407,28.443,0,0,1,1,0,0,1,1,0,0,0,Pass,,https://nccospublicstor.blob.core.windows.net/biomapper/usviinsularshelf2017/videos/low/GV2016_458.mp4
REC1086,GV2016_460,"St. John, USVI",GV,Ground Validation,2016-09-12,2016,18.20929262,-64.70679675,55.508,0,1,0,0,1,0,1,1,0,0,0,Pass,,https://nccospublicstor.blob.core.windows.net/biomapper/usviinsularshelf2017/videos/low/GV2016_460.mp4
REC1087,GV2016_461,"St. John, USVI",GV,Ground Validation,2016-09-12,2016,18.23815794,-64.67078942,54.562,0,1,1,0,1,0,1,1,0,0,0,Pass,,https://nccospublicstor.blob.core.windows.net/biomapper/usviinsularshelf2017/videos/low/GV2016_461.mp4
REC1088,GV2016_462,"St. John, USVI",GV,Ground Validation,2016-09-13,2016,18.23552065,-64.77667214,50.604,0,0,1,0,0,0,1,1,0,0,0,Pass,,https://nccospublicstor.blob.core.windows.net/biomapper/usviinsularshelf2017/videos/low/GV2016_462.mp4
REC1089,GV2016_463,Puerto Rico,GV,Ground Validation,2016-08-23,2016,18.20892964,-65.17365109,34.111,1,0,0,0,1,1,1,1,0,0,0,Pass,,https://nccospublicstor.blob.core.windows.net/biomapper/usviinsularshelf2017/videos/low/GV2016_463.mp4
REC1090,GV2016_464,"St. Thomas, USVI",GV,Ground Validation,2016-08-30,2016,18.27412612,-64.84935443,27.987,0,0,1,1,0,0,1,1,0,0,0,Pass,,https://nccospublicstor.blob.core.windows.net/biomapper/usviinsularshelf2017/videos/low/GV2016_464.mp4
REC1091,GV2016_465,"St. Thomas, USVI",GV,Ground Validation,2016-08-27,2016,18.2311865,-65.02357587,40.347,0,0,1,1,0,0,1,1,0,0,0,Pass,,https://nccospublicstor.blob.core.windows.net/biomapper/usviinsularshelf2017/videos/low/GV2016_465.mp4
REC1092,GV2016_467,Puerto Rico,GV,Ground Validation,2016-08-22,2016,18.17018159,-65.19973185,40.68,1,0,0,0,1,1,1,0,0,0,0,Pass,,https://nccospublicstor.blob.core.windows.net/biomapper/usviinsularshelf2017/videos/low/GV2016_467.mp4
REC1093,GV2016_468,"St. John, USVI",GV,Ground Validation,2016-09-12,2016,18.26146806,-64.7200957,47.197,0,0,1,0,0,0,1,1,0,0,0,Pass,,https://nccospublicstor.blob.core.windows.net/biomapper/usviinsularshelf2017/videos/low/GV2016_468.mp4
REC1094,GV2016_469,Puerto Rico,GV,Ground Validation,2016-08-22,2016,18.1876421,-65.20218371,38.305,1,0,0,0,1,0,1,1,0,0,0,Pass,,https://nccospublicstor.blob.core.windows.net/biomapper/usviinsularshelf2017/videos/low/GV2016_469.mp4
REC1095,GV2016_470,"St. Thomas, USVI",GV,Ground Validation,2016-08-28,2016,18.18789581,-64.88112399,48.345,0,0,1,0,1,0,1,1,0,0,0,Pass,,https://nccospublicstor.blob.core.windows.net/biomapper/usviinsularshelf2017/videos/low/GV2016_470.mp4
REC1096,GV2016_471,"St. Thomas, USVI",GV,Ground Validation,2016-08-27,2016,18.25466049,-65.00885405,39.347,0,0,1,0,0,0,1,1,0,0,0,Pass,,https://nccospublicstor.blob.core.windows.net/biomapper/usviinsularshelf2017/videos/low/GV2016_471.mp4
REC1097,GV2016_472,Puerto Rico,GV,Ground Validation,2016-08-21,2016,18.15740958,-65.24582463,32.137,0,0,1,0,1,0,1,1,0,0,0,Pass,,https://nccospublicstor.blob.core.windows.net/biomapper/usviinsularshelf2017/videos/low/GV2016_472.mp4
REC1098,GV2016_473,"St. Thomas, USVI",GV,Ground Validation,2016-09-13,2016,18.23689848,-64.81345033,49.485,0,0,1,0,0,0,1,1,0,0,0,Pass,,https://nccospublicstor.blob.core.windows.net/biomapper/usviinsularshelf2017/videos/low/GV2016_473.mp4
REC1099,GV2016_474,"St. Thomas, USVI",GV,Ground Validation,2016-08-30,2016,18.25671522,-64.97258454,37.249,0,0,1,1,0,0,1,1,0,0,0,Pass,,https://nccospublicstor.blob.core.windows.net/biomapper/usviinsularshelf2017/videos/low/GV2016_474.mp4
REC1100,GV2016_475,"St. John, USVI",GV,Ground Validation,2016-09-10,2016,18.28302957,-64.72767402,35.968,0,0,1,1,0,0,1,1,0,0,0,Pass,,https://nccospublicstor.blob.core.windows.net/biomapper/usviinsularshelf2017/videos/low/GV2016_475.mp4
REC1101,GV2016_476,"St. Thomas, USVI",GV,Ground Validation,2016-09-16,2016,18.21162375,-64.81164084,51.923,0,0,1,0,1,0,1,1,0,0,0,Pass,,https://nccospublicstor.blob.core.windows.net/biomapper/usviinsularshelf2017/videos/low/GV2016_476.mp4
REC1102,GV2016_477,"St. John, USVI",GV,Ground Validation,2016-09-10,2016,18.26528934,-64.76929333,43.655,0,0,1,1,0,0,1,1,0,0,0,Pass,,https://nccospublicstor.blob.core.windows.net/biomapper/usviinsularshelf2017/videos/low/GV2016_477.mp4
REC1103,GV2016_478,"St. John, USVI",GV,Ground Validation,2016-09-16,2016,18.19407318,-64.79849392,55.187,0,1,1,0,1,0,1,1,0,0,0,Pass,,https://nccospublicstor.blob.core.windows.net/biomapper/usviinsularshelf2017/videos/low/GV2016_478.mp4
REC1104,GV2016_479,Puerto Rico,GV,Ground Validation,2016-08-23,2016,18.17512467,-65.17274602,42.252,1,0,0,0,1,1,1,1,0,0,0,Pass,,https://nccospublicstor.blob.core.windows.net/biomapper/usviinsularshelf2017/videos/low/GV2016_479.mp4
REC1105,GV2016_481,"St. Thomas, USVI",GV,Ground Validation,2016-08-28,2016,18.21519403,-64.89250953,44.983,1,0,1,0,0,0,1,1,0,0,0,Pass,,https://nccospublicstor.blob.core.windows.net/biomapper/usviinsularshelf2017/videos/low/GV2016_481.mp4
REC1106,GV2016_482,Puerto Rico,GV,Ground Validation,2016-08-21,2016,18.12803093,-65.179403,40.786,0,1,0,0,1,1,1,1,0,0,0,Pass,,https://nccospublicstor.blob.core.windows.net/biomapper/usviinsularshelf2017/videos/low/GV2016_482.mp4
REC1107,GV2016_483,"St. Thomas, USVI",GV,Ground Validation,2016-08-28,2016,18.18625458,-64.88769514,51.777,0,0,1,0,0,0,1,0,0,0,0,Pass,,https://nccospublicstor.blob.core.windows.net/biomapper/usviinsularshelf2017/videos/low/GV2016_483.mp4
REC1108,GV2016_484,"St. John, USVI",GV,Ground Validation,2016-08-31,2016,18.28151474,-64.79522908,32.835,0,0,1,1,0,0,1,1,0,0,0,Pass,,https://nccospublicstor.blob.core.windows.net/biomapper/usviinsularshelf2017/videos/low/GV2016_484.mp4
REC1109,GV2016_485,"St. Thomas, USVI",GV,Ground Validation,2016-08-29,2016,18.23730067,-64.90422697,41.915,0,0,1,1,0,0,1,1,0,1,0,Pass,,https://nccospublicstor.blob.core.windows.net/biomapper/usviinsularshelf2017/videos/low/GV2016_485.mp4
REC1110,GV2016_486,"St. Thomas, USVI",GV,Ground Validation,2016-08-26,2016,18.20862461,-65.06034767,41.646,1,0,0,1,1,0,1,1,0,0,0,Pass,,https://nccospublicstor.blob.core.windows.net/biomapper/usviinsularshelf2017/videos/low/GV2016_486.mp4
REC1111,GV2016_487,"St. Thomas, USVI",GV,Ground Validation,2016-08-30,2016,18.27170344,-64.95151088,35.103,0,0,1,1,0,0,1,1,0,0,0,Pass,,https://nccospublicstor.blob.core.windows.net/biomapper/usviinsularshelf2017/videos/low/GV2016_487.mp4
REC1112,GV2016_488,"St. Thomas, USVI",GV,Ground Validation,2016-08-28,2016,18.20606175,-64.88793069,47.243,0,1,1,0,1,0,1,1,0,0,0,Pass,,https://nccospublicstor.blob.core.windows.net/biomapper/usviinsularshelf2017/videos/low/GV2016_488.mp4
REC1113,GV2016_489,"St. Thomas, USVI",GV,Ground Validation,2016-08-26,2016,18.20884173,-64.93072558,44.874,1,0,0,0,1,0,1,1,0,0,0,Pass,,https://nccospublicstor.blob.core.windows.net/biomapper/usviinsularshelf2017/videos/low/GV2016_489.mp4
REC1114,GV2016_490,"St. Thomas, USVI",GV,Ground Validation,2016-08-29,2016,18.23563249,-64.89730804,42.423,0,0,0,1,0,0,1,1,0,0,0,Pass,,https://nccospublicstor.blob.core.windows.net/biomapper/usviinsularshelf2017/videos/low/GV2016_490.mp4
REC1115,GV2016_491,"St. Thomas, USVI",GV,Ground Validation,2016-08-28,2016,18.19445255,-64.91784407,53.451,0,0,1,0,0,0,1,1,0,0,0,Pass,,https://nccospublicstor.blob.core.windows.net/biomapper/usviinsularshelf2017/videos/low/GV2016_491.mp4
REC1116,GV2016_492,"St. Thomas, USVI",GV,Ground Validation,2016-08-27,2016,18.23450131,-65.02702324,39.859,0,0,1,1,0,0,1,1,0,0,0,Pass,,https://nccospublicstor.blob.core.windows.net/biomapper/usviinsularshelf2017/videos/low/GV2016_492.mp4
REC1117,GV2016_493,"St. John, USVI",GV,Ground Validation,2016-09-16,2016,18.20246179,-64.80743995,54.258,0,0,1,0,0,0,1,1,0,0,0,Pass,,https://nccospublicstor.blob.core.windows.net/biomapper/usviinsularshelf2017/videos/low/GV2016_493.mp4
REC1118,GV2016_494,"St. Thomas, USVI",GV,Ground Validation,2016-08-30,2016,18.26980671,-64.82042273,35.094,0,0,1,1,0,0,1,1,0,0,0,Pass,,https://nccospublicstor.blob.core.windows.net/biomapper/usviinsularshelf2017/videos/low/GV2016_494.mp4
REC1119,GV2016_495,"St. John, USVI",GV,Ground Validation,2016-09-02,2016,18.30528396,-64.72534887,24.256,0,0,0,1,0,0,0,1,1,0,0,Pass,,https://nccospublicstor.blob.core.windows.net/biomapper/usviinsularshelf2017/videos/low/GV2016_495.mp4
REC1120,GV2016_496,Puerto Rico,GV,Ground Validation,2016-08-21,2016,18.1292519,-65.21544388,38.988,0,0,1,0,1,0,1,1,0,0,0,Pass,,https://nccospublicstor.blob.core.windows.net/biomapper/usviinsularshelf2017/videos/low/GV2016_496.mp4
REC1121,GV2016_498,"St. John, USVI",GV,Ground Validation,2016-09-02,2016,18.28953885,-64.70934244,33.603,0,0,1,1,0,0,1,1,0,0,0,Pass,,https://nccospublicstor.blob.core.windows.net/biomapper/usviinsularshelf2017/videos/low/GV2016_498.mp4
REC1122,GV2016_499,"St. John, USVI",GV,Ground Validation,2016-09-17,2016,18.25677413,-64.77043831,35.27,1,0,0,0,1,0,1,1,0,0,0,Pass,,https://nccospublicstor.blob.core.windows.net/biomapper/usviinsularshelf2017/videos/low/GV2016_499.mp4
REC1123,GV2016_500,"St. Thomas, USVI",GV,Ground Validation,2016-08-26,2016,18.21955104,-65.04332937,41.275,1,0,0,1,1,1,1,1,0,0,0,Pass,,https://nccospublicstor.blob.core.windows.net/biomapper/usviinsularshelf2017/videos/low/GV2016_500.mp4
REC1124,GV2016_501,Puerto Rico,GV,Ground Validation,2016-08-22,2016,18.20277982,-65.20963206,37.065,1,0,0,0,1,1,1,1,0,0,0,Pass,,https://nccospublicstor.blob.core.windows.net/biomapper/usviinsularshelf2017/videos/low/GV2016_501.mp4
REC1125,GV2016_503,"St. John, USVI",GV,Ground Validation,2016-09-16,2016,18.2001057,-64.77263981,56.173,0,0,1,0,0,0,1,1,0,0,0,Pass,,https://nccospublicstor.blob.core.windows.net/biomapper/usviinsularshelf2017/videos/low/GV2016_503.mp4
REC1126,GV2016_504,"St. John, USVI",GV,Ground Validation,2016-09-13,2016,18.2368973,-64.78249673,51.557,0,0,1,1,0,0,1,1,0,0,0,Pass,,https://nccospublicstor.blob.core.windows.net/biomapper/usviinsularshelf2017/videos/low/GV2016_504.mp4
REC1127,GV2016_505,"St. Thomas, USVI",GV,Ground Validation,2016-08-29,2016,18.25810057,-64.92490642,36.467,0,0,1,1,0,0,1,1,0,0,0,Pass,,https://nccospublicstor.blob.core.windows.net/biomapper/usviinsularshelf2017/videos/low/GV2016_505.mp4
REC1128,GV2016_506,"St. Thomas, USVI",GV,Ground Validation,2016-08-20,2016,18.26369614,-65.09307342,27.423,1,0,0,0,1,0,1,1,0,0,0,Pass,,https://nccospublicstor.blob.core.windows.net/biomapper/usviinsularshelf2017/videos/low/GV2016_506.mp4
REC1129,GV2016_507,Puerto Rico,GV,Ground Validation,2016-08-25,2016,18.21572421,-65.14252269,41.032,1,0,0,1,1,0,1,1,0,0,0,Pass,,https://nccospublicstor.blob.core.windows.net/biomapper/usviinsularshelf2017/videos/low/GV2016_507.mp4
REC1130,GV2016_508,"St. Thomas, USVI",GV,Ground Validation,2016-08-23,2016,18.19366103,-65.13113224,39.879,1,0,0,0,1,0,1,1,0,0,0,Pass,,https://nccospublicstor.blob.core.windows.net/biomapper/usviinsularshelf2017/videos/low/GV2016_508.mp4
REC1131,GV2016_510,Puerto Rico,GV,Ground Validation,2016-08-22,2016,18.17490491,-65.22877539,36.062,1,0,0,1,1,0,1,1,0,0,0,Pass,,https://nccospublicstor.blob.core.windows.net/biomapper/usviinsularshelf2017/videos/low/GV2016_510.mp4
REC1132,GV2016_511,Puerto Rico,GV,Ground Validation,2016-08-25,2016,18.23463444,-65.17162995,24.701,1,0,0,0,1,0,1,1,0,0,0,Pass,,https://nccospublicstor.blob.core.windows.net/biomapper/usviinsularshelf2017/videos/low/GV2016_511.mp4
REC1133,GV2016_512,"St. John, USVI",GV,Ground Validation,2016-09-17,2016,18.25993063,-64.700153,42.093,0,1,0,0,1,1,1,1,0,0,0,Pass,,https://nccospublicstor.blob.core.windows.net/biomapper/usviinsularshelf2017/videos/low/GV2016_512.mp4
REC1134,GV2016_513,"St. John, USVI",GV,Ground Validation,2016-09-13,2016,18.25001777,-64.77640692,45.711,0,0,1,0,0,0,1,1,0,0,0,Pass,,https://nccospublicstor.blob.core.windows.net/biomapper/usviinsularshelf2017/videos/low/GV2016_513.mp4
REC1135,GV2016_514,"St. Thomas, USVI",GV,Ground Validation,2016-08-25,2016,18.23019174,-65.13158298,37.873,1,0,0,1,1,0,1,1,0,0,0,Pass,,https://nccospublicstor.blob.core.windows.net/biomapper/usviinsularshelf2017/videos/low/GV2016_514.mp4
REC1136,GV2016_517,"St. John, USVI",GV,Ground Validation,2016-09-11,2016,18.28466964,-64.66681627,38.346,0,0,1,1,0,0,1,0,0,0,0,Pass,,https://nccospublicstor.blob.core.windows.net/biomapper/usviinsularshelf2017/videos/low/GV2016_517.mp4
REC1137,GV2016_519,Puerto Rico,GV,Ground Validation,2016-08-23,2016,18.21505844,-65.17200816,35.512,1,0,0,1,1,0,1,1,0,0,0,Pass,,https://nccospublicstor.blob.core.windows.net/biomapper/usviinsularshelf2017/videos/low/GV2016_519.mp4
REC1138,GV2016_520,"St. John, USVI",GV,Ground Validation,2016-09-11,2016,18.27704205,-64.77278228,34.881,0,0,1,1,0,0,1,1,0,0,0,Pass,,https://nccospublicstor.blob.core.windows.net/biomapper/usviinsularshelf2017/videos/low/GV2016_520.mp4
REC1139,GV2016_521,"St. Thomas, USVI",GV,Ground Validation,2016-08-30,2016,18.25414125,-64.94049473,39.341,0,0,1,1,0,0,1,1,0,0,0,Pass,,https://nccospublicstor.blob.core.windows.net/biomapper/usviinsularshelf2017/videos/low/GV2016_521.mp4
REC1140,GV2016_522,"St. John, USVI",GV,Ground Validation,2016-09-11,2016,18.3018528,-64.76341235,26.934,0,0,1,1,0,0,1,0,0,0,0,Pass,,https://nccospublicstor.blob.core.windows.net/biomapper/usviinsularshelf2017/videos/low/GV2016_522.mp4
REC1141,GV2016_523,"St. Thomas, USVI",GV,Ground Validation,2016-08-26,2016,18.20893403,-64.94456157,45.487,1,0,1,0,1,1,1,1,0,0,0,Pass,,https://nccospublicstor.blob.core.windows.net/biomapper/usviinsularshelf2017/videos/low/GV2016_523.mp4
REC1142,GV2016_524,"St. Thomas, USVI",GV,Ground Validation,2016-08-29,2016,18.23326237,-64.96258699,41.4,0,0,1,1,0,0,1,1,0,0,0,Pass,,https://nccospublicstor.blob.core.windows.net/biomapper/usviinsularshelf2017/videos/low/GV2016_524.mp4
REC1143,GV2016_525,"St. John, USVI",GV,Ground Validation,2016-09-16,2016,18.18884923,-64.80049638,54.961,0,1,1,0,1,0,1,1,0,0,0,Pass,,https://nccospublicstor.blob.core.windows.net/biomapper/usviinsularshelf2017/videos/low/GV2016_525.mp4
REC1144,GV2016_527,Puerto Rico,GV,Ground Validation,2016-08-25,2016,18.23628597,-65.17727162,32.496,1,0,0,0,1,1,1,1,0,0,0,Pass,,https://nccospublicstor.blob.core.windows.net/biomapper/usviinsularshelf2017/videos/low/GV2016_527.mp4
REC1145,GV2016_528,"St. John, USVI",GV,Ground Validation,2016-09-12,2016,18.24585574,-64.66235901,47.446,0,1,1,0,1,0,1,1,0,0,0,Pass,,https://nccospublicstor.blob.core.windows.net/biomapper/usviinsularshelf2017/videos/low/GV2016_528.mp4
REC1146,GV2016_529,"St. Thomas, USVI",GV,Ground Validation,2016-08-26,2016,18.20991958,-65.03544152,42.745,1,0,0,0,1,0,1,1,0,0,0,Pass,,https://nccospublicstor.blob.core.windows.net/biomapper/usviinsularshelf2017/videos/low/GV2016_529.mp4
REC1147,GV2016_530,"St. John, USVI",GV,Ground Validation,2016-08-31,2016,18.26413739,-64.81036472,37.262,0,0,1,0,0,0,1,1,0,0,0,Pass,,https://nccospublicstor.blob.core.windows.net/biomapper/usviinsularshelf2017/videos/low/GV2016_530.mp4
REC1148,GV2016_531,"St. Thomas, USVI",GV,Ground Validation,2016-08-27,2016,18.22332004,-65.05491607,41.039,0,0,1,1,0,0,1,0,0,0,0,Pass,,https://nccospublicstor.blob.core.windows.net/biomapper/usviinsularshelf2017/videos/low/GV2016_531.mp4
REC1149,GV2016_532,"St. Thomas, USVI",GV,Ground Validation,2016-08-29,2016,18.22450894,-64.93063322,42.017,0,1,1,0,1,0,1,1,0,0,0,Pass,,https://nccospublicstor.blob.core.windows.net/biomapper/usviinsularshelf2017/videos/low/GV2016_532.mp4
REC1150,GV2016_533,"St. John, USVI",GV,Ground Validation,2016-09-16,2016,18.19597201,-64.7871114,57.406,0,0,1,0,1,0,1,1,0,0,0,Pass,,https://nccospublicstor.blob.core.windows.net/biomapper/usviinsularshelf2017/videos/low/GV2016_533.mp4
REC1151,GV2016_534,Puerto Rico,GV,Ground Validation,2016-08-21,2016,18.14581102,-65.22434241,37.968,1,0,0,1,1,1,1,1,0,0,0,Pass,,https://nccospublicstor.blob.core.windows.net/biomapper/usviinsularshelf2017/videos/low/GV2016_534.mp4
REC1152,GV2016_535,"St. John, USVI",GV,Ground Validation,2016-09-17,2016,18.24379459,-64.69271394,50.129,0,1,1,0,1,0,1,1,0,0,0,Pass,,https://nccospublicstor.blob.core.windows.net/biomapper/usviinsularshelf2017/videos/low/GV2016_535.mp4
REC1153,GV2016_536,"St. Thomas, USVI",GV,Ground Validation,2016-08-28,2016,18.21858641,-64.9049702,43.086,1,0,0,1,1,1,1,1,0,0,0,Pass,,https://nccospublicstor.blob.core.windows.net/biomapper/usviinsularshelf2017/videos/low/GV2016_536.mp4
REC1154,GV2016_537,"St. Thomas, USVI",GV,Ground Validation,2016-08-20,2016,18.28227004,-65.0640842,33.453,0,0,1,0,0,0,1,1,0,0,0,Pass,,https://nccospublicstor.blob.core.windows.net/biomapper/usviinsularshelf2017/videos/low/GV2016_537.mp4
REC1155,GV2016_538,"St. Thomas, USVI",GV,Ground Validation,2016-09-09,2016,18.21477781,-64.84925686,44.947,0,0,1,0,1,0,1,1,0,0,0,Pass,,https://nccospublicstor.blob.core.windows.net/biomapper/usviinsularshelf2017/videos/low/GV2016_538.mp4
REC1156,GV2016_539,"St. Thomas, USVI",GV,Ground Validation,2016-08-27,2016,18.22623236,-65.01989915,40.885,0,1,1,1,0,0,1,1,0,0,0,Pass,,https://nccospublicstor.blob.core.windows.net/biomapper/usviinsularshelf2017/videos/low/GV2016_539.mp4
REC1157,GV2016_540,"St. Thomas, USVI",GV,Ground Validation,2016-08-30,2016,18.25239043,-64.98307667,39.546,0,0,1,1,0,0,1,1,0,0,0,Pass,,https://nccospublicstor.blob.core.windows.net/biomapper/usviinsularshelf2017/videos/low/GV2016_540.mp4
REC1158,GV2016_541,"St. Thomas, USVI",GV,Ground Validation,2016-08-27,2016,18.26323471,-65.00459833,34.621,0,0,1,0,0,0,1,1,0,0,0,Pass,,https://nccospublicstor.blob.core.windows.net/biomapper/usviinsularshelf2017/videos/low/GV2016_541.mp4
REC1159,GV2016_542,"St. John, USVI",GV,Ground Validation,2016-09-11,2016,18.28403382,-64.75244181,32.871,0,0,1,1,0,0,1,1,1,0,0,Pass,,https://nccospublicstor.blob.core.windows.net/biomapper/usviinsularshelf2017/videos/low/GV2016_542.mp4
REC1160,GV2016_543,"St. John, USVI",GV,Ground Validation,2016-08-31,2016,18.30055235,-64.78909248,23.011,0,0,0,1,0,0,0,1,1,0,0,Pass,,https://nccospublicstor.blob.core.windows.net/biomapper/usviinsularshelf2017/videos/low/GV2016_543.mp4
REC1161,GV2016_544,"St. Thomas, USVI",GV,Ground Validation,2016-08-30,2016,18.26101725,-64.98632532,34.53,0,0,1,1,0,0,1,1,0,0,0,Pass,,https://nccospublicstor.blob.core.windows.net/biomapper/usviinsularshelf2017/videos/low/GV2016_544.mp4
REC1162,GV2016_545,"St. Thomas, USVI",GV,Ground Validation,2016-08-25,2016,18.25220842,-65.11326709,29.458,1,0,0,0,1,1,1,1,0,0,0,Pass,,https://nccospublicstor.blob.core.windows.net/biomapper/usviinsularshelf2017/videos/low/GV2016_545.mp4
REC1163,GV2016_546,"St. Thomas, USVI",GV,Ground Validation,2016-08-29,2016,18.26423904,-64.87804003,26.369,0,1,1,1,1,0,1,1,0,0,0,Pass,,https://nccospublicstor.blob.core.windows.net/biomapper/usviinsularshelf2017/videos/low/GV2016_546.mp4
REC1164,GV2016_548,"St. Thomas, USVI",GV,Ground Validation,2016-09-09,2016,18.22385555,-64.8274064,47.762,0,0,1,0,0,0,1,0,0,0,0,Pass,,https://nccospublicstor.blob.core.windows.net/biomapper/usviinsularshelf2017/videos/low/GV2016_548.mp4
REC1165,GV2016_549,"St. Thomas, USVI",GV,Ground Validation,2016-08-27,2016,18.22827616,-65.05741008,35.868,1,0,0,0,1,0,1,1,0,0,0,Pass,,https://nccospublicstor.blob.core.windows.net/biomapper/usviinsularshelf2017/videos/low/GV2016_549.mp4
REC1166,GV2016_550,"St. Thomas, USVI",GV,Ground Validation,2016-08-26,2016,18.21451945,-64.98994987,40.894,1,0,0,1,1,1,1,1,0,0,0,Pass,,https://nccospublicstor.blob.core.windows.net/biomapper/usviinsularshelf2017/videos/low/GV2016_550.mp4
REC1167,GV2016_551,"St. John, USVI",GV,Ground Validation,2016-09-17,2016,18.2391389,-64.74292012,53.83,0,1,1,0,0,0,1,1,0,0,0,Pass,,https://nccospublicstor.blob.core.windows.net/biomapper/usviinsularshelf2017/videos/low/GV2016_551.mp4
REC1168,GV2016_552,"St. Thomas, USVI",GV,Ground Validation,2016-09-13,2016,18.24723123,-64.81415683,44.645,0,0,1,1,0,0,1,1,0,0,0,Pass,,https://nccospublicstor.blob.core.windows.net/biomapper/usviinsularshelf2017/videos/low/GV2016_552.mp4
REC1169,GV2016_553,"St. Thomas, USVI",GV,Ground Validation,2016-08-26,2016,18.20386187,-64.95286275,47.24,0,1,1,0,1,0,1,1,0,0,0,Pass,,https://nccospublicstor.blob.core.windows.net/biomapper/usviinsularshelf2017/videos/low/GV2016_553.mp4
REC1170,GV2016_554,"St. Thomas, USVI",GV,Ground Validation,2016-08-29,2016,18.23868591,-64.85777081,40.503,0,0,1,0,0,0,1,1,0,0,0,Pass,,https://nccospublicstor.blob.core.windows.net/biomapper/usviinsularshelf2017/videos/low/GV2016_554.mp4
REC1171,GV2016_555,"St. Thomas, USVI",GV,Ground Validation,2016-08-20,2016,18.28246016,-65.0886842,34.284,1,0,0,1,1,1,1,1,0,0,0,Pass,,https://nccospublicstor.blob.core.windows.net/biomapper/usviinsularshelf2017/videos/low/GV2016_555.mp4
REC1172,GV2016_556,"St. John, USVI",GV,Ground Validation,2016-09-16,2016,18.19401096,-64.74833874,55.178,0,1,1,0,1,0,1,1,0,0,0,Pass,,https://nccospublicstor.blob.core.windows.net/biomapper/usviinsularshelf2017/videos/low/GV2016_556.mp4
REC1173,GV2016_557,"St. John, USVI",GV,Ground Validation,2016-09-16,2016,18.19417944,-64.77995245,56.796,0,0,1,0,1,0,1,1,0,0,0,Pass,,https://nccospublicstor.blob.core.windows.net/biomapper/usviinsularshelf2017/videos/low/GV2016_557.mp4
REC1174,GV2016_558,Puerto Rico,GV,Ground Validation,2016-08-21,2016,18.13164824,-65.20473534,33.407,0,1,1,0,1,0,1,1,0,0,0,Pass,,https://nccospublicstor.blob.core.windows.net/biomapper/usviinsularshelf2017/videos/low/GV2016_558.mp4
REC1175,GV2016_560,"St. John, USVI",GV,Ground Validation,2016-09-11,2016,18.2688726,-64.7223786,36.505,0,1,0,0,1,0,1,1,0,0,0,Pass,,https://nccospublicstor.blob.core.windows.net/biomapper/usviinsularshelf2017/videos/low/GV2016_560.mp4
REC1176,GV2016_561,"St. Thomas, USVI",GV,Ground Validation,2016-08-30,2016,18.26351455,-64.84359235,34.988,0,1,1,0,0,0,1,1,0,0,0,Pass,,https://nccospublicstor.blob.core.windows.net/biomapper/usviinsularshelf2017/videos/low/GV2016_561.mp4
REC1177,GV2016_562,"St. John, USVI",GV,Ground Validation,2016-09-01,2016,18.30122657,-64.74854126,28.509,0,0,0,1,0,0,0,1,1,1,0,Pass,,https://nccospublicstor.blob.core.windows.net/biomapper/usviinsularshelf2017/videos/low/GV2016_562.mp4
REC1178,GV2016_563,"St. Thomas, USVI",GV,Ground Validation,2016-08-28,2016,18.21766806,-64.91388392,43.759,1,0,0,0,1,1,1,1,0,0,0,Pass,,https://nccospublicstor.blob.core.windows.net/biomapper/usviinsularshelf2017/videos/low/GV2016_563.mp4
REC1179,GV2016_564,"St. John, USVI",GV,Ground Validation,2016-09-16,2016,18.19933145,-64.80204228,55.047,0,0,1,0,1,0,1,1,0,0,0,Pass,,https://nccospublicstor.blob.core.windows.net/biomapper/usviinsularshelf2017/videos/low/GV2016_564.mp4
REC1180,GV2016_565,"St. John, USVI",GV,Ground Validation,2016-09-11,2016,18.27892692,-64.75378577,33.957,0,0,0,1,0,0,0,0,0,0,0,Pass,,https://nccospublicstor.blob.core.windows.net/biomapper/usviinsularshelf2017/videos/low/GV2016_565.mp4
REC1181,GV2016_566,"St. Thomas, USVI",GV,Ground Validation,2016-08-27,2016,18.25496072,-64.99332501,37.153,0,0,1,1,0,0,1,1,0,0,0,Pass,,https://nccospublicstor.blob.core.windows.net/biomapper/usviinsularshelf2017/videos/low/GV2016_566.mp4
REC1182,GV2016_567,"St. Thomas, USVI",GV,Ground Validation,2016-08-27,2016,18.20131147,-65.09203975,37.674,1,0,0,0,1,0,1,1,0,0,0,Pass,,https://nccospublicstor.blob.core.windows.net/biomapper/usviinsularshelf2017/videos/low/GV2016_567.mp4
REC1183,GV2016_568,"St. Thomas, USVI",GV,Ground Validation,2016-08-26,2016,18.20908003,-65.00831676,44.215,1,0,0,0,1,0,1,1,0,0,0,Pass,,https://nccospublicstor.blob.core.windows.net/biomapper/usviinsularshelf2017/videos/low/GV2016_568.mp4
REC1184,GV2016_570,Puerto Rico,GV,Ground Validation,2016-08-23,2016,18.20341375,-65.15242692,39.599,1,0,0,1,1,0,1,1,0,0,0,Pass,,https://nccospublicstor.blob.core.windows.net/biomapper/usviinsularshelf2017/videos/low/GV2016_570.mp4
REC1185,GV2016_571,"St. Thomas, USVI",GV,Ground Validation,2016-08-26,2016,18.20901313,-65.00254076,45.541,1,0,0,0,1,0,1,1,0,0,0,Pass,,https://nccospublicstor.blob.core.windows.net/biomapper/usviinsularshelf2017/videos/low/GV2016_571.mp4
REC1186,GV2016_572,"St. John, USVI",GV,Ground Validation,2016-09-11,2016,18.29383137,-64.68505763,33.934,0,0,1,0,0,0,1,1,0,0,0,Pass,,https://nccospublicstor.blob.core.windows.net/biomapper/usviinsularshelf2017/videos/low/GV2016_572.mp4
REC1187,GV2016_573,Puerto Rico,GV,Ground Validation,2016-08-23,2016,18.17785201,-65.15549914,49.654,1,0,0,1,1,0,1,1,0,0,0,Pass,,https://nccospublicstor.blob.core.windows.net/biomapper/usviinsularshelf2017/videos/low/GV2016_573.mp4
REC1188,GV2016_574,"St. Thomas, USVI",GV,Ground Validation,2016-08-26,2016,18.19805007,-65.12800503,40.519,1,0,0,0,1,1,1,1,0,0,0,Pass,,https://nccospublicstor.blob.core.windows.net/biomapper/usviinsularshelf2017/videos/low/GV2016_574.mp4
REC1189,GV2016_575,"St. Thomas, USVI",GV,Ground Validation,2016-08-30,2016,18.27933169,-64.82677296,21.318,0,1,0,1,0,0,1,1,0,0,0,Pass,,https://nccospublicstor.blob.core.windows.net/biomapper/usviinsularshelf2017/videos/low/GV2016_575.mp4
REC1190,GV2016_576,"St. Thomas, USVI",GV,Ground Validation,2016-08-26,2016,18.18272026,-65.08926914,30.81,1,0,0,0,1,1,1,1,0,0,0,Pass,,https://nccospublicstor.blob.core.windows.net/biomapper/usviinsularshelf2017/videos/low/GV2016_576.mp4
REC1191,GV2016_577,"St. John, USVI",GV,Ground Validation,2016-09-02,2016,18.29456048,-64.71132213,28.62,0,0,1,1,0,0,1,1,0,0,0,Pass,,https://nccospublicstor.blob.core.windows.net/biomapper/usviinsularshelf2017/videos/low/GV2016_577.mp4
REC1192,GV2016_578,"St. Thomas, USVI",GV,Ground Validation,2016-08-25,2016,18.24006373,-65.13147759,38.754,1,0,0,0,1,1,1,1,0,0,0,Pass,,https://nccospublicstor.blob.core.windows.net/biomapper/usviinsularshelf2017/videos/low/GV2016_578.mp4
REC1193,GV2016_579,Puerto Rico,GV,Ground Validation,2016-08-23,2016,18.192522,-65.14763452,43.05,1,0,0,0,1,0,1,1,0,0,0,Pass,,https://nccospublicstor.blob.core.windows.net/biomapper/usviinsularshelf2017/videos/low/GV2016_579.mp4
REC1194,GV2016_580,Puerto Rico,GV,Ground Validation,2016-08-23,2016,18.1772914,-65.18293348,39.702,1,0,0,0,1,1,1,1,0,0,0,Pass,,https://nccospublicstor.blob.core.windows.net/biomapper/usviinsularshelf2017/videos/low/GV2016_580.mp4
REC1195,GV2016_581,Puerto Rico,GV,Ground Validation,2016-08-22,2016,18.18151245,-65.22771455,33.579,1,0,0,0,1,1,1,1,0,0,0,Pass,,https://nccospublicstor.blob.core.windows.net/biomapper/usviinsularshelf2017/videos/low/GV2016_581.mp4
REC1196,GV2016_582,Puerto Rico,GV,Ground Validation,2016-08-23,2016,18.1957867,-65.16881936,39.607,1,0,0,0,1,1,1,1,0,0,0,Pass,,https://nccospublicstor.blob.core.windows.net/biomapper/usviinsularshelf2017/videos/low/GV2016_582.mp4
REC1197,GV2016_583,"St. Thomas, USVI",GV,Ground Validation,2016-09-09,2016,18.21694412,-64.82541752,52.129,0,0,1,0,0,0,1,1,0,0,0,Pass,,https://nccospublicstor.blob.core.windows.net/biomapper/usviinsularshelf2017/videos/low/GV2016_583.mp4
REC1198,GV2016_584,Puerto Rico,GV,Ground Validation,2016-08-22,2016,18.17410988,-65.21521187,41.791,0,1,0,1,0,0,1,1,0,0,0,Pass,,https://nccospublicstor.blob.core.windows.net/biomapper/usviinsularshelf2017/videos/low/GV2016_584.mp4
REC1199,GV2016_585,"St. Thomas, USVI",GV,Ground Validation,2016-08-25,2016,18.26547221,-65.05590341,34.611,0,0,1,1,0,0,1,1,0,0,0,Pass,,https://nccospublicstor.blob.core.windows.net/biomapper/usviinsularshelf2017/videos/low/GV2016_585.mp4
REC1200,GV2016_586,"St. John, USVI",GV,Ground Validation,2016-09-11,2016,18.27694916,-64.73347601,36.487,0,0,1,1,0,0,1,1,0,0,0,Pass,,https://nccospublicstor.blob.core.windows.net/biomapper/usviinsularshelf2017/videos/low/GV2016_586.mp4
REC1201,GV2016_588,"St. Thomas, USVI",GV,Ground Validation,2016-08-27,2016,18.23972399,-65.05846514,36.445,1,1,0,1,1,0,1,1,0,0,0,Pass,,https://nccospublicstor.blob.core.windows.net/biomapper/usviinsularshelf2017/videos/low/GV2016_588.mp4
REC1202,GV2016_589,Puerto Rico,GV,Ground Validation,2016-08-23,2016,18.22493378,-65.1703849,37.25,1,0,0,0,1,0,1,1,0,0,0,Pass,,https://nccospublicstor.blob.core.windows.net/biomapper/usviinsularshelf2017/videos/low/GV2016_589.mp4
REC1203,GV2016_590,"St. John, USVI",GV,Ground Validation,2016-09-13,2016,18.24522036,-64.78870088,45.615,0,0,1,0,0,0,1,1,0,0,0,Pass,,https://nccospublicstor.blob.core.windows.net/biomapper/usviinsularshelf2017/videos/low/GV2016_590.mp4
REC1204,GV2016_591,"St. Thomas, USVI",GV,Ground Validation,2016-08-26,2016,18.18987956,-65.08446809,34.109,1,0,0,0,1,0,1,1,0,0,0,Pass,,https://nccospublicstor.blob.core.windows.net/biomapper/usviinsularshelf2017/videos/low/GV2016_591.mp4
REC1205,GV2016_592,"St. Thomas, USVI",GV,Ground Validation,2016-08-26,2016,18.20176858,-65.06678831,38.773,1,0,0,0,1,1,1,1,0,0,0,Pass,,https://nccospublicstor.blob.core.windows.net/biomapper/usviinsularshelf2017/videos/low/GV2016_592.mp4
REC1206,GV2016_593,Puerto Rico,GV,Ground Validation,2016-08-22,2016,18.1680291,-65.21872797,40.73,0,1,0,1,0,0,1,1,0,0,0,Pass,,https://nccospublicstor.blob.core.windows.net/biomapper/usviinsularshelf2017/videos/low/GV2016_593.mp4
REC1207,GV2016_594,"St. Thomas, USVI",GV,Ground Validation,2016-08-26,2016,18.2017449,-64.92227822,52.675,0,1,1,0,1,0,1,1,0,0,0,Pass,,https://nccospublicstor.blob.core.windows.net/biomapper/usviinsularshelf2017/videos/low/GV2016_594.mp4
REC1208,GV2016_595,"St. John, USVI",GV,Ground Validation,2016-09-13,2016,18.22268282,-64.80527711,51.514,0,1,1,1,1,0,1,1,0,0,0,Pass,,https://nccospublicstor.blob.core.windows.net/biomapper/usviinsularshelf2017/videos/low/GV2016_595.mp4
REC1209,GV2016_596,"St. Thomas, USVI",GV,Ground Validation,2016-08-28,2016,18.18395388,-64.89475867,54.42,0,0,1,0,1,0,1,1,0,0,0,Pass,,https://nccospublicstor.blob.core.windows.net/biomapper/usviinsularshelf2017/videos/low/GV2016_596.mp4
REC1210,GV2016_597,"St. Thomas, USVI",GV,Ground Validation,2016-08-30,2016,18.24612957,-64.94509808,39.698,1,0,0,1,1,1,1,1,0,0,0,Pass,,https://nccospublicstor.blob.core.windows.net/biomapper/usviinsularshelf2017/videos/low/GV2016_597.mp4
REC1211,GV2016_598,"St. Thomas, USVI",GV,Ground Validation,2016-08-26,2016,18.21307843,-64.93997681,44.554,0,0,1,1,0,0,1,1,0,0,0,Pass,,https://nccospublicstor.blob.core.windows.net/biomapper/usviinsularshelf2017/videos/low/GV2016_598.mp4
REC1212,GV2016_599,"St. Thomas, USVI",GV,Ground Validation,2016-09-09,2016,18.22952826,-64.83450708,45.312,0,0,1,0,0,0,1,1,0,0,0,Pass,,https://nccospublicstor.blob.core.windows.net/biomapper/usviinsularshelf2017/videos/low/GV2016_599.mp4
REC1213,GV2016_600,Puerto Rico,GV,Ground Validation,2016-08-23,2016,18.17372766,-65.14250498,38.129,1,0,0,0,1,0,1,1,0,0,0,Pass,,https://nccospublicstor.blob.core.windows.net/biomapper/usviinsularshelf2017/videos/low/GV2016_600.mp4
REC1214,GV2016_601,"St. Thomas, USVI",GV,Ground Validation,2016-09-13,2016,18.22045525,-64.81530008,53.304,0,1,1,0,1,0,1,1,0,0,0,Pass,,https://nccospublicstor.blob.core.windows.net/biomapper/usviinsularshelf2017/videos/low/GV2016_601.mp4
REC1215,GV2016_602,"St. John, USVI",GV,Ground Validation,2016-09-12,2016,18.23589218,-64.6763688,54.814,0,1,1,0,1,0,1,1,0,0,0,Pass,,https://nccospublicstor.blob.core.windows.net/biomapper/usviinsularshelf2017/videos/low/GV2016_602.mp4
REC1216,GV2016_603,"St. John, USVI",GV,Ground Validation,2016-08-31,2016,18.28765326,-64.80174767,28.35,0,0,1,1,0,0,1,1,0,0,0,Pass,,https://nccospublicstor.blob.core.windows.net/biomapper/usviinsularshelf2017/videos/low/GV2016_603.mp4
REC1217,GV2016_604,"St. John, USVI",GV,Ground Validation,2016-09-16,2016,18.18645971,-64.77035119,56.233,0,1,1,0,1,0,1,1,0,0,0,Pass,,https://nccospublicstor.blob.core.windows.net/biomapper/usviinsularshelf2017/videos/low/GV2016_604.mp4
REC1218,GV2016_605,"St. Thomas, USVI",GV,Ground Validation,2016-08-27,2016,18.25237081,-65.02186852,37.747,0,1,1,1,1,0,1,1,0,0,0,Pass,,https://nccospublicstor.blob.core.windows.net/biomapper/usviinsularshelf2017/videos/low/GV2016_605.mp4
REC1219,GV2016_606,Puerto Rico,GV,Ground Validation,2016-08-21,2016,18.14782703,-65.25852729,23.483,0,1,0,0,1,0,1,1,0,0,0,Pass,,https://nccospublicstor.blob.core.windows.net/biomapper/usviinsularshelf2017/videos/low/GV2016_606.mp4
REC1220,GV2016_607,"St. John, USVI",GV,Ground Validation,2016-09-16,2016,18.18447643,-64.7565429,55.835,0,1,1,0,1,0,1,1,0,0,0,Pass,,https://nccospublicstor.blob.core.windows.net/biomapper/usviinsularshelf2017/videos/low/GV2016_607.mp4
REC1221,GV2016_608,"St. John, USVI",GV,Ground Validation,2016-09-16,2016,18.20893794,-64.77354993,55.154,0,0,1,0,0,0,1,1,0,0,0,Pass,,https://nccospublicstor.blob.core.windows.net/biomapper/usviinsularshelf2017/videos/low/GV2016_608.mp4
REC1222,GV2016_609,"St. Thomas, USVI",GV,Ground Validation,2016-08-25,2016,18.24657265,-65.10522985,36.373,1,0,0,1,1,0,1,1,0,0,0,Pass,,https://nccospublicstor.blob.core.windows.net/biomapper/usviinsularshelf2017/videos/low/GV2016_609.mp4
REC1223,GV2016_610,"St. Thomas, USVI",GV,Ground Validation,2016-09-09,2016,18.26100666,-64.81808898,36.649,0,0,1,1,0,0,1,1,0,0,0,Pass,,https://nccospublicstor.blob.core.windows.net/biomapper/usviinsularshelf2017/videos/low/GV2016_610.mp4
REC1224,GV2016_612,"St. Thomas, USVI",GV,Ground Validation,2016-08-29,2016,18.23298764,-64.97582858,40.406,0,0,0,1,0,0,1,1,0,0,0,Pass,,https://nccospublicstor.blob.core.windows.net/biomapper/usviinsularshelf2017/videos/low/GV2016_612.mp4
REC1225,GV2016_613,"St. John, USVI",GV,Ground Validation,2016-09-13,2016,18.22944714,-64.78536973,51.656,0,0,1,1,0,0,1,1,0,0,0,Pass,,https://nccospublicstor.blob.core.windows.net/biomapper/usviinsularshelf2017/videos/low/GV2016_613.mp4
REC1226,GV2016_614,"St. John, USVI",GV,Ground Validation,2016-09-17,2016,18.25109993,-64.7682937,45.781,0,0,1,0,0,0,1,1,0,0,0,Pass,,https://nccospublicstor.blob.core.windows.net/biomapper/usviinsularshelf2017/videos/low/GV2016_614.mp4
REC1227,GV2016_615,"St. John, USVI",GV,Ground Validation,2016-09-12,2016,18.22920408,-64.70073946,52.623,0,1,0,0,1,0,1,1,0,0,0,Pass,,https://nccospublicstor.blob.core.windows.net/biomapper/usviinsularshelf2017/videos/low/GV2016_615.mp4
REC1228,GV2016_616,"St. Thomas, USVI",GV,Ground Validation,2016-08-20,2016,18.27644933,-65.13652452,25.055,1,0,0,0,1,0,1,1,0,0,0,Pass,,https://nccospublicstor.blob.core.windows.net/biomapper/usviinsularshelf2017/videos/low/GV2016_616.mp4
REC1229,GV2016_617,"St. Thomas, USVI",GV,Ground Validation,2016-08-28,2016,18.18582607,-64.90524549,53.528,0,0,1,0,0,0,1,0,0,0,0,Pass,,https://nccospublicstor.blob.core.windows.net/biomapper/usviinsularshelf2017/videos/low/GV2016_617.mp4
REC1230,GV2016_618,"St. Thomas, USVI",GV,Ground Validation,2016-08-30,2016,18.28513335,-64.82490902,29.537,0,0,1,1,0,0,1,1,0,0,0,Pass,,https://nccospublicstor.blob.core.windows.net/biomapper/usviinsularshelf2017/videos/low/GV2016_618.mp4
REC1231,GV2016_619,"St. Thomas, USVI",GV,Ground Validation,2016-08-29,2016,18.27074282,-64.86343501,29.021,0,0,0,1,0,0,1,1,0,0,0,Pass,,https://nccospublicstor.blob.core.windows.net/biomapper/usviinsularshelf2017/videos/low/GV2016_619.mp4
REC1232,GV2016_620,"St. Thomas, USVI",GV,Ground Validation,2016-08-29,2016,18.25502831,-64.86703182,38.365,0,0,1,1,0,0,1,1,0,1,0,Pass,,https://nccospublicstor.blob.core.windows.net/biomapper/usviinsularshelf2017/videos/low/GV2016_620.mp4
REC1233,GV2016_621,"St. Thomas, USVI",GV,Ground Validation,2016-08-27,2016,18.27044375,-64.99114099,33.019,0,0,1,0,0,0,1,1,0,0,0,Pass,,https://nccospublicstor.blob.core.windows.net/biomapper/usviinsularshelf2017/videos/low/GV2016_621.mp4
REC1234,GV2016_622,"St. Thomas, USVI",GV,Ground Validation,2016-08-29,2016,18.22225714,-64.87932106,41.548,1,0,1,1,1,0,1,1,0,0,0,Pass,,https://nccospublicstor.blob.core.windows.net/biomapper/usviinsularshelf2017/videos/low/GV2016_622.mp4
REC1235,GV2016_623,"St. John, USVI",GV,Ground Validation,2016-09-11,2016,18.28047653,-64.67930538,41.625,0,0,1,1,0,0,1,0,0,0,0,Pass,,https://nccospublicstor.blob.core.windows.net/biomapper/usviinsularshelf2017/videos/low/GV2016_623.mp4
REC1236,GV2016_624,"St. Thomas, USVI",GV,Ground Validation,2016-08-29,2016,18.26064908,-64.86039619,36.185,0,0,1,1,0,0,1,1,0,0,0,Pass,,https://nccospublicstor.blob.core.windows.net/biomapper/usviinsularshelf2017/videos/low/GV2016_624.mp4
REC1237,GV2016_625,"St. John, USVI",GV,Ground Validation,2016-09-12,2016,18.23867658,-64.6833404,53.377,0,1,1,0,1,0,1,1,0,0,0,Pass,,https://nccospublicstor.blob.core.windows.net/biomapper/usviinsularshelf2017/videos/low/GV2016_625.mp4
REC1238,GV2016_626,Puerto Rico,GV,Ground Validation,2016-08-21,2016,18.12207197,-65.20783116,37.764,0,1,0,0,1,1,1,1,0,0,0,Pass,,https://nccospublicstor.blob.core.windows.net/biomapper/usviinsularshelf2017/videos/low/GV2016_626.mp4
REC1239,GV2016_627,Puerto Rico,GV,Ground Validation,2016-08-21,2016,18.13428873,-65.20973563,39.384,1,1,0,0,1,0,1,1,0,0,0,Pass,,https://nccospublicstor.blob.core.windows.net/biomapper/usviinsularshelf2017/videos/low/GV2016_627.mp4
REC1240,GV2016_628,"St. John, USVI",GV,Ground Validation,2016-09-17,2016,18.23123518,-64.7445334,53.117,0,1,1,0,1,0,1,1,0,0,0,Pass,,https://nccospublicstor.blob.core.windows.net/biomapper/usviinsularshelf2017/videos/low/GV2016_628.mp4
REC1241,GV2016_630,"St. Thomas, USVI",GV,Ground Validation,2016-08-26,2016,18.21875864,-65.02027079,41.999,0,0,1,1,0,0,1,1,0,0,0,Pass,,https://nccospublicstor.blob.core.windows.net/biomapper/usviinsularshelf2017/videos/low/GV2016_630.mp4
REC1242,GV2016_631,"St. Thomas, USVI",GV,Ground Validation,2016-08-28,2016,18.23197128,-64.91602636,42.895,0,0,1,1,0,0,1,1,0,0,0,Pass,,https://nccospublicstor.blob.core.windows.net/biomapper/usviinsularshelf2017/videos/low/GV2016_631.mp4
REC1243,GV2016_632,"St. Thomas, USVI",GV,Ground Validation,2016-09-09,2016,18.21816537,-64.82918644,54.918,0,0,1,0,0,0,1,1,0,0,0,Pass,,https://nccospublicstor.blob.core.windows.net/biomapper/usviinsularshelf2017/videos/low/GV2016_632.mp4
REC1244,GV2016_633,"St. Thomas, USVI",GV,Ground Validation,2016-08-25,2016,18.24720494,-65.09658764,27.453,1,0,0,0,1,0,1,1,0,0,0,Pass,,https://nccospublicstor.blob.core.windows.net/biomapper/usviinsularshelf2017/videos/low/GV2016_633.mp4
REC1245,GV2016_634,"St. Thomas, USVI",GV,Ground Validation,2016-08-30,2016,18.23509009,-64.98882385,40.506,0,0,1,1,0,0,1,1,0,0,0,Pass,,https://nccospublicstor.blob.core.windows.net/biomapper/usviinsularshelf2017/videos/low/GV2016_634.mp4
REC1246,GV2016_635,"St. Thomas, USVI",GV,Ground Validation,2016-08-29,2016,18.21664374,-64.87674707,44.789,0,0,1,0,1,0,1,1,0,0,0,Pass,,https://nccospublicstor.blob.core.windows.net/biomapper/usviinsularshelf2017/videos/low/GV2016_635.mp4
REC1247,GV2016_636,"St. John, USVI",GV,Ground Validation,2016-09-16,2016,18.18758568,-64.75186642,55.887,0,1,1,0,1,0,1,1,0,0,0,Pass,,https://nccospublicstor.blob.core.windows.net/biomapper/usviinsularshelf2017/videos/low/GV2016_636.mp4
REC1248,GV2016_637,"St. Thomas, USVI",GV,Ground Validation,2016-08-27,2016,18.23034342,-65.03126435,39.806,0,0,1,0,0,0,1,1,0,0,0,Pass,,https://nccospublicstor.blob.core.windows.net/biomapper/usviinsularshelf2017/videos/low/GV2016_637.mp4
REC1249,GV2016_638,"St. Thomas, USVI",GV,Ground Validation,2016-08-28,2016,18.25177917,-64.89061896,40.283,0,0,1,1,0,0,1,1,0,0,0,Pass,,https://nccospublicstor.blob.core.windows.net/biomapper/usviinsularshelf2017/videos/low/GV2016_638.mp4
REC1250,GV2016_639,"St. Thomas, USVI",GV,Ground Validation,2016-08-30,2016,18.26259187,-64.93457714,32.85,0,1,0,1,0,0,0,1,0,0,0,Pass,,https://nccospublicstor.blob.core.windows.net/biomapper/usviinsularshelf2017/videos/low/GV2016_639.mp4
REC1251,GV2016_642,"St. John, USVI",GV,Ground Validation,2016-09-11,2016,18.27768402,-64.70636378,34.602,0,0,1,1,0,0,1,1,0,0,0,Pass,,https://nccospublicstor.blob.core.windows.net/biomapper/usviinsularshelf2017/videos/low/GV2016_642.mp4
REC1252,GV2016_643,Puerto Rico,GV,Ground Validation,2016-08-21,2016,18.15128559,-65.20420215,38.52,1,0,0,0,1,1,1,0,0,0,0,Pass,,https://nccospublicstor.blob.core.windows.net/biomapper/usviinsularshelf2017/videos/low/GV2016_643.mp4
REC1253,GV2016_644,"St. John, USVI",GV,Ground Validation,2016-09-11,2016,18.28552446,-64.69216784,33.268,1,0,1,1,1,0,1,1,0,0,0,Pass,,https://nccospublicstor.blob.core.windows.net/biomapper/usviinsularshelf2017/videos/low/GV2016_644.mp4
REC1254,GV2016_645,Puerto Rico,GV,Ground Validation,2016-08-23,2016,18.21711469,-65.17960303,32.574,1,0,0,0,1,0,1,1,0,0,0,Pass,,https://nccospublicstor.blob.core.windows.net/biomapper/usviinsularshelf2017/videos/low/GV2016_645.mp4
REC1255,GV2016_647,"St. Thomas, USVI",GV,Ground Validation,2016-08-30,2016,18.24785161,-64.98688665,40.329,0,0,1,1,0,0,1,1,0,0,0,Pass,,https://nccospublicstor.blob.core.windows.net/biomapper/usviinsularshelf2017/videos/low/GV2016_647.mp4
REC1256,GV2016_648,"St. Thomas, USVI",GV,Ground Validation,2016-08-25,2016,18.24077363,-65.07156225,30.887,1,0,0,1,1,1,1,1,0,0,0,Pass,,https://nccospublicstor.blob.core.windows.net/biomapper/usviinsularshelf2017/videos/low/GV2016_648.mp4
REC1257,GV2016_649,Puerto Rico,GV,Ground Validation,2016-08-21,2016,18.16302709,-65.26044996,27.81,0,0,1,0,0,0,1,1,0,0,0,Pass,,https://nccospublicstor.blob.core.windows.net/biomapper/usviinsularshelf2017/videos/low/GV2016_649.mp4
REC1258,GV2016_650,"St. Thomas, USVI",GV,Ground Validation,2016-08-27,2016,18.22451662,-65.11163207,32.501,1,0,0,0,1,1,1,1,0,0,0,Pass,,https://nccospublicstor.blob.core.windows.net/biomapper/usviinsularshelf2017/videos/low/GV2016_650.mp4
REC1259,GV2016_651,Puerto Rico,GV,Ground Validation,2016-08-23,2016,18.16990349,-65.16915042,46.768,1,0,0,0,1,0,1,1,0,0,0,Pass,,https://nccospublicstor.blob.core.windows.net/biomapper/usviinsularshelf2017/videos/low/GV2016_651.mp4
REC1260,GV2016_652,"St. Thomas, USVI",GV,Ground Validation,2016-08-29,2016,18.22603365,-64.96444286,42.317,0,0,1,1,0,0,1,1,0,0,0,Pass,,https://nccospublicstor.blob.core.windows.net/biomapper/usviinsularshelf2017/videos/low/GV2016_652.mp4
REC1261,GV2016_653,"St. Thomas, USVI",GV,Ground Validation,2016-08-30,2016,18.26763021,-64.9417848,33.889,0,0,1,1,1,0,1,1,0,0,0,Pass,,https://nccospublicstor.blob.core.windows.net/biomapper/usviinsularshelf2017/videos/low/GV2016_653.mp4
REC1262,GV2016_654,Puerto Rico,GV,Ground Validation,2016-08-22,2016,18.16781493,-65.23529817,36.65,0,1,0,0,0,0,1,1,0,0,0,Pass,,https://nccospublicstor.blob.core.windows.net/biomapper/usviinsularshelf2017/videos/low/GV2016_654.mp4
REC1263,GV2016_655,"St. John, USVI",GV,Ground Validation,2016-09-11,2016,18.26425069,-64.7394103,46.829,0,0,0,1,0,0,0,0,0,0,0,Pass,,https://nccospublicstor.blob.core.windows.net/biomapper/usviinsularshelf2017/videos/low/GV2016_655.mp4
REC1264,GV2016_656,"St. John, USVI",GV,Ground Validation,2016-09-17,2016,18.25605325,-64.73690742,47.929,0,0,1,0,0,0,1,1,0,0,0,Pass,,https://nccospublicstor.blob.core.windows.net/biomapper/usviinsularshelf2017/videos/low/GV2016_656.mp4
REC1265,GV2016_657,"St. Thomas, USVI",GV,Ground Validation,2016-08-26,2016,18.2108961,-64.9643272,43.268,1,0,0,0,1,1,1,1,0,0,0,Pass,,https://nccospublicstor.blob.core.windows.net/biomapper/usviinsularshelf2017/videos/low/GV2016_657.mp4
REC1266,GV2016_658,"St. John, USVI",GV,Ground Validation,2016-09-11,2016,18.30643714,-64.76375946,22.317,0,0,1,1,0,0,1,1,0,0,0,Pass,,https://nccospublicstor.blob.core.windows.net/biomapper/usviinsularshelf2017/videos/low/GV2016_658.mp4
REC1267,GV2016_659,"St. John, USVI",GV,Ground Validation,2016-09-02,2016,18.30369861,-64.73510873,22.867,1,0,0,0,1,1,1,1,0,0,0,Pass,,https://nccospublicstor.blob.core.windows.net/biomapper/usviinsularshelf2017/videos/low/GV2016_659.mp4
REC1268,GV2016_660,"St. Thomas, USVI",GV,Ground Validation,2016-09-09,2016,18.2624534,-64.82359619,36.104,0,0,1,0,0,0,1,1,0,0,0,Pass,,https://nccospublicstor.blob.core.windows.net/biomapper/usviinsularshelf2017/videos/low/GV2016_660.mp4
REC1269,GV2016_661,"St. John, USVI",GV,Ground Validation,2016-09-12,2016,18.22312698,-64.69405908,53.977,0,0,1,0,0,0,1,1,0,0,0,Pass,,https://nccospublicstor.blob.core.windows.net/biomapper/usviinsularshelf2017/videos/low/GV2016_661.mp4
REC1270,GV2016_662,"St. Thomas, USVI",GV,Ground Validation,2016-09-16,2016,18.20507988,-64.83146567,53.834,0,0,1,0,0,0,1,1,0,0,0,Pass,,https://nccospublicstor.blob.core.windows.net/biomapper/usviinsularshelf2017/videos/low/GV2016_662.mp4
REC1271,GV2016_663,"St. John, USVI",GV,Ground Validation,2016-09-12,2016,18.24714914,-64.68306344,42.343,1,0,0,1,1,1,1,1,0,0,0,Pass,,https://nccospublicstor.blob.core.windows.net/biomapper/usviinsularshelf2017/videos/low/GV2016_663.mp4
REC1272,GV2016_664,"St. John, USVI",GV,Ground Validation,2016-09-11,2016,18.29066515,-64.773572,30.279,0,0,0,1,0,0,0,0,0,0,0,Pass,,https://nccospublicstor.blob.core.windows.net/biomapper/usviinsularshelf2017/videos/low/GV2016_664.mp4
REC1273,GV2016_665,"St. Thomas, USVI",GV,Ground Validation,2016-08-27,2016,18.21659223,-65.06319046,42.152,1,0,0,1,1,0,1,1,0,0,0,Pass,,https://nccospublicstor.blob.core.windows.net/biomapper/usviinsularshelf2017/videos/low/GV2016_665.mp4
REC1274,GV2016_666,"St. Thomas, USVI",GV,Ground Validation,2016-08-26,2016,18.20329639,-64.992033,50.097,0,0,1,1,0,0,1,1,0,0,0,Pass,,https://nccospublicstor.blob.core.windows.net/biomapper/usviinsularshelf2017/videos/low/GV2016_666.mp4
REC1275,GV2016_667,"St. John, USVI",GV,Ground Validation,2016-09-11,2016,18.29267578,-64.70164849,34.115,0,0,1,1,0,0,1,1,0,0,0,Pass,,https://nccospublicstor.blob.core.windows.net/biomapper/usviinsularshelf2017/videos/low/GV2016_667.mp4
REC1276,GV2016_668,"St. Thomas, USVI",GV,Ground Validation,2016-08-28,2016,18.26218543,-64.91874133,34.108,0,0,1,0,0,0,1,1,0,0,0,Pass,,https://nccospublicstor.blob.core.windows.net/biomapper/usviinsularshelf2017/videos/low/GV2016_668.mp4
REC1277,GV2016_669,"St. John, USVI",GV,Ground Validation,2016-09-17,2016,18.25596392,-64.69696481,48.744,0,0,1,0,0,0,1,0,0,0,0,Pass,,https://nccospublicstor.blob.core.windows.net/biomapper/usviinsularshelf2017/videos/low/GV2016_669.mp4
REC1278,GV2016_670,"St. Thomas, USVI",GV,Ground Validation,2016-08-28,2016,18.19292912,-64.86681699,43.381,0,0,0,1,0,0,1,0,0,0,0,Pass,,https://nccospublicstor.blob.core.windows.net/biomapper/usviinsularshelf2017/videos/low/GV2016_670.mp4
REC1279,GV2016_671,"St. Thomas, USVI",GV,Ground Validation,2016-08-28,2016,18.24062508,-64.91834073,41.332,0,0,1,1,0,0,1,1,0,0,0,Pass,,https://nccospublicstor.blob.core.windows.net/biomapper/usviinsularshelf2017/videos/low/GV2016_671.mp4
REC1280,GV2016_672,"St. Thomas, USVI",GV,Ground Validation,2016-09-13,2016,18.22579666,-64.81669154,52.401,0,0,1,0,0,0,1,1,0,0,0,Pass,,https://nccospublicstor.blob.core.windows.net/biomapper/usviinsularshelf2017/videos/low/GV2016_672.mp4
REC1281,GV2016_673,"St. Thomas, USVI",GV,Ground Validation,2016-08-26,2016,18.22606871,-65.03777739,40.398,0,0,1,1,0,0,1,1,0,0,0,Pass,,https://nccospublicstor.blob.core.windows.net/biomapper/usviinsularshelf2017/videos/low/GV2016_673.mp4
REC1282,GV2016_674,"St. Thomas, USVI",GV,Ground Validation,2016-08-28,2016,18.25982785,-64.89070285,36.99,0,0,1,0,0,0,1,1,0,0,0,Pass,,https://nccospublicstor.blob.core.windows.net/biomapper/usviinsularshelf2017/videos/low/GV2016_674.mp4
REC1283,GV2016_675,"St. Thomas, USVI",GV,Ground Validation,2016-09-09,2016,18.23137952,-64.84232666,46.929,0,0,1,0,0,0,1,1,0,0,0,Pass,,https://nccospublicstor.blob.core.windows.net/biomapper/usviinsularshelf2017/videos/low/GV2016_675.mp4
REC1284,GV2016_676,"St. Thomas, USVI",GV,Ground Validation,2016-08-27,2016,18.2335743,-65.10954025,28.767,1,0,0,0,1,1,1,1,0,0,0,Pass,,https://nccospublicstor.blob.core.windows.net/biomapper/usviinsularshelf2017/videos/low/GV2016_676.mp4
REC1285,GV2016_677,"St. Thomas, USVI",GV,Ground Validation,2016-08-30,2016,18.23889528,-64.95232202,41.711,0,0,1,1,0,0,1,1,0,0,0,Pass,,https://nccospublicstor.blob.core.windows.net/biomapper/usviinsularshelf2017/videos/low/GV2016_677.mp4
REC1286,GV2016_678,Puerto Rico,GV,Ground Validation,2016-08-21,2016,18.13284804,-65.1946261,35.29,1,0,0,0,1,1,1,1,0,0,0,Pass,,https://nccospublicstor.blob.core.windows.net/biomapper/usviinsularshelf2017/videos/low/GV2016_678.mp4
REC1287,GV2016_679,"St. John, USVI",GV,Ground Validation,2016-08-31,2016,18.29667567,-64.78114958,28.668,0,0,1,1,0,0,0,1,1,0,0,Pass,,https://nccospublicstor.blob.core.windows.net/biomapper/usviinsularshelf2017/videos/low/GV2016_679.mp4
REC1288,GV2016_680,"St. Thomas, USVI",GV,Ground Validation,2016-08-25,2016,18.24505264,-65.08895321,27.156,1,0,0,0,1,1,1,1,0,0,0,Pass,,https://nccospublicstor.blob.core.windows.net/biomapper/usviinsularshelf2017/videos/low/GV2016_680.mp4
REC1289,GV2016_681,"St. John, USVI",GV,Ground Validation,2016-09-13,2016,18.23365971,-64.80284736,52.079,0,0,1,1,0,0,1,1,0,0,0,Pass,,https://nccospublicstor.blob.core.windows.net/biomapper/usviinsularshelf2017/videos/low/GV2016_681.mp4
REC1290,GV2016_682,Puerto Rico,GV,Ground Validation,2016-08-23,2016,18.16860255,-65.18075279,41.419,1,0,0,0,1,0,1,1,0,0,0,Pass,,https://nccospublicstor.blob.core.windows.net/biomapper/usviinsularshelf2017/videos/low/GV2016_682.mp4
REC1291,GV2016_683,Puerto Rico,GV,Ground Validation,2016-08-21,2016,18.15228678,-65.22630404,38.443,1,0,0,1,1,0,0,1,0,0,0,Pass,,https://nccospublicstor.blob.core.windows.net/biomapper/usviinsularshelf2017/videos/low/GV2016_683.mp4
REC1292,GV2016_684,Puerto Rico,GV,Ground Validation,2016-08-25,2016,18.22962784,-65.19528244,24.863,1,0,0,0,1,1,1,1,0,0,0,Pass,,https://nccospublicstor.blob.core.windows.net/biomapper/usviinsularshelf2017/videos/low/GV2016_684.mp4
REC1293,GV2016_685,"St. John, USVI",GV,Ground Validation,2016-09-17,2016,18.2398096,-64.73782809,51.258,0,1,1,0,0,0,1,1,0,0,0,Pass,,https://nccospublicstor.blob.core.windows.net/biomapper/usviinsularshelf2017/videos/low/GV2016_685.mp4
REC1294,GV2016_686,"St. Thomas, USVI",GV,Ground Validation,2016-08-28,2016,18.2059291,-64.88149253,47.253,0,0,1,0,0,0,1,0,0,0,0,Pass,,https://nccospublicstor.blob.core.windows.net/biomapper/usviinsularshelf2017/videos/low/GV2016_686.mp4
REC1295,GV2016_687,Puerto Rico,GV,Ground Validation,2016-08-22,2016,18.19851653,-65.21555938,34.534,1,0,0,0,1,0,1,1,0,0,0,Pass,,https://nccospublicstor.blob.core.windows.net/biomapper/usviinsularshelf2017/videos/low/GV2016_687.mp4
REC1296,GV2016_689,Puerto Rico,GV,Ground Validation,2016-08-25,2016,18.23704793,-65.13975379,29.847,1,0,0,0,1,1,1,1,0,0,0,Pass,,https://nccospublicstor.blob.core.windows.net/biomapper/usviinsularshelf2017/videos/low/GV2016_689.mp4
REC1297,GV2016_690,"St. Thomas, USVI",GV,Ground Validation,2016-08-26,2016,18.1966778,-64.95236695,38.204,1,0,0,0,1,0,1,1,0,0,0,Pass,,https://nccospublicstor.blob.core.windows.net/biomapper/usviinsularshelf2017/videos/low/GV2016_690.mp4
REC1298,GV2016_691,"St. Thomas, USVI",GV,Ground Validation,2016-08-26,2016,18.18653784,-65.11346236,43.752,1,0,0,1,1,0,1,1,0,0,0,Pass,,https://nccospublicstor.blob.core.windows.net/biomapper/usviinsularshelf2017/videos/low/GV2016_691.mp4
REC1299,GV2016_692,"St. Thomas, USVI",GV,Ground Validation,2016-08-29,2016,18.24628211,-64.87814662,41.615,0,0,1,1,0,0,1,1,0,0,0,Pass,,https://nccospublicstor.blob.core.windows.net/biomapper/usviinsularshelf2017/videos/low/GV2016_692.mp4
REC1300,GV2016_693,"St. Thomas, USVI",GV,Ground Validation,2016-08-26,2016,18.19661738,-64.93263582,54.913,0,0,1,1,0,0,1,1,0,0,0,Pass,,https://nccospublicstor.blob.core.windows.net/biomapper/usviinsularshelf2017/videos/low/GV2016_693.mp4
REC1301,GV2016_694,"St. Thomas, USVI",GV,Ground Validation,2016-08-26,2016,18.21367067,-65.05900806,38.177,1,0,0,0,1,0,1,1,0,0,0,Pass,,https://nccospublicstor.blob.core.windows.net/biomapper/usviinsularshelf2017/videos/low/GV2016_694.mp4
REC1302,GV2016_695,Puerto Rico,GV,Ground Validation,2016-08-23,2016,18.19354098,-65.18415239,39.235,1,0,0,1,1,1,1,1,0,0,0,Pass,,https://nccospublicstor.blob.core.windows.net/biomapper/usviinsularshelf2017/videos/low/GV2016_695.mp4
REC1303,GV2016_696,"St. Thomas, USVI",GV,Ground Validation,2016-08-29,2016,18.22761518,-64.94740538,42.85,0,0,1,1,0,0,1,1,0,0,0,Pass,,https://nccospublicstor.blob.core.windows.net/biomapper/usviinsularshelf2017/videos/low/GV2016_696.mp4
REC1304,GV2016_698,"St. John, USVI",GV,Ground Validation,2016-09-12,2016,18.21677511,-64.69631407,53.733,0,1,1,0,1,0,1,1,0,0,0,Pass,,https://nccospublicstor.blob.core.windows.net/biomapper/usviinsularshelf2017/videos/low/GV2016_698.mp4
REC1305,GV2016_699,Puerto Rico,GV,Ground Validation,2016-08-23,2016,18.17908502,-65.14135116,44.047,1,0,0,1,1,0,1,1,0,0,0,Pass,,https://nccospublicstor.blob.core.windows.net/biomapper/usviinsularshelf2017/videos/low/GV2016_699.mp4
REC1306,GV2016_700,"St. Thomas, USVI",GV,Ground Validation,2016-08-27,2016,18.26857023,-65.0318786,33.354,0,0,1,0,0,0,1,1,0,0,0,Pass,,https://nccospublicstor.blob.core.windows.net/biomapper/usviinsularshelf2017/videos/low/GV2016_700.mp4
REC1307,GV2016_701,Puerto Rico,GV,Ground Validation,2016-08-21,2016,18.14079977,-65.2133647,37.704,1,0,0,0,1,0,1,1,0,0,0,Pass,,https://nccospublicstor.blob.core.windows.net/biomapper/usviinsularshelf2017/videos/low/GV2016_701.mp4
REC1308,GV2016_702,"St. John, USVI",GV,Ground Validation,2016-09-11,2016,18.26634038,-64.75040803,46.283,0,0,1,1,0,0,1,0,0,0,0,Pass,,https://nccospublicstor.blob.core.windows.net/biomapper/usviinsularshelf2017/videos/low/GV2016_702.mp4
REC1309,GV2016_703,"St. John, USVI",GV,Ground Validation,2016-09-11,2016,18.2797359,-64.77894071,27.596,1,0,0,1,1,1,1,1,0,1,0,Pass,,https://nccospublicstor.blob.core.windows.net/biomapper/usviinsularshelf2017/videos/low/GV2016_703.mp4
REC1310,GV2016_704,Puerto Rico,GV,Ground Validation,2016-08-21,2016,18.12401205,-65.19579075,42.383,0,0,1,0,0,0,1,1,0,0,0,Pass,,https://nccospublicstor.blob.core.windows.net/biomapper/usviinsularshelf2017/videos/low/GV2016_704.mp4
REC1311,GV2016_705,Puerto Rico,GV,Ground Validation,2016-08-22,2016,18.20804584,-65.20179264,31.724,1,0,0,0,1,1,1,1,0,0,0,Pass,,https://nccospublicstor.blob.core.windows.net/biomapper/usviinsularshelf2017/videos/low/GV2016_705.mp4
REC1312,GV2016_706,"St. John, USVI",GV,Ground Validation,2016-09-11,2016,18.262111,-64.74374933,47.79,0,0,1,0,0,0,1,1,0,0,0,Pass,,https://nccospublicstor.blob.core.windows.net/biomapper/usviinsularshelf2017/videos/low/GV2016_706.mp4
REC1313,GV2016_707,"St. John, USVI",GV,Ground Validation,2016-09-16,2016,18.20641872,-64.79646356,51.409,0,0,1,0,0,0,1,1,0,0,0,Pass,,https://nccospublicstor.blob.core.windows.net/biomapper/usviinsularshelf2017/videos/low/GV2016_707.mp4
REC1314,GV2016_708,Puerto Rico,GV,Ground Validation,2016-08-23,2016,18.22936456,-65.18700914,32.364,1,0,0,1,1,1,1,1,0,0,0,Pass,,https://nccospublicstor.blob.core.windows.net/biomapper/usviinsularshelf2017/videos/low/GV2016_708.mp4
REC1315,GV2016_709,"St. Thomas, USVI",GV,Ground Validation,2016-08-23,2016,18.18346416,-65.13051597,41.054,1,0,0,1,1,0,1,1,0,0,0,Pass,,https://nccospublicstor.blob.core.windows.net/biomapper/usviinsularshelf2017/videos/low/GV2016_709.mp4
REC1316,GV2016_710,"St. John, USVI",GV,Ground Validation,2016-09-12,2016,18.26139377,-64.68232326,46.115,0,1,1,0,1,0,1,1,0,0,0,Pass,,https://nccospublicstor.blob.core.windows.net/biomapper/usviinsularshelf2017/videos/low/GV2016_710.mp4
REC1317,GV2016_711_1,"St. Thomas, USVI",GV,Ground Validation,2016-08-26,2016,18.21218214,-65.11655442,33.88,0,1,1,0,1,0,1,1,0,0,0,Pass,,https://nccospublicstor.blob.core.windows.net/biomapper/usviinsularshelf2017/videos/low/GV2016_711_1.mp4
REC1318,GV2016_711_2,"St. John, USVI",GV,Ground Validation,2016-09-17,2016,18.2514977,-64.71716618,47.102,0,1,1,0,1,0,1,1,0,0,0,Pass,,https://nccospublicstor.blob.core.windows.net/biomapper/usviinsularshelf2017/videos/low/GV2016_711_2.mp4
REC1319,GV2016_712,"St. John, USVI",GV,Ground Validation,2016-09-13,2016,18.23905685,-64.78701952,48.757,0,0,1,1,0,0,1,1,0,0,0,Pass,,https://nccospublicstor.blob.core.windows.net/biomapper/usviinsularshelf2017/videos/low/GV2016_712.mp4
REC1320,GV2016_716,"St. Thomas, USVI",GV,Ground Validation,2016-08-28,2016,18.21243339,-64.9102903,45.123,1,0,0,0,1,0,1,1,0,0,0,Pass,,https://nccospublicstor.blob.core.windows.net/biomapper/usviinsularshelf2017/videos/low/GV2016_716.mp4
REC1321,GV2016_717,Puerto Rico,GV,Ground Validation,2016-08-23,2016,18.18878623,-65.18733046,36.354,1,0,0,0,1,1,1,1,0,0,0,Pass,,https://nccospublicstor.blob.core.windows.net/biomapper/usviinsularshelf2017/videos/low/GV2016_717.mp4
REC1322,GV2016_718,"St. Thomas, USVI",GV,Ground Validation,2016-08-29,2016,18.23032853,-64.936342,42.827,0,0,1,1,0,0,1,1,0,0,0,Pass,,https://nccospublicstor.blob.core.windows.net/biomapper/usviinsularshelf2017/videos/low/GV2016_718.mp4
REC1323,GV2016_719,"St. John, USVI",GV,Ground Validation,2016-09-16,2016,18.20440764,-64.77623422,55.56,0,1,1,0,1,0,1,1,0,0,0,Pass,,https://nccospublicstor.blob.core.windows.net/biomapper/usviinsularshelf2017/videos/low/GV2016_719.mp4
REC1324,GV2016_720,"St. Thomas, USVI",GV,Ground Validation,2016-08-28,2016,18.2100491,-64.89423403,46.28,1,0,0,1,1,0,1,1,0,0,0,Pass,,https://nccospublicstor.blob.core.windows.net/biomapper/usviinsularshelf2017/videos/low/GV2016_720.mp4
REC1325,GV2016_721,"St. John, USVI",GV,Ground Validation,2016-09-01,2016,18.30849635,-64.73986489,23.99,1,0,0,1,1,1,1,1,0,0,0,Pass,,https://nccospublicstor.blob.core.windows.net/biomapper/usviinsularshelf2017/videos/low/GV2016_721.mp4
REC1326,GV2016_722,"St. John, USVI",GV,Ground Validation,2016-09-12,2016,18.24326677,-64.6590628,49.856,0,1,0,0,1,0,1,1,0,0,0,Pass,,https://nccospublicstor.blob.core.windows.net/biomapper/usviinsularshelf2017/videos/low/GV2016_722.mp4
REC1327,GV2016_723,"St. John, USVI",GV,Ground Validation,2016-09-13,2016,18.2510126,-64.78354072,45.119,0,0,1,1,0,0,1,1,0,0,0,Pass,,https://nccospublicstor.blob.core.windows.net/biomapper/usviinsularshelf2017/videos/low/GV2016_723.mp4
REC1328,GV2016_724,"St. John, USVI",GV,Ground Validation,2016-09-11,2016,18.28537149,-64.6969954,33.016,0,0,1,1,0,0,1,1,0,0,0,Pass,,https://nccospublicstor.blob.core.windows.net/biomapper/usviinsularshelf2017/videos/low/GV2016_724.mp4
REC1329,GV2016_725,"St. Thomas, USVI",GV,Ground Validation,2016-08-28,2016,18.20055021,-64.89077035,49.278,0,1,0,0,1,0,1,1,0,0,0,Pass,,https://nccospublicstor.blob.core.windows.net/biomapper/usviinsularshelf2017/videos/low/GV2016_725.mp4
REC1330,GV2016_726,"St. Thomas, USVI",GV,Ground Validation,2016-09-09,2016,18.25747855,-64.82910535,34.887,0,0,1,0,0,0,1,0,0,0,0,Pass,,https://nccospublicstor.blob.core.windows.net/biomapper/usviinsularshelf2017/videos/low/GV2016_726.mp4
REC1331,GV2016_727,"St. John, USVI",GV,Ground Validation,2016-09-13,2016,18.2439055,-64.77746462,45.819,0,0,1,0,0,0,1,1,0,0,0,Pass,,https://nccospublicstor.blob.core.windows.net/biomapper/usviinsularshelf2017/videos/low/GV2016_727.mp4
REC1332,GV2016_728,"St. Thomas, USVI",GV,Ground Validation,2016-09-13,2016,18.25363491,-64.81422227,42.796,0,1,1,1,0,0,1,1,0,0,0,Pass,,https://nccospublicstor.blob.core.windows.net/biomapper/usviinsularshelf2017/videos/low/GV2016_728.mp4
REC1333,GV2016_729,Puerto Rico,GV,Ground Validation,2016-08-21,2016,18.13846866,-65.23466232,36.216,1,0,0,0,1,0,1,1,0,1,0,Pass,,https://nccospublicstor.blob.core.windows.net/biomapper/usviinsularshelf2017/videos/low/GV2016_729.mp4
REC1334,GV2016_730,Puerto Rico,GV,Ground Validation,2016-08-21,2016,18.12501482,-65.23745571,49.457,0,0,1,0,0,0,1,1,0,0,0,Pass,,https://nccospublicstor.blob.core.windows.net/biomapper/usviinsularshelf2017/videos/low/GV2016_730.mp4
REC1335,GV2016_731,Puerto Rico,GV,Ground Validation,2016-08-22,2016,18.17249194,-65.20381409,39.221,1,0,0,0,1,1,1,1,0,0,0,Pass,,https://nccospublicstor.blob.core.windows.net/biomapper/usviinsularshelf2017/videos/low/GV2016_731.mp4
REC1336,GV2016_732,"St. Thomas, USVI",GV,Ground Validation,2016-08-30,2016,18.22690631,-64.98926518,42.537,0,0,1,1,0,0,1,1,0,0,0,Pass,,https://nccospublicstor.blob.core.windows.net/biomapper/usviinsularshelf2017/videos/low/GV2016_732.mp4
REC1337,GV2016_733,"St. John, USVI",GV,Ground Validation,2016-09-17,2016,18.23517114,-64.74716703,53.141,0,0,1,0,1,0,1,1,0,0,0,Pass,,https://nccospublicstor.blob.core.windows.net/biomapper/usviinsularshelf2017/videos/low/GV2016_733.mp4
REC1338,GV2016_734,"St. Thomas, USVI",GV,Ground Validation,2016-08-30,2016,18.2479954,-64.96515498,40.053,0,0,1,1,0,0,1,1,0,0,0,Pass,,https://nccospublicstor.blob.core.windows.net/biomapper/usviinsularshelf2017/videos/low/GV2016_734.mp4
REC1339,GV2016_735,"St. Thomas, USVI",GV,Ground Validation,2016-08-20,2016,18.28101133,-65.0752445,33.405,0,0,1,0,0,0,1,1,0,0,0,Pass,,https://nccospublicstor.blob.core.windows.net/biomapper/usviinsularshelf2017/videos/low/GV2016_735.mp4
REC1340,GV2016_736,"St. Thomas, USVI",GV,Ground Validation,2016-08-28,2016,18.18063736,-64.89017063,52.33,0,0,1,0,1,0,1,1,0,0,0,Pass,,https://nccospublicstor.blob.core.windows.net/biomapper/usviinsularshelf2017/videos/low/GV2016_736.mp4
REC1341,GV2016_737,"St. Thomas, USVI",GV,Ground Validation,2016-09-09,2016,18.2359619,-64.84234301,44.462,0,0,1,0,0,0,1,1,0,0,0,Pass,,https://nccospublicstor.blob.core.windows.net/biomapper/usviinsularshelf2017/videos/low/GV2016_737.mp4
REC1342,GV2016_738,"St. John, USVI",GV,Ground Validation,2016-09-17,2016,18.23197029,-64.75539201,49.739,0,0,1,0,0,0,1,1,0,0,0,Pass,,https://nccospublicstor.blob.core.windows.net/biomapper/usviinsularshelf2017/videos/low/GV2016_738.mp4
REC1343,GV2016_739,Puerto Rico,GV,Ground Validation,2016-08-21,2016,18.1275458,-65.19001846,39.078,1,0,0,0,1,0,1,1,0,0,0,Pass,,https://nccospublicstor.blob.core.windows.net/biomapper/usviinsularshelf2017/videos/low/GV2016_739.mp4
REC1344,GV2016_740,"St. Thomas, USVI",GV,Ground Validation,2016-08-27,2016,18.26668783,-65.01384736,33.481,0,0,1,0,0,0,1,1,0,0,0,Pass,,https://nccospublicstor.blob.core.windows.net/biomapper/usviinsularshelf2017/videos/low/GV2016_740.mp4
REC1345,GV2016_741,"St. Thomas, USVI",GV,Ground Validation,2016-08-30,2016,18.23226232,-64.95393355,42.665,0,0,1,1,0,0,1,1,0,0,0,Pass,,https://nccospublicstor.blob.core.windows.net/biomapper/usviinsularshelf2017/videos/low/GV2016_741.mp4
REC1346,GV2016_742,"St. Thomas, USVI",GV,Ground Validation,2016-09-09,2016,18.20930745,-64.84980171,42.52,0,1,0,1,1,0,1,1,0,0,0,Pass,,https://nccospublicstor.blob.core.windows.net/biomapper/usviinsularshelf2017/videos/low/GV2016_742.mp4
REC1347,GV2016_743,"St. Thomas, USVI",GV,Ground Validation,2016-08-27,2016,18.2350837,-65.10019572,29.358,1,0,0,0,1,0,1,1,0,0,0,Pass,,https://nccospublicstor.blob.core.windows.net/biomapper/usviinsularshelf2017/videos/low/GV2016_743.mp4
REC1348,GV2016_744,"St. John, USVI",GV,Ground Validation,2016-09-16,2016,18.20115363,-64.7879192,55.466,0,0,1,0,1,0,1,1,0,0,0,Pass,,https://nccospublicstor.blob.core.windows.net/biomapper/usviinsularshelf2017/videos/low/GV2016_744.mp4
REC1349,GV2016_745,"St. Thomas, USVI",GV,Ground Validation,2016-08-28,2016,18.19638404,-64.89433703,49.695,0,1,0,0,1,0,1,1,0,0,0,Pass,,https://nccospublicstor.blob.core.windows.net/biomapper/usviinsularshelf2017/videos/low/GV2016_745.mp4
REC1350,GV2016_747,"St. John, USVI",GV,Ground Validation,2016-09-13,2016,18.260682,-64.79067744,40.123,0,0,1,0,1,0,1,1,0,0,0,Pass,,https://nccospublicstor.blob.core.windows.net/biomapper/usviinsularshelf2017/videos/low/GV2016_747.mp4
REC1351,GV2016_748,"St. Thomas, USVI",GV,Ground Validation,2016-08-26,2016,18.21070046,-65.12793984,41.131,1,0,1,1,1,0,1,1,0,0,0,Pass,,https://nccospublicstor.blob.core.windows.net/biomapper/usviinsularshelf2017/videos/low/GV2016_748.mp4
REC1352,GV2016_749,"St. Thomas, USVI",GV,Ground Validation,2016-08-26,2016,18.19595643,-64.9699625,43.685,1,0,0,0,1,0,1,1,0,0,0,Pass,,https://nccospublicstor.blob.core.windows.net/biomapper/usviinsularshelf2017/videos/low/GV2016_749.mp4
REC1353,GV2016_750,"St. Thomas, USVI",GV,Ground Validation,2016-08-27,2016,18.24451869,-65.05513037,35.833,1,1,0,1,1,0,1,1,0,0,0,Pass,,https://nccospublicstor.blob.core.windows.net/biomapper/usviinsularshelf2017/videos/low/GV2016_750.mp4
