record_uid,source_index,fid,project,geographic_region,site_type,site_type_label,assessment_type,site_id,date_collected,time_collected,survey_year,survey_month,latitude,longitude,northing_source,easting_source,expected_northing_epsg3857,expected_easting_epsg3857,spatial_difference_m,depth_source,depth_m_abs,url_link,coral_reef,pavement,rhodolith,sand,hard_coral,soft_coral,macroalgae,sponge,seagrass,artificial,unknown,notes,coral_reef_present,pavement_present,rhodolith_present,sand_present,hard_coral_present,soft_coral_present,macroalgae_present,sponge_present,seagrass_present,artificial_present,unknown_present,core_substrate_count,core_biological_cover_count,all_feature_count,qa_required_fields,qa_coordinate_range,qa_category_domain,qa_url,qa_site_id_duplicate,qa_index_fid,qa_spatial_consistency,qa_unknown_class,qa_no_core_substrate,qa_video_usability_note,qa_status,qa_reason
REC0001,0,0,Benthic Habitat Maps for the Insular Shelf South of St. Thomas and St. John,Puerto Rico,AA,Accuracy Assessment,HD Seaviewer Drop Camera,AA2017_001,2017-01-31,11:18:14,2017,1,18.14177272,-65.26049206,2054149.483,-7264764.745,2054149.483,-7264764.745,0.0,-29.56999969,29.57,https://nccospublicstor.blob.core.windows.net/biomapper/usviinsularshelf2017/videos/low/AA2017_001.mp4,Absent,Absent,Present,Absent,Absent,Absent,Present,Present,Absent,Absent,Absent,,0,0,1,0,0,0,1,1,0,0,0,1,2,3,Pass,Pass,Pass,Pass,Pass,Pass,Pass,Pass,Pass,Pass,Pass,
REC0002,1,1,Benthic Habitat Maps for the Insular Shelf South of St. Thomas and St. John,Puerto Rico,AA,Accuracy Assessment,HD Seaviewer Drop Camera,AA2017_002,2017-01-31,13:27:48,2017,1,18.17255858,-65.25986648,2057756.142,-7264695.106,2057756.142,-7264695.106,0.0,-28.85000038,28.85,https://nccospublicstor.blob.core.windows.net/biomapper/usviinsularshelf2017/videos/low/AA2017_002.mp4,Absent,Present,Present,Absent,Present,Absent,Present,Present,Absent,Absent,Absent,,0,1,1,0,1,0,1,1,0,0,0,2,3,5,Pass,Pass,Pass,Pass,Pass,Pass,Pass,Pass,Pass,Pass,Pass,
REC0003,2,2,Benthic Habitat Maps for the Insular Shelf South of St. Thomas and St. John,Puerto Rico,AA,Accuracy Assessment,HD Seaviewer Drop Camera,AA2017_003,2017-01-31,13:18:48,2017,1,18.16452229,-65.25818119,2056814.605,-7264507.5,2056814.605,-7264507.5,0.0,-29.07999992,29.08,https://nccospublicstor.blob.core.windows.net/biomapper/usviinsularshelf2017/videos/low/AA2017_003.mp4,Absent,Present,Present,Absent,Absent,Absent,Absent,Present,Absent,Absent,Absent,,0,1,1,0,0,0,0,1,0,0,0,2,1,3,Pass,Pass,Pass,Pass,Pass,Pass,Pass,Pass,Pass,Pass,Pass,
REC0004,3,3,Benthic Habitat Maps for the Insular Shelf South of St. Thomas and St. John,Puerto Rico,AA,Accuracy Assessment,HD Seaviewer Drop Camera,AA2017_004,2017-01-31,11:54:57,2017,1,18.15550778,-65.25778421,2055758.51,-7264463.309,2055758.51,-7264463.309,0.001,-28.07749939,28.077,https://nccospublicstor.blob.core.windows.net/biomapper/usviinsularshelf2017/videos/low/AA2017_004.mp4,Absent,Present,Absent,Absent,Present,Absent,Absent,Present,Absent,Absent,Absent,"Video blank for most of video captures 40, 41, and 42",0,1,0,0,1,0,0,1,0,0,0,1,2,3,Pass,Pass,Pass,Pass,Pass,Pass,Pass,Pass,Pass,Pass,Pass,
REC0005,4,4,Benthic Habitat Maps for the Insular Shelf South of St. Thomas and St. John,Puerto Rico,AA,Accuracy Assessment,HD Seaviewer Drop Camera,AA2017_005,2017-01-31,11:11:20,2017,1,18.14139594,-65.2525359,2054105.346,-7263879.069,2054105.346,-7263879.069,0.0,-32.72000122,32.72,https://nccospublicstor.blob.core.windows.net/biomapper/usviinsularshelf2017/videos/low/AA2017_005.mp4,Absent,Absent,Present,Absent,Absent,Absent,Present,Present,Absent,Absent,Absent,,0,0,1,0,0,0,1,1,0,0,0,1,2,3,Pass,Pass,Pass,Pass,Pass,Pass,Pass,Pass,Pass,Pass,Pass,
REC0006,5,5,Benthic Habitat Maps for the Insular Shelf South of St. Thomas and St. John,Puerto Rico,AA,Accuracy Assessment,HD Seaviewer Drop Camera,AA2017_006,2017-01-31,12:42:08,2017,1,18.15623382,-65.24683227,2055843.567,-7263244.144,2055843.567,-7263244.144,0.0,-30.78129959,30.781,https://nccospublicstor.blob.core.windows.net/biomapper/usviinsularshelf2017/videos/low/AA2017_006.mp4,Absent,Present,Present,Absent,Absent,Absent,Present,Absent,Absent,Absent,Absent,,0,1,1,0,0,0,1,0,0,0,0,2,1,3,Pass,Pass,Pass,Pass,Pass,Pass,Pass,Pass,Pass,Pass,Pass,
REC0007,6,6,Benthic Habitat Maps for the Insular Shelf South of St. Thomas and St. John,Puerto Rico,AA,Accuracy Assessment,HD Seaviewer Drop Camera,AA2017_007,2017-01-31,12:13:49,2017,1,18.15043189,-65.24499807,2055163.868,-7263039.962,2055163.868,-7263039.962,0.0,-34.0019989,34.002,https://nccospublicstor.blob.core.windows.net/biomapper/usviinsularshelf2017/videos/low/AA2017_007.mp4,Absent,Absent,Present,Absent,Absent,Absent,Present,Present,Absent,Absent,Absent,,0,0,1,0,0,0,1,1,0,0,0,1,2,3,Pass,Pass,Pass,Pass,Pass,Pass,Pass,Pass,Pass,Pass,Pass,
REC0008,7,7,Benthic Habitat Maps for the Insular Shelf South of St. Thomas and St. John,Puerto Rico,AA,Accuracy Assessment,HD Seaviewer Drop Camera,AA2017_008,2017-01-31,10:18:56,2017,1,18.12015293,-65.23386329,2051617.038,-7261800.444,2051617.037,-7261800.444,0.001,-74.24720001,74.247,https://nccospublicstor.blob.core.windows.net/biomapper/usviinsularshelf2017/videos/low/AA2017_008.mp4,Absent,Present,Present,Absent,Present,Absent,Present,Present,Absent,Absent,Absent,Camera didn't reach the seafloor in the first video take; On boundary between pavement and rhodoliths.,0,1,1,0,1,0,1,1,0,0,0,2,3,5,Pass,Pass,Pass,Pass,Pass,Pass,Pass,Pass,Pass,Pass,Pass,
REC0009,8,8,Benthic Habitat Maps for the Insular Shelf South of St. Thomas and St. John,Puerto Rico,AA,Accuracy Assessment,HD Seaviewer Drop Camera,AA2017_009,2017-01-31,10:29:02,2017,1,18.12756251,-65.23479692,2052484.927,-7261904.375,2052484.927,-7261904.375,0.0,-42.85800171,42.858,https://nccospublicstor.blob.core.windows.net/biomapper/usviinsularshelf2017/videos/low/AA2017_009.mp4,Absent,Absent,Present,Absent,Absent,Absent,Present,Absent,Absent,Absent,Absent,,0,0,1,0,0,0,1,0,0,0,0,1,1,2,Pass,Pass,Pass,Pass,Pass,Pass,Pass,Pass,Pass,Pass,Pass,
REC0010,9,9,Benthic Habitat Maps for the Insular Shelf South of St. Thomas and St. John,Puerto Rico,AA,Accuracy Assessment,HD Seaviewer Drop Camera,AA2017_010,2017-01-31,13:08:01,2017,1,18.16118431,-65.23693544,2056423.537,-7262142.434,2056423.537,-7262142.434,0.0,-36.0807991,36.081,https://nccospublicstor.blob.core.windows.net/biomapper/usviinsularshelf2017/videos/low/AA2017_010.mp4,Absent,Absent,Present,Present,Absent,Absent,Absent,Absent,Absent,Absent,Absent,,0,0,1,1,0,0,0,0,0,0,0,2,0,2,Pass,Pass,Pass,Pass,Pass,Pass,Pass,Pass,Pass,Pass,Pass,
REC0011,10,10,Benthic Habitat Maps for the Insular Shelf South of St. Thomas and St. John,Puerto Rico,AA,Accuracy Assessment,HD Seaviewer Drop Camera,AA2017_011,2017-01-31,09:50:12,2017,1,18.1228048,-65.21644426,2051927.649,-7259861.366,2051927.649,-7259861.366,0.0,-39.85520172,39.855,https://nccospublicstor.blob.core.windows.net/biomapper/usviinsularshelf2017/videos/low/AA2017_011.mp4,Absent,Absent,Present,Absent,Absent,Absent,Present,Absent,Absent,Absent,Absent,,0,0,1,0,0,0,1,0,0,0,0,1,1,2,Pass,Pass,Pass,Pass,Pass,Pass,Pass,Pass,Pass,Pass,Pass,
REC0012,11,11,Benthic Habitat Maps for the Insular Shelf South of St. Thomas and St. John,Puerto Rico,AA,Accuracy Assessment,HD Seaviewer Drop Camera,AA2017_012,2017-01-31,10:57:55,2017,1,18.13932323,-65.22984757,2053862.545,-7261353.416,2053862.545,-7261353.416,0.0,-37.57089996,37.571,https://nccospublicstor.blob.core.windows.net/biomapper/usviinsularshelf2017/videos/low/AA2017_012.mp4,Absent,Absent,Present,Absent,Absent,Absent,Present,Present,Absent,Absent,Absent,,0,0,1,0,0,0,1,1,0,0,0,1,2,3,Pass,Pass,Pass,Pass,Pass,Pass,Pass,Pass,Pass,Pass,Pass,
REC0013,12,12,Benthic Habitat Maps for the Insular Shelf South of St. Thomas and St. John,Puerto Rico,AA,Accuracy Assessment,HD Seaviewer Drop Camera,AA2017_013,2017-01-31,13:46:44,2017,1,18.17067079,-65.22774152,2057534.963,-7261118.972,2057534.963,-7261118.972,0.001,-34.27330017,34.273,https://nccospublicstor.blob.core.windows.net/biomapper/usviinsularshelf2017/videos/low/AA2017_013.mp4,Present,Absent,Absent,Present,Present,Absent,Absent,Absent,Absent,Absent,Absent,Camera on edge of agg reef/sand in spur and groove habitat,1,0,0,1,1,0,0,0,0,0,0,2,1,3,Pass,Pass,Pass,Pass,Pass,Pass,Pass,Pass,Pass,Pass,Pass,
REC0014,13,13,Benthic Habitat Maps for the Insular Shelf South of St. Thomas and St. John,Puerto Rico,AA,Accuracy Assessment,HD Seaviewer Drop Camera,AA2017_014,2017-01-31,10:40:32,2017,1,18.13236683,-65.22536209,2053047.681,-7260854.095,2053047.681,-7260854.095,0.0,-40.8321991,40.832,https://nccospublicstor.blob.core.windows.net/biomapper/usviinsularshelf2017/videos/low/AA2017_014.mp4,Absent,Absent,Present,Absent,Present,Absent,Present,Present,Absent,Absent,Absent,,0,0,1,0,1,0,1,1,0,0,0,1,3,4,Pass,Pass,Pass,Pass,Pass,Pass,Pass,Pass,Pass,Pass,Pass,
REC0015,14,14,Benthic Habitat Maps for the Insular Shelf South of St. Thomas and St. John,Puerto Rico,AA,Accuracy Assessment,HD Seaviewer Drop Camera,AA2017_015,2017-01-31,13:56:07,2017,1,18.17465637,-65.22099917,2058001.928,-7260368.417,2058001.928,-7260368.417,0.0,-34.70589828,34.706,https://nccospublicstor.blob.core.windows.net/biomapper/usviinsularshelf2017/videos/low/AA2017_015.mp4,Present,Absent,Absent,Present,Present,Absent,Absent,Absent,Absent,Absent,Absent,Camera on edge of agg reef/sand in spur and groove habitat,1,0,0,1,1,0,0,0,0,0,0,2,1,3,Pass,Pass,Pass,Pass,Pass,Pass,Pass,Pass,Pass,Pass,Pass,
REC0016,15,15,Benthic Habitat Maps for the Insular Shelf South of St. Thomas and St. John,Puerto Rico,AA,Accuracy Assessment,HD Seaviewer Drop Camera,AA2017_016,2017-01-31,10:49:21,2017,1,18.13226984,-65.21710906,2053036.32,-7259935.372,2053036.32,-7259935.372,0.0,-38.99089813,38.991,https://nccospublicstor.blob.core.windows.net/biomapper/usviinsularshelf2017/videos/low/AA2017_016.mp4,Absent,Absent,Present,Absent,Present,Absent,Present,Present,Absent,Absent,Absent,meandrina meandrites,0,0,1,0,1,0,1,1,0,0,0,1,3,4,Pass,Pass,Pass,Pass,Pass,Pass,Pass,Pass,Pass,Pass,Pass,
REC0017,16,16,Benthic Habitat Maps for the Insular Shelf South of St. Thomas and St. John,Puerto Rico,AA,Accuracy Assessment,HD Seaviewer Drop Camera,AA2017_017,2017-01-31,14:05:15,2017,1,18.18085906,-65.21591735,2058728.678,-7259802.711,2058728.678,-7259802.711,0.0,-33.75960159,33.76,https://nccospublicstor.blob.core.windows.net/biomapper/usviinsularshelf2017/videos/low/AA2017_017.mp4,Present,Absent,Absent,Present,Present,Absent,Present,Present,Absent,Absent,Absent,,1,0,0,1,1,0,1,1,0,0,0,2,3,5,Pass,Pass,Pass,Pass,Pass,Pass,Pass,Pass,Pass,Pass,Pass,
REC0018,17,17,Benthic Habitat Maps for the Insular Shelf South of St. Thomas and St. John,Puerto Rico,AA,Accuracy Assessment,HD Seaviewer Drop Camera,AA2017_018,2017-01-31,14:53:24,2017,1,18.19724497,-65.21613909,2060648.689,-7259827.395,2060648.689,-7259827.395,0.0,-34.93320084,34.933,https://nccospublicstor.blob.core.windows.net/biomapper/usviinsularshelf2017/videos/low/AA2017_018.mp4,Present,Absent,Absent,Present,Present,Absent,Present,Present,Absent,Absent,Absent,Colpophyllia natans,1,0,0,1,1,0,1,1,0,0,0,2,3,5,Pass,Pass,Pass,Pass,Pass,Pass,Pass,Pass,Pass,Pass,Pass,
REC0019,18,18,Benthic Habitat Maps for the Insular Shelf South of St. Thomas and St. John,Puerto Rico,AA,Accuracy Assessment,HD Seaviewer Drop Camera,AA2017_019,2017-01-31,14:13:17,2017,1,18.17374176,-65.21544807,2057894.768,-7259750.471,2057894.768,-7259750.471,0.0,-41.69889832,41.699,https://nccospublicstor.blob.core.windows.net/biomapper/usviinsularshelf2017/videos/low/AA2017_019.mp4,Absent,Absent,Present,Present,Absent,Absent,Absent,Present,Absent,Absent,Absent,,0,0,1,1,0,0,0,1,0,0,0,2,1,3,Pass,Pass,Pass,Pass,Pass,Pass,Pass,Pass,Pass,Pass,Pass,
REC0020,19,19,Benthic Habitat Maps for the Insular Shelf South of St. Thomas and St. John,Puerto Rico,AA,Accuracy Assessment,HD Seaviewer Drop Camera,AA2017_020,2017-01-31,08:40:41,2017,1,18.16063288,-65.2100431,2056358.934,-7259148.793,2056358.934,-7259148.792,0.001,-36.34999847,36.35,https://nccospublicstor.blob.core.windows.net/biomapper/usviinsularshelf2017/videos/low/AA2017_020.mp4,Present,Absent,Absent,Present,Present,Absent,Present,Absent,Absent,Absent,Absent,,1,0,0,1,1,0,1,0,0,0,0,2,2,4,Pass,Pass,Pass,Pass,Pass,Pass,Pass,Pass,Pass,Pass,Pass,
REC0021,20,20,Benthic Habitat Maps for the Insular Shelf South of St. Thomas and St. John,Puerto Rico,AA,Accuracy Assessment,HD Seaviewer Drop Camera,AA2017_021,2017-01-31,14:20:45,2017,1,18.16820145,-65.21295281,2057245.652,-7259472.7,2057245.652,-7259472.7,0.0,-40.24340057,40.243,https://nccospublicstor.blob.core.windows.net/biomapper/usviinsularshelf2017/videos/low/AA2017_021.mp4,Present,Absent,Absent,Present,Present,Absent,Present,Absent,Absent,Absent,Absent,,1,0,0,1,1,0,1,0,0,0,0,2,2,4,Pass,Pass,Pass,Pass,Pass,Pass,Pass,Pass,Pass,Pass,Pass,
REC0022,21,21,Benthic Habitat Maps for the Insular Shelf South of St. Thomas and St. John,Puerto Rico,AA,Accuracy Assessment,HD Seaviewer Drop Camera,AA2017_022,2017-01-31,08:56:20,2017,1,18.14665783,-65.21178554,2054721.747,-7259342.76,2054721.747,-7259342.76,0.0,-40.4618988,40.462,https://nccospublicstor.blob.core.windows.net/biomapper/usviinsularshelf2017/videos/low/AA2017_022.mp4,Absent,Present,Absent,Absent,Present,Present,Present,Absent,Absent,Absent,Absent,,0,1,0,0,1,1,1,0,0,0,0,1,3,4,Pass,Pass,Pass,Pass,Pass,Pass,Pass,Pass,Pass,Pass,Pass,
REC0023,22,22,Benthic Habitat Maps for the Insular Shelf South of St. Thomas and St. John,Puerto Rico,AA,Accuracy Assessment,HD Seaviewer Drop Camera,AA2017_023,2017-01-31,08:48:34,2017,1,18.15387659,-65.21408723,2055567.413,-7259598.983,2055567.413,-7259598.983,0.0,-41.55339813,41.553,https://nccospublicstor.blob.core.windows.net/biomapper/usviinsularshelf2017/videos/low/AA2017_023.mp4,Present,Present,Absent,Present,Present,Absent,Absent,Present,Absent,Absent,Absent,,1,1,0,1,1,0,0,1,0,0,0,3,2,5,Pass,Pass,Pass,Pass,Pass,Pass,Pass,Pass,Pass,Pass,Pass,
REC0024,23,23,Benthic Habitat Maps for the Insular Shelf South of St. Thomas and St. John,Puerto Rico,AA,Accuracy Assessment,HD Seaviewer Drop Camera,AA2017_024,2017-01-31,14:30:05,2017,1,18.17321425,-65.2068613,2057832.963,-7258794.596,2057832.963,-7258794.596,0.0,-41.38579941,41.386,https://nccospublicstor.blob.core.windows.net/biomapper/usviinsularshelf2017/videos/low/AA2017_024.mp4,Present,Absent,Absent,Present,Present,Present,Present,Absent,Absent,Absent,Absent,,1,0,0,1,1,1,1,0,0,0,0,2,3,5,Pass,Pass,Pass,Pass,Pass,Pass,Pass,Pass,Pass,Pass,Pass,
REC0025,24,24,Benthic Habitat Maps for the Insular Shelf South of St. Thomas and St. John,Puerto Rico,AA,Accuracy Assessment,HD Seaviewer Drop Camera,AA2017_025,2017-01-31,14:46:11,2017,1,18.18813012,-65.20450272,2059580.638,-7258532.04,2059580.638,-7258532.04,0.001,-38.60419846,38.604,https://nccospublicstor.blob.core.windows.net/biomapper/usviinsularshelf2017/videos/low/AA2017_025.mp4,Present,Absent,Absent,Absent,Present,Absent,Present,Present,Absent,Absent,Absent,,1,0,0,0,1,0,1,1,0,0,0,1,3,4,Pass,Pass,Pass,Pass,Pass,Pass,Pass,Pass,Pass,Pass,Pass,
REC0026,25,25,Benthic Habitat Maps for the Insular Shelf South of St. Thomas and St. John,Puerto Rico,AA,Accuracy Assessment,HD Seaviewer Drop Camera,AA2017_026,2017-01-31,08:34:07,2017,1,18.16114056,-65.20418432,2056418.412,-7258496.596,2056418.412,-7258496.596,0.0,-38.0163002,38.016,https://nccospublicstor.blob.core.windows.net/biomapper/usviinsularshelf2017/videos/low/AA2017_026.mp4,Present,Absent,Absent,Absent,Present,Absent,Present,Absent,Absent,Absent,Absent,1 lionfish,1,0,0,0,1,0,1,0,0,0,0,1,2,3,Pass,Pass,Pass,Pass,Pass,Pass,Pass,Pass,Pass,Pass,Pass,
REC0027,26,26,Benthic Habitat Maps for the Insular Shelf South of St. Thomas and St. John,Puerto Rico,AA,Accuracy Assessment,HD Seaviewer Drop Camera,AA2017_027,2017-01-31,09:07:40,2017,1,18.13804503,-65.20090996,2053712.816,-7258132.096,2053712.816,-7258132.096,0.0,-36.54000092,36.54,https://nccospublicstor.blob.core.windows.net/biomapper/usviinsularshelf2017/videos/low/AA2017_027.mp4,Present,Absent,Absent,Absent,Present,Absent,Present,Absent,Absent,Absent,Absent,1 lionfish; montasteria cavernosa,1,0,0,0,1,0,1,0,0,0,0,1,2,3,Pass,Pass,Pass,Pass,Pass,Pass,Pass,Pass,Pass,Pass,Pass,
REC0028,27,27,Benthic Habitat Maps for the Insular Shelf South of St. Thomas and St. John,Puerto Rico,AA,Accuracy Assessment,HD Seaviewer Drop Camera,AA2017_028,2017-01-31,09:42:38,2017,1,18.12758263,-65.19982359,2052487.284,-7258011.162,2052487.284,-7258011.162,0.0,-22.78899956,22.789,https://nccospublicstor.blob.core.windows.net/biomapper/usviinsularshelf2017/videos/low/AA2017_028.mp4,Absent,Present,Absent,Absent,Present,Present,Present,Present,Absent,Absent,Absent,,0,1,0,0,1,1,1,1,0,0,0,1,4,5,Pass,Pass,Pass,Pass,Pass,Pass,Pass,Pass,Pass,Pass,Pass,
REC0029,28,28,Benthic Habitat Maps for the Insular Shelf South of St. Thomas and St. John,Puerto Rico,AA,Accuracy Assessment,HD Seaviewer Drop Camera,AA2017_029,2017-02-02,12:25:38,2017,2,18.21135747,-65.19971961,2062302.458,-7257999.587,2062302.459,-7257999.587,0.001,-30.55200005,30.552,https://nccospublicstor.blob.core.windows.net/biomapper/usviinsularshelf2017/videos/low/AA2017_029.mp4,Present,Absent,Absent,Absent,Present,Present,Present,Present,Absent,Absent,Absent,,1,0,0,0,1,1,1,1,0,0,0,1,4,5,Pass,Pass,Pass,Pass,Pass,Pass,Pass,Pass,Pass,Pass,Pass,
REC0030,29,29,Benthic Habitat Maps for the Insular Shelf South of St. Thomas and St. John,Puerto Rico,AA,Accuracy Assessment,HD Seaviewer Drop Camera,AA2017_030,2017-01-31,14:39:58,2017,1,18.18254328,-65.19946476,2058926.017,-7257971.217,2058926.017,-7257971.217,0.0,-37.84370041,37.844,https://nccospublicstor.blob.core.windows.net/biomapper/usviinsularshelf2017/videos/low/AA2017_030.mp4,Present,Absent,Absent,Absent,Present,Absent,Present,Present,Absent,Absent,Absent,,1,0,0,0,1,0,1,1,0,0,0,1,3,4,Pass,Pass,Pass,Pass,Pass,Pass,Pass,Pass,Pass,Pass,Pass,
REC0031,30,30,Benthic Habitat Maps for the Insular Shelf South of St. Thomas and St. John,Puerto Rico,AA,Accuracy Assessment,HD Seaviewer Drop Camera,AA2017_031,2017-02-01,13:15:16,2017,2,18.16622558,-65.19681254,2057014.16,-7257675.973,2057014.16,-7257675.973,0.0,-37.52000046,37.52,https://nccospublicstor.blob.core.windows.net/biomapper/usviinsularshelf2017/videos/low/AA2017_031.mp4,Present,Absent,Absent,Absent,Present,Present,Present,Present,Absent,Absent,Absent,30% live hard coral,1,0,0,0,1,1,1,1,0,0,0,1,4,5,Pass,Pass,Pass,Pass,Pass,Pass,Pass,Pass,Pass,Pass,Pass,
REC0032,31,31,Benthic Habitat Maps for the Insular Shelf South of St. Thomas and St. John,Puerto Rico,AA,Accuracy Assessment,HD Seaviewer Drop Camera,AA2017_032,2017-02-02,12:15:29,2017,2,18.2035708,-65.19512509,2061389.963,-7257488.127,2061389.963,-7257488.127,0.0,-34.31579971,34.316,https://nccospublicstor.blob.core.windows.net/biomapper/usviinsularshelf2017/videos/low/AA2017_032.mp4,Present,Absent,Absent,Absent,Present,Absent,Present,Present,Absent,Absent,Absent,,1,0,0,0,1,0,1,1,0,0,0,1,3,4,Pass,Pass,Pass,Pass,Pass,Pass,Pass,Pass,Pass,Pass,Pass,
REC0033,32,32,Benthic Habitat Maps for the Insular Shelf South of St. Thomas and St. John,Puerto Rico,AA,Accuracy Assessment,HD Seaviewer Drop Camera,AA2017_033,2017-01-31,09:15:27,2017,1,18.14304863,-65.19555248,2054298.948,-7257535.704,2054298.947,-7257535.704,0.001,-37.72380066,37.724,https://nccospublicstor.blob.core.windows.net/biomapper/usviinsularshelf2017/videos/low/AA2017_033.mp4,Present,Absent,Absent,Absent,Present,Absent,Present,Absent,Absent,Absent,Absent,pseudodiploria strigosa,1,0,0,0,1,0,1,0,0,0,0,1,2,3,Pass,Pass,Pass,Pass,Pass,Pass,Pass,Pass,Pass,Pass,Pass,
REC0034,33,33,Benthic Habitat Maps for the Insular Shelf South of St. Thomas and St. John,Puerto Rico,AA,Accuracy Assessment,HD Seaviewer Drop Camera,AA2017_034,2017-02-01,13:26:38,2017,2,18.17551078,-65.19412366,2058102.035,-7257376.649,2058102.035,-7257376.649,0.0,-41.51369858,41.514,https://nccospublicstor.blob.core.windows.net/biomapper/usviinsularshelf2017/videos/low/AA2017_034.mp4,Present,Absent,Absent,Absent,Present,Absent,Present,Present,Absent,Absent,Absent,,1,0,0,0,1,0,1,1,0,0,0,1,3,4,Pass,Pass,Pass,Pass,Pass,Pass,Pass,Pass,Pass,Pass,Pass,
REC0035,34,34,Benthic Habitat Maps for the Insular Shelf South of St. Thomas and St. John,Puerto Rico,AA,Accuracy Assessment,HD Seaviewer Drop Camera,AA2017_035,2017-02-02,12:07:05,2017,2,18.20793029,-65.19179996,2061900.833,-7257117.975,2061900.833,-7257117.975,0.0,-30.81839943,30.818,https://nccospublicstor.blob.core.windows.net/biomapper/usviinsularshelf2017/videos/low/AA2017_035.mp4,Present,Absent,Absent,Absent,Present,Present,Present,Absent,Absent,Absent,Absent,,1,0,0,0,1,1,1,0,0,0,0,1,3,4,Pass,Pass,Pass,Pass,Pass,Pass,Pass,Pass,Pass,Pass,Pass,
REC0036,35,35,Benthic Habitat Maps for the Insular Shelf South of St. Thomas and St. John,Puerto Rico,AA,Accuracy Assessment,HD Seaviewer Drop Camera,AA2017_036,2017-01-31,09:23:07,2017,1,18.14178459,-65.1924405,2054150.874,-7257189.28,2054150.874,-7257189.28,0.0,-41.16930008,41.169,https://nccospublicstor.blob.core.windows.net/biomapper/usviinsularshelf2017/videos/low/AA2017_036.mp4,Present,Absent,Absent,Present,Present,Absent,Present,Absent,Absent,Absent,Absent,,1,0,0,1,1,0,1,0,0,0,0,2,2,4,Pass,Pass,Pass,Pass,Pass,Pass,Pass,Pass,Pass,Pass,Pass,
REC0037,36,36,Benthic Habitat Maps for the Insular Shelf South of St. Thomas and St. John,Puerto Rico,AA,Accuracy Assessment,HD Seaviewer Drop Camera,AA2017_037,2017-02-02,12:33:52,2017,2,18.22329415,-65.19425565,2063701.36,-7257391.342,2063701.36,-7257391.342,0.0,-26.99110031,26.991,https://nccospublicstor.blob.core.windows.net/biomapper/usviinsularshelf2017/videos/low/AA2017_037.mp4,Present,Absent,Absent,Absent,Present,Absent,Present,Absent,Absent,Absent,Absent,,1,0,0,0,1,0,1,0,0,0,0,1,2,3,Pass,Pass,Pass,Pass,Pass,Pass,Pass,Pass,Pass,Pass,Pass,
REC0038,37,37,Benthic Habitat Maps for the Insular Shelf South of St. Thomas and St. John,Puerto Rico,AA,Accuracy Assessment,HD Seaviewer Drop Camera,AA2017_038,2017-02-02,10:24:52,2017,2,18.19390382,-65.18999967,2060257.177,-7256917.568,2060257.176,-7256917.568,0.001,-35.85039902,35.85,https://nccospublicstor.blob.core.windows.net/biomapper/usviinsularshelf2017/videos/low/AA2017_038.mp4,Present,Absent,Absent,Absent,Present,Absent,Present,Present,Absent,Absent,Absent,,1,0,0,0,1,0,1,1,0,0,0,1,3,4,Pass,Pass,Pass,Pass,Pass,Pass,Pass,Pass,Pass,Pass,Pass,
REC0039,38,38,Benthic Habitat Maps for the Insular Shelf South of St. Thomas and St. John,Puerto Rico,AA,Accuracy Assessment,HD Seaviewer Drop Camera,AA2017_040,2017-01-31,09:30:44,2017,1,18.13674675,-65.18710941,2053560.736,-7256595.826,2053560.736,-7256595.826,0.0,-47.23770142,47.238,https://nccospublicstor.blob.core.windows.net/biomapper/usviinsularshelf2017/videos/low/AA2017_040.mp4,Present,Absent,Present,Absent,Present,Absent,Absent,Absent,Absent,Absent,Absent,Camera dropped on agg reef/rhodo boundary.  GPS points look to be on rhodos,1,0,1,0,1,0,0,0,0,0,0,2,1,3,Pass,Pass,Pass,Pass,Pass,Pass,Pass,Pass,Pass,Pass,Pass,
REC0040,39,39,Benthic Habitat Maps for the Insular Shelf South of St. Thomas and St. John,Puerto Rico,AA,Accuracy Assessment,HD Seaviewer Drop Camera,AA2017_041,2017-02-02,10:56:25,2017,2,18.20404056,-65.18761895,2061445.012,-7256652.548,2061445.012,-7256652.548,0.001,-33.58959961,33.59,https://nccospublicstor.blob.core.windows.net/biomapper/usviinsularshelf2017/videos/low/AA2017_041.mp4,Present,Absent,Absent,Absent,Present,Present,Present,Absent,Absent,Absent,Absent,,1,0,0,0,1,1,1,0,0,0,0,1,3,4,Pass,Pass,Pass,Pass,Pass,Pass,Pass,Pass,Pass,Pass,Pass,
REC0041,40,40,Benthic Habitat Maps for the Insular Shelf South of St. Thomas and St. John,Puerto Rico,AA,Accuracy Assessment,HD Seaviewer Drop Camera,AA2017_042,2017-02-01,13:37:08,2017,2,18.18100293,-65.18662921,2058745.535,-7256542.37,2058745.535,-7256542.37,0.0,-38.43230057,38.432,https://nccospublicstor.blob.core.windows.net/biomapper/usviinsularshelf2017/videos/low/AA2017_042.mp4,Present,Absent,Absent,Absent,Present,Absent,Present,Absent,Absent,Absent,Absent,Isophyllia rigida,1,0,0,0,1,0,1,0,0,0,0,1,2,3,Pass,Pass,Pass,Pass,Pass,Pass,Pass,Pass,Pass,Pass,Pass,
REC0042,41,41,Benthic Habitat Maps for the Insular Shelf South of St. Thomas and St. John,Puerto Rico,AA,Accuracy Assessment,HD Seaviewer Drop Camera,AA2017_043,2017-02-01,13:01:50,2017,2,18.16889562,-65.18605764,2057326.982,-7256478.743,2057326.982,-7256478.743,0.0,-37.37440109,37.374,https://nccospublicstor.blob.core.windows.net/biomapper/usviinsularshelf2017/videos/low/AA2017_043.mp4,Present,Absent,Absent,Absent,Present,Present,Absent,Present,Absent,Absent,Absent,40-50% live hard coral,1,0,0,0,1,1,0,1,0,0,0,1,3,4,Pass,Pass,Pass,Pass,Pass,Pass,Pass,Pass,Pass,Pass,Pass,
REC0043,42,42,Benthic Habitat Maps for the Insular Shelf South of St. Thomas and St. John,Puerto Rico,AA,Accuracy Assessment,HD Seaviewer Drop Camera,AA2017_044,2017-02-02,10:17:24,2017,2,18.19662479,-65.18281047,2060576.016,-7256117.27,2060576.016,-7256117.27,0.0,-34.59109879,34.591,https://nccospublicstor.blob.core.windows.net/biomapper/usviinsularshelf2017/videos/low/AA2017_044.mp4,Present,Absent,Absent,Absent,Present,Absent,Present,Present,Absent,Absent,Absent,,1,0,0,0,1,0,1,1,0,0,0,1,3,4,Pass,Pass,Pass,Pass,Pass,Pass,Pass,Pass,Pass,Pass,Pass,
REC0044,43,43,Benthic Habitat Maps for the Insular Shelf South of St. Thomas and St. John,Puerto Rico,AA,Accuracy Assessment,HD Seaviewer Drop Camera,AA2017_045,2017-02-02,10:36:23,2017,2,18.21212612,-65.18255946,2062392.536,-7256089.328,2062392.536,-7256089.328,0.001,-41.11619949,41.116,https://nccospublicstor.blob.core.windows.net/biomapper/usviinsularshelf2017/videos/low/AA2017_045.mp4,Absent,Absent,Absent,Present,Absent,Absent,Absent,Absent,Absent,Absent,Absent,This site is on the edge of agg reef.  GPS point in agg reef.  Reassess when doing AA.,0,0,0,1,0,0,0,0,0,0,0,1,0,1,Pass,Pass,Pass,Pass,Pass,Pass,Pass,Pass,Pass,Pass,Pass,
REC0045,44,44,Benthic Habitat Maps for the Insular Shelf South of St. Thomas and St. John,Puerto Rico,AA,Accuracy Assessment,HD Seaviewer Drop Camera,AA2017_047,2017-02-02,10:49:15,2017,2,18.2082291,-65.18130476,2061935.85,-7255949.655,2061935.85,-7255949.655,0.0,-34.61930084,34.619,https://nccospublicstor.blob.core.windows.net/biomapper/usviinsularshelf2017/videos/low/AA2017_047.mp4,Present,Absent,Absent,Absent,Present,Absent,Present,Present,Absent,Absent,Absent,,1,0,0,0,1,0,1,1,0,0,0,1,3,4,Pass,Pass,Pass,Pass,Pass,Pass,Pass,Pass,Pass,Pass,Pass,
REC0046,45,45,Benthic Habitat Maps for the Insular Shelf South of St. Thomas and St. John,Puerto Rico,AA,Accuracy Assessment,HD Seaviewer Drop Camera,AA2017_048,2017-02-01,13:49:02,2017,2,18.17996355,-65.17839068,2058623.752,-7255625.261,2058623.752,-7255625.261,0.0,-39.44869995,39.449,https://nccospublicstor.blob.core.windows.net/biomapper/usviinsularshelf2017/videos/low/AA2017_048.mp4,Present,Absent,Absent,Absent,Present,Absent,Present,Absent,Absent,Absent,Absent,,1,0,0,0,1,0,1,0,0,0,0,1,2,3,Pass,Pass,Pass,Pass,Pass,Pass,Pass,Pass,Pass,Pass,Pass,
REC0047,46,46,Benthic Habitat Maps for the Insular Shelf South of St. Thomas and St. John,Puerto Rico,AA,Accuracy Assessment,HD Seaviewer Drop Camera,AA2017_049,2017-02-01,12:53:40,2017,2,18.16743751,-65.17738314,2057156.149,-7255513.102,2057156.149,-7255513.102,0.0,-43.40999985,43.41,https://nccospublicstor.blob.core.windows.net/biomapper/usviinsularshelf2017/videos/low/AA2017_049.mp4,Present,Absent,Absent,Absent,Present,Absent,Present,Present,Absent,Absent,Absent,,1,0,0,0,1,0,1,1,0,0,0,1,3,4,Pass,Pass,Pass,Pass,Pass,Pass,Pass,Pass,Pass,Pass,Pass,
REC0048,47,47,Benthic Habitat Maps for the Insular Shelf South of St. Thomas and St. John,Puerto Rico,AA,Accuracy Assessment,HD Seaviewer Drop Camera,AA2017_050,2017-02-02,12:46:06,2017,2,18.23036214,-65.17726519,2064529.728,-7255499.972,2064529.728,-7255499.972,0.0,-32.36220169,32.362,https://nccospublicstor.blob.core.windows.net/biomapper/usviinsularshelf2017/videos/low/AA2017_050.mp4,Present,Absent,Absent,Absent,Present,Present,Present,Present,Absent,Absent,Absent,Sand visible on decent,1,0,0,0,1,1,1,1,0,0,0,1,4,5,Pass,Pass,Pass,Pass,Pass,Pass,Pass,Pass,Pass,Pass,Pass,
REC0049,48,48,Benthic Habitat Maps for the Insular Shelf South of St. Thomas and St. John,Puerto Rico,AA,Accuracy Assessment,HD Seaviewer Drop Camera,AA2017_051,2017-02-02,09:51:24,2017,2,18.19917464,-65.17617978,2060874.809,-7255379.145,2060874.809,-7255379.145,0.0,-41.79050064,41.791,https://nccospublicstor.blob.core.windows.net/biomapper/usviinsularshelf2017/videos/low/AA2017_051.mp4,Present,Absent,Absent,Present,Present,Absent,Present,Present,Absent,Absent,Absent,,1,0,0,1,1,0,1,1,0,0,0,2,3,5,Pass,Pass,Pass,Pass,Pass,Pass,Pass,Pass,Pass,Pass,Pass,
REC0050,49,49,Benthic Habitat Maps for the Insular Shelf South of St. Thomas and St. John,Puerto Rico,AA,Accuracy Assessment,HD Seaviewer Drop Camera,AA2017_052,2017-02-02,10:08:14,2017,2,18.20793334,-65.17472332,2061901.19,-7255217.013,2061901.19,-7255217.013,0.001,-37.98460007,37.985,https://nccospublicstor.blob.core.windows.net/biomapper/usviinsularshelf2017/videos/low/AA2017_052.mp4,Present,Absent,Absent,Present,Present,Absent,Present,Present,Absent,Absent,Absent,,1,0,0,1,1,0,1,1,0,0,0,2,3,5,Pass,Pass,Pass,Pass,Pass,Pass,Pass,Pass,Pass,Pass,Pass,
REC0051,50,50,Benthic Habitat Maps for the Insular Shelf South of St. Thomas and St. John,Puerto Rico,AA,Accuracy Assessment,HD Seaviewer Drop Camera,AA2017_053,2017-02-01,13:59:05,2017,2,18.18482781,-65.17350963,2059193.698,-7255081.905,2059193.698,-7255081.905,0.0,-38.2580986,38.258,https://nccospublicstor.blob.core.windows.net/biomapper/usviinsularshelf2017/videos/low/AA2017_053.mp4,Present,Absent,Absent,Absent,Present,Present,Present,Absent,Absent,Absent,Absent,,1,0,0,0,1,1,1,0,0,0,0,1,3,4,Pass,Pass,Pass,Pass,Pass,Pass,Pass,Pass,Pass,Pass,Pass,
REC0052,51,51,Benthic Habitat Maps for the Insular Shelf South of St. Thomas and St. John,Puerto Rico,AA,Accuracy Assessment,HD Seaviewer Drop Camera,AA2017_054,2017-02-02,10:00:35,2017,2,18.20959388,-65.17091066,2062095.785,-7254792.589,2062095.785,-7254792.589,0.0,-36.99919891,36.999,https://nccospublicstor.blob.core.windows.net/biomapper/usviinsularshelf2017/videos/low/AA2017_054.mp4,Present,Absent,Absent,Present,Present,Present,Present,Present,Absent,Absent,Absent,,1,0,0,1,1,1,1,1,0,0,0,2,4,6,Pass,Pass,Pass,Pass,Pass,Pass,Pass,Pass,Pass,Pass,Pass,
REC0053,52,52,Benthic Habitat Maps for the Insular Shelf South of St. Thomas and St. John,Puerto Rico,AA,Accuracy Assessment,HD Seaviewer Drop Camera,AA2017_055,2017-02-02,12:56:17,2017,2,18.22181874,-65.17008645,2063528.446,-7254700.839,2063528.446,-7254700.839,0.001,-38.06769943,38.068,https://nccospublicstor.blob.core.windows.net/biomapper/usviinsularshelf2017/videos/low/AA2017_055.mp4,Present,Absent,Absent,Absent,Present,Absent,Present,Absent,Absent,Absent,Absent,,1,0,0,0,1,0,1,0,0,0,0,1,2,3,Pass,Pass,Pass,Pass,Pass,Pass,Pass,Pass,Pass,Pass,Pass,
REC0054,53,53,Benthic Habitat Maps for the Insular Shelf South of St. Thomas and St. John,Puerto Rico,AA,Accuracy Assessment,HD Seaviewer Drop Camera,AA2017_057,2017-02-02,09:36:48,2017,2,18.18200846,-65.16211936,2058863.352,-7253813.946,2058863.352,-7253813.946,0.0,-40.24909973,40.249,https://nccospublicstor.blob.core.windows.net/biomapper/usviinsularshelf2017/videos/low/AA2017_057.mp4,Present,Absent,Absent,Absent,Present,Present,Present,Present,Absent,Absent,Absent,,1,0,0,0,1,1,1,1,0,0,0,1,4,5,Pass,Pass,Pass,Pass,Pass,Pass,Pass,Pass,Pass,Pass,Pass,
REC0055,54,54,Benthic Habitat Maps for the Insular Shelf South of St. Thomas and St. John,Puerto Rico,AA,Accuracy Assessment,HD Seaviewer Drop Camera,AA2017_058,2017-02-01,12:33:57,2017,2,18.1708677,-65.15965372,2057558.034,-7253539.472,2057558.034,-7253539.472,0.0,-47.0625,47.062,https://nccospublicstor.blob.core.windows.net/biomapper/usviinsularshelf2017/videos/low/AA2017_058.mp4,Present,Absent,Present,Present,Present,Absent,Present,Present,Absent,Absent,Absent,,1,0,1,1,1,0,1,1,0,0,0,3,3,6,Pass,Pass,Pass,Pass,Pass,Pass,Pass,Pass,Pass,Pass,Pass,
REC0056,55,55,Benthic Habitat Maps for the Insular Shelf South of St. Thomas and St. John,Puerto Rico,AA,Accuracy Assessment,HD Seaviewer Drop Camera,AA2017_059,2017-02-02,13:44:27,2017,2,18.24087282,-65.16122472,2065761.641,-7253714.355,2065761.641,-7253714.355,0.0,-34.46409988,34.464,https://nccospublicstor.blob.core.windows.net/biomapper/usviinsularshelf2017/videos/low/AA2017_059.mp4,Present,Absent,Absent,Present,Present,Absent,Present,Absent,Absent,Absent,Absent,,1,0,0,1,1,0,1,0,0,0,0,2,2,4,Pass,Pass,Pass,Pass,Pass,Pass,Pass,Pass,Pass,Pass,Pass,
REC0057,56,56,Benthic Habitat Maps for the Insular Shelf South of St. Thomas and St. John,Puerto Rico,AA,Accuracy Assessment,HD Seaviewer Drop Camera,AA2017_060,2017-02-02,13:07:03,2017,2,18.21632465,-65.16004563,2062884.568,-7253583.1,2062884.568,-7253583.1,0.0,-35.2806015,35.281,https://nccospublicstor.blob.core.windows.net/biomapper/usviinsularshelf2017/videos/low/AA2017_060.mp4,Present,Absent,Absent,Absent,Present,Absent,Present,Present,Absent,Absent,Absent,Sand visible on decent,1,0,0,0,1,0,1,1,0,0,0,1,3,4,Pass,Pass,Pass,Pass,Pass,Pass,Pass,Pass,Pass,Pass,Pass,
REC0058,57,57,Benthic Habitat Maps for the Insular Shelf South of St. Thomas and St. John,Puerto Rico,AA,Accuracy Assessment,HD Seaviewer Drop Camera,AA2017_061,2017-02-01,12:42:46,2017,2,18.17427942,-65.15899631,2057957.763,-7253466.29,2057957.763,-7253466.29,0.0,-45.29130173,45.291,https://nccospublicstor.blob.core.windows.net/biomapper/usviinsularshelf2017/videos/low/AA2017_061.mp4,Present,Absent,Absent,Present,Present,Absent,Present,Present,Absent,Absent,Absent,,1,0,0,1,1,0,1,1,0,0,0,2,3,5,Pass,Pass,Pass,Pass,Pass,Pass,Pass,Pass,Pass,Pass,Pass,
REC0059,58,58,Benthic Habitat Maps for the Insular Shelf South of St. Thomas and St. John,Puerto Rico,AA,Accuracy Assessment,HD Seaviewer Drop Camera,AA2017_062,2017-02-02,09:08:09,2017,2,18.19540323,-65.1575891,2060432.875,-7253309.64,2060432.875,-7253309.64,0.0,-42.37889862,42.379,https://nccospublicstor.blob.core.windows.net/biomapper/usviinsularshelf2017/videos/low/AA2017_062.mp4,Present,Absent,Absent,Absent,Present,Absent,Present,Present,Absent,Absent,Absent,,1,0,0,0,1,0,1,1,0,0,0,1,3,4,Pass,Pass,Pass,Pass,Pass,Pass,Pass,Pass,Pass,Pass,Pass,
REC0060,59,59,Benthic Habitat Maps for the Insular Shelf South of St. Thomas and St. John,Puerto Rico,AA,Accuracy Assessment,HD Seaviewer Drop Camera,AA2017_063,2017-02-02,13:35:31,2017,2,18.22752069,-65.15711627,2064196.706,-7253257.005,2064196.706,-7253257.005,0.0,-36.00939941,36.009,https://nccospublicstor.blob.core.windows.net/biomapper/usviinsularshelf2017/videos/low/AA2017_063.mp4,Present,Absent,Absent,Absent,Present,Absent,Present,Absent,Absent,Absent,Absent,,1,0,0,0,1,0,1,0,0,0,0,1,2,3,Pass,Pass,Pass,Pass,Pass,Pass,Pass,Pass,Pass,Pass,Pass,
REC0061,60,60,Benthic Habitat Maps for the Insular Shelf South of St. Thomas and St. John,Puerto Rico,AA,Accuracy Assessment,HD Seaviewer Drop Camera,AA2017_064,2017-02-01,12:23:50,2017,2,18.17256266,-65.15258379,2057756.62,-7252752.451,2057756.62,-7252752.451,0.0,-45.06380081,45.064,https://nccospublicstor.blob.core.windows.net/biomapper/usviinsularshelf2017/videos/low/AA2017_064.mp4,Present,Absent,Absent,Present,Present,Absent,Present,Absent,Absent,Absent,Absent,,1,0,0,1,1,0,1,0,0,0,0,2,2,4,Pass,Pass,Pass,Pass,Pass,Pass,Pass,Pass,Pass,Pass,Pass,
REC0062,61,61,Benthic Habitat Maps for the Insular Shelf South of St. Thomas and St. John,Puerto Rico,AA,Accuracy Assessment,HD Seaviewer Drop Camera,AA2017_065,2017-02-02,08:57:19,2017,2,18.20996105,-65.15200011,2062138.813,-7252687.476,2062138.813,-7252687.476,0.001,-39.13180161,39.132,https://nccospublicstor.blob.core.windows.net/biomapper/usviinsularshelf2017/videos/low/AA2017_065.mp4,Present,Absent,Absent,Absent,Present,Absent,Present,Present,Absent,Absent,Absent,,1,0,0,0,1,0,1,1,0,0,0,1,3,4,Pass,Pass,Pass,Pass,Pass,Pass,Pass,Pass,Pass,Pass,Pass,
REC0063,62,62,Benthic Habitat Maps for the Insular Shelf South of St. Thomas and St. John,Puerto Rico,AA,Accuracy Assessment,HD Seaviewer Drop Camera,AA2017_066,2017-02-02,09:28:47,2017,2,18.18110965,-65.15141448,2058758.039,-7252622.284,2058758.039,-7252622.284,0.0,-45.29499817,45.295,https://nccospublicstor.blob.core.windows.net/biomapper/usviinsularshelf2017/videos/low/AA2017_066.mp4,Present,Absent,Absent,Absent,Present,Absent,Present,Present,Absent,Absent,Absent,,1,0,0,0,1,0,1,1,0,0,0,1,3,4,Pass,Pass,Pass,Pass,Pass,Pass,Pass,Pass,Pass,Pass,Pass,
REC0064,63,63,Benthic Habitat Maps for the Insular Shelf South of St. Thomas and St. John,Puerto Rico,AA,Accuracy Assessment,HD Seaviewer Drop Camera,AA2017_067,2017-02-02,13:28:54,2017,2,18.22907836,-65.15181224,2064379.266,-7252666.563,2064379.266,-7252666.563,0.0,-37.1332016,37.133,https://nccospublicstor.blob.core.windows.net/biomapper/usviinsularshelf2017/videos/low/AA2017_067.mp4,Present,Absent,Absent,Present,Present,Absent,Present,Present,Absent,Absent,Absent,large Porites porites,1,0,0,1,1,0,1,1,0,0,0,2,3,5,Pass,Pass,Pass,Pass,Pass,Pass,Pass,Pass,Pass,Pass,Pass,
REC0065,64,64,Benthic Habitat Maps for the Insular Shelf South of St. Thomas and St. John,Puerto Rico,AA,Accuracy Assessment,HD Seaviewer Drop Camera,AA2017_068,2017-02-02,09:19:27,2017,2,18.18648988,-65.14970653,2059388.446,-7252432.156,2059388.446,-7252432.156,0.0,-37.24010086,37.24,https://nccospublicstor.blob.core.windows.net/biomapper/usviinsularshelf2017/videos/low/AA2017_068.mp4,Present,Absent,Absent,Absent,Present,Present,Present,Present,Absent,Absent,Absent,,1,0,0,0,1,1,1,1,0,0,0,1,4,5,Pass,Pass,Pass,Pass,Pass,Pass,Pass,Pass,Pass,Pass,Pass,
REC0066,65,65,Benthic Habitat Maps for the Insular Shelf South of St. Thomas and St. John,Puerto Rico,AA,Accuracy Assessment,HD Seaviewer Drop Camera,AA2017_069,2017-02-01,12:15:41,2017,2,18.17389589,-65.14510105,2057912.827,-7251919.477,2057912.827,-7251919.477,0.001,-41.47000122,41.47,https://nccospublicstor.blob.core.windows.net/biomapper/usviinsularshelf2017/videos/low/AA2017_069.mp4,Present,Absent,Absent,Absent,Present,Absent,Present,Present,Absent,Absent,Absent,,1,0,0,0,1,0,1,1,0,0,0,1,3,4,Pass,Pass,Pass,Pass,Pass,Pass,Pass,Pass,Pass,Pass,Pass,
REC0067,66,66,Benthic Habitat Maps for the Insular Shelf South of St. Thomas and St. John,Puerto Rico,AA,Accuracy Assessment,HD Seaviewer Drop Camera,AA2017_071,2017-02-01,12:06:50,2017,2,18.17965653,-65.14406848,2058587.779,-7251804.531,2058587.779,-7251804.531,0.0,-44.99629974,44.996,https://nccospublicstor.blob.core.windows.net/biomapper/usviinsularshelf2017/videos/low/AA2017_071.mp4,Present,Absent,Absent,Present,Present,Absent,Present,Absent,Absent,Absent,Absent,great barracuda,1,0,0,1,1,0,1,0,0,0,0,2,2,4,Pass,Pass,Pass,Pass,Pass,Pass,Pass,Pass,Pass,Pass,Pass,
REC0068,67,67,Benthic Habitat Maps for the Insular Shelf South of St. Thomas and St. John,Puerto Rico,AA,Accuracy Assessment,HD Seaviewer Drop Camera,AA2017_072,2017-02-02,08:48:21,2017,2,18.2109251,-65.14325,2062251.789,-7251713.419,2062251.789,-7251713.419,0.001,-40.93809891,40.938,https://nccospublicstor.blob.core.windows.net/biomapper/usviinsularshelf2017/videos/low/AA2017_072.mp4,Absent,Present,Present,Present,Absent,Absent,Absent,Present,Absent,Absent,Absent,,0,1,1,1,0,0,0,1,0,0,0,3,1,4,Pass,Pass,Pass,Pass,Pass,Pass,Pass,Pass,Pass,Pass,Pass,
REC0069,68,68,Benthic Habitat Maps for the Insular Shelf South of St. Thomas and St. John,Puerto Rico,AA,Accuracy Assessment,HD Seaviewer Drop Camera,AA2017_073,2017-02-02,13:20:18,2017,2,18.23199146,-65.14203332,2064720.689,-7251577.978,2064720.689,-7251577.978,0.0,-31.50589943,31.506,https://nccospublicstor.blob.core.windows.net/biomapper/usviinsularshelf2017/videos/low/AA2017_073.mp4,Present,Absent,Absent,Absent,Present,Present,Present,Present,Absent,Absent,Absent,,1,0,0,0,1,1,1,1,0,0,0,1,4,5,Pass,Pass,Pass,Pass,Pass,Pass,Pass,Pass,Pass,Pass,Pass,
REC0070,69,69,Benthic Habitat Maps for the Insular Shelf South of St. Thomas and St. John,Puerto Rico,AA,Accuracy Assessment,HD Seaviewer Drop Camera,AA2017_074,2017-02-02,08:15:38,2017,2,18.21569861,-65.14057967,2062811.201,-7251416.159,2062811.201,-7251416.159,0.0,-40.62760162,40.628,https://nccospublicstor.blob.core.windows.net/biomapper/usviinsularshelf2017/videos/low/AA2017_074.mp4,Present,Absent,Absent,Present,Present,Absent,Absent,Absent,Absent,Absent,Absent,,1,0,0,1,1,0,0,0,0,0,0,2,1,3,Pass,Pass,Pass,Pass,Pass,Pass,Pass,Pass,Pass,Pass,Pass,
REC0071,70,70,Benthic Habitat Maps for the Insular Shelf South of St. Thomas and St. John,Puerto Rico,AA,Accuracy Assessment,HD Seaviewer Drop Camera,AA2017_075,2017-02-01,11:52:13,2017,2,18.17862086,-65.13925064,2058466.432,-7251268.212,2058466.432,-7251268.212,0.0,-38.20859909,38.209,https://nccospublicstor.blob.core.windows.net/biomapper/usviinsularshelf2017/videos/low/AA2017_075.mp4,Present,Absent,Absent,Absent,Present,Absent,Present,Absent,Absent,Absent,Absent,20-30% live hard coral cover,1,0,0,0,1,0,1,0,0,0,0,1,2,3,Pass,Pass,Pass,Pass,Pass,Pass,Pass,Pass,Pass,Pass,Pass,
REC0072,71,71,Benthic Habitat Maps for the Insular Shelf South of St. Thomas and St. John,Puerto Rico,AA,Accuracy Assessment,HD Seaviewer Drop Camera,AA2017_076,2017-02-01,11:43:29,2017,2,18.18439393,-65.13745294,2059142.859,-7251068.093,2059142.859,-7251068.093,0.0,-42.95470047,42.955,https://nccospublicstor.blob.core.windows.net/biomapper/usviinsularshelf2017/videos/low/AA2017_076.mp4,Present,Absent,Absent,Present,Present,Absent,Present,Absent,Absent,Absent,Absent,,1,0,0,1,1,0,1,0,0,0,0,2,2,4,Pass,Pass,Pass,Pass,Pass,Pass,Pass,Pass,Pass,Pass,Pass,
REC0073,72,72,Benthic Habitat Maps for the Insular Shelf South of St. Thomas and St. John,Puerto Rico,AA,Accuracy Assessment,HD Seaviewer Drop Camera,AA2017_077,2017-02-02,08:37:14,2017,2,18.21231408,-65.13668855,2062414.563,-7250983.001,2062414.563,-7250983.001,0.001,-40.98740005,40.987,https://nccospublicstor.blob.core.windows.net/biomapper/usviinsularshelf2017/videos/low/AA2017_077.mp4,Absent,Absent,Absent,Present,Absent,Absent,Absent,Absent,Absent,Present,Absent,Line; Patch reefs nearby,0,0,0,1,0,0,0,0,0,1,0,1,0,2,Pass,Pass,Pass,Pass,Pass,Pass,Pass,Pass,Pass,Pass,Pass,
REC0074,73,73,Benthic Habitat Maps for the Insular Shelf South of St. Thomas and St. John,Puerto Rico,AA,Accuracy Assessment,HD Seaviewer Drop Camera,AA2017_078,2017-02-01,11:33:35,2017,2,18.19999502,-65.13899578,2060970.942,-7251239.841,2060970.942,-7251239.841,0.0,-38.05469894,38.055,https://nccospublicstor.blob.core.windows.net/biomapper/usviinsularshelf2017/videos/low/AA2017_078.mp4,Present,Absent,Absent,Absent,Present,Present,Present,Present,Absent,Absent,Absent,,1,0,0,0,1,1,1,1,0,0,0,1,4,5,Pass,Pass,Pass,Pass,Pass,Pass,Pass,Pass,Pass,Pass,Pass,
REC0075,74,74,Benthic Habitat Maps for the Insular Shelf South of St. Thomas and St. John,"St. Thomas, USVI",AA,Accuracy Assessment,HD Seaviewer Drop Camera,AA2017_079,2017-02-02,14:02:48,2017,2,18.27075461,-65.1334338,2069264.368,-7250620.684,2069264.368,-7250620.684,0.0,-32.21670151,32.217,https://nccospublicstor.blob.core.windows.net/biomapper/usviinsularshelf2017/videos/low/AA2017_079.mp4,Present,Absent,Absent,Present,Present,Present,Present,Present,Absent,Absent,Absent,,1,0,0,1,1,1,1,1,0,0,0,2,4,6,Pass,Pass,Pass,Pass,Pass,Pass,Pass,Pass,Pass,Pass,Pass,
REC0076,75,75,Benthic Habitat Maps for the Insular Shelf South of St. Thomas and St. John,"St. Thomas, USVI",AA,Accuracy Assessment,HD Seaviewer Drop Camera,AA2017_080,2017-02-02,14:09:25,2017,2,18.28241923,-65.13127599,2070631.852,-7250380.478,2070631.852,-7250380.478,0.0,-24.99839973,24.998,https://nccospublicstor.blob.core.windows.net/biomapper/usviinsularshelf2017/videos/low/AA2017_080.mp4,Present,Absent,Absent,Absent,Present,Absent,Present,Present,Absent,Absent,Absent,low rugosity agg reef,1,0,0,0,1,0,1,1,0,0,0,1,3,4,Pass,Pass,Pass,Pass,Pass,Pass,Pass,Pass,Pass,Pass,Pass,
REC0077,76,76,Benthic Habitat Maps for the Insular Shelf South of St. Thomas and St. John,"St. Thomas, USVI",AA,Accuracy Assessment,HD Seaviewer Drop Camera,AA2017_081,2017-02-01,11:25:19,2017,2,18.19996528,-65.13053616,2060967.457,-7250298.12,2060967.457,-7250298.12,0.0,-41.14479828,41.145,https://nccospublicstor.blob.core.windows.net/biomapper/usviinsularshelf2017/videos/low/AA2017_081.mp4,Present,Absent,Absent,Present,Present,Absent,Absent,Present,Absent,Absent,Absent,,1,0,0,1,1,0,0,1,0,0,0,2,2,4,Pass,Pass,Pass,Pass,Pass,Pass,Pass,Pass,Pass,Pass,Pass,
REC0078,77,77,Benthic Habitat Maps for the Insular Shelf South of St. Thomas and St. John,"St. Thomas, USVI",AA,Accuracy Assessment,HD Seaviewer Drop Camera,AA2017_082,2017-02-01,11:10:56,2017,2,18.21665292,-65.12950517,2062923.039,-7250183.351,2062923.039,-7250183.351,0.0,-40.69530106,40.695,https://nccospublicstor.blob.core.windows.net/biomapper/usviinsularshelf2017/videos/low/AA2017_082.mp4,Present,Absent,Absent,Present,Present,Absent,Present,Present,Absent,Absent,Absent,,1,0,0,1,1,0,1,1,0,0,0,2,3,5,Pass,Pass,Pass,Pass,Pass,Pass,Pass,Pass,Pass,Pass,Pass,
REC0079,78,78,Benthic Habitat Maps for the Insular Shelf South of St. Thomas and St. John,"St. Thomas, USVI",AA,Accuracy Assessment,HD Seaviewer Drop Camera,AA2017_083,2017-01-30,13:33:33,2017,1,18.18446156,-65.12445317,2059150.784,-7249620.965,2059150.784,-7249620.965,0.0,-42.91239929,42.912,https://nccospublicstor.blob.core.windows.net/biomapper/usviinsularshelf2017/videos/low/AA2017_083.mp4,Present,Absent,Absent,Present,Present,Absent,Present,Absent,Absent,Absent,Absent,Spur and groove habitat,1,0,0,1,1,0,1,0,0,0,0,2,2,4,Pass,Pass,Pass,Pass,Pass,Pass,Pass,Pass,Pass,Pass,Pass,
REC0080,79,79,Benthic Habitat Maps for the Insular Shelf South of St. Thomas and St. John,"St. Thomas, USVI",AA,Accuracy Assessment,HD Seaviewer Drop Camera,AA2017_084,2017-02-01,11:02:43,2017,2,18.21978329,-65.1217625,2063289.9,-7249321.441,2063289.9,-7249321.441,0.0,-40.18569946,40.186,https://nccospublicstor.blob.core.windows.net/biomapper/usviinsularshelf2017/videos/low/AA2017_084.mp4,Present,Absent,Absent,Present,Present,Absent,Present,Present,Absent,Absent,Absent,,1,0,0,1,1,0,1,1,0,0,0,2,3,5,Pass,Pass,Pass,Pass,Pass,Pass,Pass,Pass,Pass,Pass,Pass,
REC0081,80,80,Benthic Habitat Maps for the Insular Shelf South of St. Thomas and St. John,"St. Thomas, USVI",AA,Accuracy Assessment,HD Seaviewer Drop Camera,AA2017_085,2017-01-30,13:46:38,2017,1,18.18962653,-65.12108076,2059755.979,-7249245.55,2059755.979,-7249245.55,0.0,-41.8280983,41.828,https://nccospublicstor.blob.core.windows.net/biomapper/usviinsularshelf2017/videos/low/AA2017_085.mp4,Present,Absent,Absent,Absent,Present,Absent,Present,Absent,Absent,Absent,Absent,,1,0,0,0,1,0,1,0,0,0,0,1,2,3,Pass,Pass,Pass,Pass,Pass,Pass,Pass,Pass,Pass,Pass,Pass,
REC0082,81,81,Benthic Habitat Maps for the Insular Shelf South of St. Thomas and St. John,"St. Thomas, USVI",AA,Accuracy Assessment,HD Seaviewer Drop Camera,AA2017_086,2017-01-30,14:44:03,2017,1,18.21311505,-65.11656772,2062508.43,-7248743.161,2062508.429,-7248743.161,0.001,-33.71549988,33.715,https://nccospublicstor.blob.core.windows.net/biomapper/usviinsularshelf2017/videos/low/AA2017_086.mp4,Present,Absent,Absent,Absent,Present,Present,Present,Absent,Absent,Absent,Absent,,1,0,0,0,1,1,1,0,0,0,0,1,3,4,Pass,Pass,Pass,Pass,Pass,Pass,Pass,Pass,Pass,Pass,Pass,
REC0083,82,82,Benthic Habitat Maps for the Insular Shelf South of St. Thomas and St. John,"St. Thomas, USVI",AA,Accuracy Assessment,HD Seaviewer Drop Camera,AA2017_087,2017-02-02,14:18:14,2017,2,18.28502707,-65.116795,2070937.591,-7248768.462,2070937.591,-7248768.461,0.001,-24.3003006,24.3,https://nccospublicstor.blob.core.windows.net/biomapper/usviinsularshelf2017/videos/low/AA2017_087.mp4,Present,Absent,Absent,Present,Present,Present,Absent,Present,Absent,Absent,Absent,"low rugosity agg reef, Diploria labyrinthiformis",1,0,0,1,1,1,0,1,0,0,0,2,3,5,Pass,Pass,Pass,Pass,Pass,Pass,Pass,Pass,Pass,Pass,Pass,
REC0084,83,83,Benthic Habitat Maps for the Insular Shelf South of St. Thomas and St. John,"St. Thomas, USVI",AA,Accuracy Assessment,HD Seaviewer Drop Camera,AA2017_088,2017-02-03,09:21:10,2017,2,18.27355888,-65.11730895,2069593.114,-7248825.674,2069593.114,-7248825.674,0.0,-27.24970055,27.25,https://nccospublicstor.blob.core.windows.net/biomapper/usviinsularshelf2017/videos/low/AA2017_088.mp4,Present,Absent,Absent,Absent,Present,Absent,Present,Present,Absent,Absent,Absent,low rugosity reef; sand present on descent,1,0,0,0,1,0,1,1,0,0,0,1,3,4,Pass,Pass,Pass,Pass,Pass,Pass,Pass,Pass,Pass,Pass,Pass,
REC0085,84,84,Benthic Habitat Maps for the Insular Shelf South of St. Thomas and St. John,"St. Thomas, USVI",AA,Accuracy Assessment,HD Seaviewer Drop Camera,AA2017_089,2017-01-30,14:27:59,2017,1,18.20683532,-65.11356789,2061772.517,-7248409.221,2061772.517,-7248409.221,0.0,-34.89009857,34.89,https://nccospublicstor.blob.core.windows.net/biomapper/usviinsularshelf2017/videos/low/AA2017_089.mp4,Present,Absent,Absent,Absent,Present,Absent,Absent,Absent,Absent,Absent,Absent,Live hard coral 40-50%,1,0,0,0,1,0,0,0,0,0,0,1,1,2,Pass,Pass,Pass,Pass,Pass,Pass,Pass,Pass,Pass,Pass,Pass,
REC0086,85,85,Benthic Habitat Maps for the Insular Shelf South of St. Thomas and St. John,"St. Thomas, USVI",AA,Accuracy Assessment,HD Seaviewer Drop Camera,AA2017_090,2017-01-30,13:17:25,2017,1,18.17674995,-65.110089,2058247.223,-7248021.953,2058247.223,-7248021.953,0.0,-48.07389832,48.074,https://nccospublicstor.blob.core.windows.net/biomapper/usviinsularshelf2017/videos/low/AA2017_090.mp4,Present,Absent,Absent,Absent,Present,Absent,Present,Present,Absent,Absent,Absent,,1,0,0,0,1,0,1,1,0,0,0,1,3,4,Pass,Pass,Pass,Pass,Pass,Pass,Pass,Pass,Pass,Pass,Pass,
REC0087,86,86,Benthic Habitat Maps for the Insular Shelf South of St. Thomas and St. John,"St. Thomas, USVI",AA,Accuracy Assessment,HD Seaviewer Drop Camera,AA2017_091,2017-01-30,13:24:29,2017,1,18.1803757,-65.11029608,2058672.043,-7248045.005,2058672.043,-7248045.005,0.0,-36.52130127,36.521,https://nccospublicstor.blob.core.windows.net/biomapper/usviinsularshelf2017/videos/low/AA2017_091.mp4,Present,Absent,Absent,Absent,Present,Absent,Present,Absent,Absent,Absent,Absent,Live hard coral 60-70%; Orbicella franksi; Undaria spp.,1,0,0,0,1,0,1,0,0,0,0,1,2,3,Pass,Pass,Pass,Pass,Pass,Pass,Pass,Pass,Pass,Pass,Pass,
REC0088,87,87,Benthic Habitat Maps for the Insular Shelf South of St. Thomas and St. John,"St. Thomas, USVI",AA,Accuracy Assessment,HD Seaviewer Drop Camera,AA2017_092,2017-01-30,14:45:08,2017,1,18.21295014,-65.11665239,2062489.104,-7248752.586,2062489.104,-7248752.586,0.0,-33.55519867,33.555,https://nccospublicstor.blob.core.windows.net/biomapper/usviinsularshelf2017/videos/low/AA2017_092.mp4,Present,Absent,Absent,Absent,Present,Present,Present,Absent,Absent,Absent,Absent,,1,0,0,0,1,1,1,0,0,0,0,1,3,4,Pass,Pass,Pass,Pass,Pass,Pass,Pass,Pass,Pass,Pass,Pass,
REC0089,88,88,Benthic Habitat Maps for the Insular Shelf South of St. Thomas and St. John,"St. Thomas, USVI",AA,Accuracy Assessment,HD Seaviewer Drop Camera,AA2017_093,2017-01-30,14:21:06,2017,1,18.20999649,-65.1098927,2062142.967,-7248000.101,2062142.967,-7248000.101,0.0,-41.5279007,41.528,https://nccospublicstor.blob.core.windows.net/biomapper/usviinsularshelf2017/videos/low/AA2017_093.mp4,Present,Absent,Absent,Present,Present,Absent,Present,Present,Absent,Absent,Absent,,1,0,0,1,1,0,1,1,0,0,0,2,3,5,Pass,Pass,Pass,Pass,Pass,Pass,Pass,Pass,Pass,Pass,Pass,
REC0090,89,89,Benthic Habitat Maps for the Insular Shelf South of St. Thomas and St. John,"St. Thomas, USVI",AA,Accuracy Assessment,HD Seaviewer Drop Camera,AA2017_094,2017-02-03,09:11:01,2017,2,18.27087506,-65.11008525,2069278.489,-7248021.536,2069278.488,-7248021.536,0.001,-27.76519966,27.765,https://nccospublicstor.blob.core.windows.net/biomapper/usviinsularshelf2017/videos/low/AA2017_094.mp4,Present,Absent,Absent,Absent,Present,Absent,Present,Present,Absent,Absent,Absent,,1,0,0,0,1,0,1,1,0,0,0,1,3,4,Pass,Pass,Pass,Pass,Pass,Pass,Pass,Pass,Pass,Pass,Pass,
REC0091,90,90,Benthic Habitat Maps for the Insular Shelf South of St. Thomas and St. John,"St. Thomas, USVI",AA,Accuracy Assessment,HD Seaviewer Drop Camera,AA2017_095,2017-02-03,09:03:18,2017,2,18.28015716,-65.11196698,2070366.655,-7248231.009,2070366.655,-7248231.009,0.0,-27.71879959,27.719,https://nccospublicstor.blob.core.windows.net/biomapper/usviinsularshelf2017/videos/low/AA2017_095.mp4,Present,Absent,Absent,Absent,Present,Present,Present,Present,Absent,Absent,Absent,,1,0,0,0,1,1,1,1,0,0,0,1,4,5,Pass,Pass,Pass,Pass,Pass,Pass,Pass,Pass,Pass,Pass,Pass,
REC0092,91,91,Benthic Habitat Maps for the Insular Shelf South of St. Thomas and St. John,"St. Thomas, USVI",AA,Accuracy Assessment,HD Seaviewer Drop Camera,AA2017_096,2017-02-03,08:28:44,2017,2,18.25200238,-65.10937592,2067066.171,-7247942.573,2067066.171,-7247942.573,0.001,-28.68889999,28.689,https://nccospublicstor.blob.core.windows.net/biomapper/usviinsularshelf2017/videos/low/AA2017_096.mp4,Present,Absent,Absent,Absent,Present,Present,Present,Present,Absent,Absent,Absent,,1,0,0,0,1,1,1,1,0,0,0,1,4,5,Pass,Pass,Pass,Pass,Pass,Pass,Pass,Pass,Pass,Pass,Pass,
REC0093,92,92,Benthic Habitat Maps for the Insular Shelf South of St. Thomas and St. John,"St. Thomas, USVI",AA,Accuracy Assessment,HD Seaviewer Drop Camera,AA2017_097,2017-01-30,13:57:31,2017,1,18.19771418,-65.10589302,2060703.671,-7247554.859,2060703.671,-7247554.859,0.0,-42.14490128,42.145,https://nccospublicstor.blob.core.windows.net/biomapper/usviinsularshelf2017/videos/low/AA2017_097.mp4,Present,Absent,Absent,Present,Present,Absent,Absent,Absent,Absent,Present,Absent,Line on bottom; Camera dropped on agg reef/sand boundary in spur and groove habitat.  GPS points look to be on agg reef,1,0,0,1,1,0,0,0,0,1,0,2,1,4,Pass,Pass,Pass,Pass,Pass,Pass,Pass,Pass,Pass,Pass,Pass,
REC0094,93,93,Benthic Habitat Maps for the Insular Shelf South of St. Thomas and St. John,"St. Thomas, USVI",AA,Accuracy Assessment,HD Seaviewer Drop Camera,AA2017_098,2017-02-01,10:50:00,2017,2,18.22760658,-65.10645544,2064206.773,-7247617.467,2064206.772,-7247617.467,0.001,-32.96350098,32.964,https://nccospublicstor.blob.core.windows.net/biomapper/usviinsularshelf2017/videos/low/AA2017_098.mp4,Present,Absent,Absent,Absent,Present,Absent,Present,Present,Absent,Absent,Absent,,1,0,0,0,1,0,1,1,0,0,0,1,3,4,Pass,Pass,Pass,Pass,Pass,Pass,Pass,Pass,Pass,Pass,Pass,
REC0095,94,94,Benthic Habitat Maps for the Insular Shelf South of St. Thomas and St. John,"St. Thomas, USVI",AA,Accuracy Assessment,HD Seaviewer Drop Camera,AA2017_099,2017-01-30,14:57:46,2017,1,18.2169791,-65.10596377,2062961.265,-7247562.735,2062961.265,-7247562.734,0.001,-39.53329849,39.533,https://nccospublicstor.blob.core.windows.net/biomapper/usviinsularshelf2017/videos/low/AA2017_099.mp4,Present,Absent,Absent,Absent,Present,Absent,Present,Absent,Absent,Absent,Absent,1 lionfish,1,0,0,0,1,0,1,0,0,0,0,1,2,3,Pass,Pass,Pass,Pass,Pass,Pass,Pass,Pass,Pass,Pass,Pass,
REC0096,95,95,Benthic Habitat Maps for the Insular Shelf South of St. Thomas and St. John,"St. Thomas, USVI",AA,Accuracy Assessment,HD Seaviewer Drop Camera,AA2017_101,2017-01-30,14:13:16,2017,1,18.20973483,-65.10310859,2062112.303,-7247244.897,2062112.303,-7247244.897,0.0,-35.92760086,35.928,https://nccospublicstor.blob.core.windows.net/biomapper/usviinsularshelf2017/videos/low/AA2017_101.mp4,Present,Absent,Absent,Absent,Present,Present,Present,Absent,Absent,Present,Absent,Line on bottom; Orbicella franksi; Montasteria cavernosa; Partial bleaching,1,0,0,0,1,1,1,0,0,1,0,1,3,5,Pass,Pass,Pass,Pass,Pass,Pass,Pass,Pass,Pass,Pass,Pass,
REC0097,96,96,Benthic Habitat Maps for the Insular Shelf South of St. Thomas and St. John,"St. Thomas, USVI",AA,Accuracy Assessment,HD Seaviewer Drop Camera,AA2017_102,2017-01-30,14:05:07,2017,1,18.19958924,-65.10184702,2060923.392,-7247104.46,2060923.392,-7247104.46,0.0,-41.90710068,41.907,https://nccospublicstor.blob.core.windows.net/biomapper/usviinsularshelf2017/videos/low/AA2017_102.mp4,Present,Absent,Absent,Present,Present,Absent,Absent,Absent,Absent,Absent,Absent,,1,0,0,1,1,0,0,0,0,0,0,2,1,3,Pass,Pass,Pass,Pass,Pass,Pass,Pass,Pass,Pass,Pass,Pass,
REC0098,97,97,Benthic Habitat Maps for the Insular Shelf South of St. Thomas and St. John,"St. Thomas, USVI",AA,Accuracy Assessment,HD Seaviewer Drop Camera,AA2017_103,2017-02-03,08:22:12,2017,2,18.25086352,-65.10199366,2066932.678,-7247120.784,2066932.678,-7247120.784,0.0,-27.75620079,27.756,https://nccospublicstor.blob.core.windows.net/biomapper/usviinsularshelf2017/videos/low/AA2017_103.mp4,Present,Absent,Absent,Absent,Present,Present,Present,Absent,Absent,Absent,Absent,,1,0,0,0,1,1,1,0,0,0,0,1,3,4,Pass,Pass,Pass,Pass,Pass,Pass,Pass,Pass,Pass,Pass,Pass,
REC0099,98,98,Benthic Habitat Maps for the Insular Shelf South of St. Thomas and St. John,"St. Thomas, USVI",AA,Accuracy Assessment,HD Seaviewer Drop Camera,AA2017_104,2017-02-01,10:42:16,2017,2,18.22970909,-65.10126136,2064453.189,-7247039.265,2064453.189,-7247039.265,0.0,-31.16119957,31.161,https://nccospublicstor.blob.core.windows.net/biomapper/usviinsularshelf2017/videos/low/AA2017_104.mp4,Present,Absent,Absent,Absent,Present,Absent,Present,Present,Absent,Absent,Absent,20-30% live hard coral cover,1,0,0,0,1,0,1,1,0,0,0,1,3,4,Pass,Pass,Pass,Pass,Pass,Pass,Pass,Pass,Pass,Pass,Pass,
REC0100,99,99,Benthic Habitat Maps for the Insular Shelf South of St. Thomas and St. John,"St. Thomas, USVI",AA,Accuracy Assessment,HD Seaviewer Drop Camera,AA2017_105,2017-02-03,08:54:21,2017,2,18.28031396,-65.10175345,2070385.037,-7247094.044,2070385.037,-7247094.044,0.0,-33.19250107,33.193,https://nccospublicstor.blob.core.windows.net/biomapper/usviinsularshelf2017/videos/low/AA2017_105.mp4,Absent,Absent,Absent,Present,Absent,Absent,Absent,Absent,Absent,Absent,Absent,Small patch reefs and sponges present on descent,0,0,0,1,0,0,0,0,0,0,0,1,0,1,Pass,Pass,Pass,Pass,Pass,Pass,Pass,Pass,Pass,Pass,Pass,
REC0101,100,100,Benthic Habitat Maps for the Insular Shelf South of St. Thomas and St. John,"St. Thomas, USVI",AA,Accuracy Assessment,HD Seaviewer Drop Camera,AA2017_106,2017-02-03,08:47:54,2017,2,18.2775251,-65.10124075,2070058.085,-7247036.97,2070058.085,-7247036.97,0.0,-27.59309959,27.593,https://nccospublicstor.blob.core.windows.net/biomapper/usviinsularshelf2017/videos/low/AA2017_106.mp4,Present,Absent,Absent,Present,Present,Present,Present,Present,Absent,Absent,Absent,Sand visible on decent,1,0,0,1,1,1,1,1,0,0,0,2,4,6,Pass,Pass,Pass,Pass,Pass,Pass,Pass,Pass,Pass,Pass,Pass,
REC0102,101,101,Benthic Habitat Maps for the Insular Shelf South of St. Thomas and St. John,"St. Thomas, USVI",AA,Accuracy Assessment,HD Seaviewer Drop Camera,AA2017_107,2017-02-01,10:34:29,2017,2,18.22517099,-65.09677837,2063921.322,-7246540.22,2063921.322,-7246540.22,0.0,-40.47499847,40.475,https://nccospublicstor.blob.core.windows.net/biomapper/usviinsularshelf2017/videos/low/AA2017_107.mp4,Present,Absent,Absent,Absent,Present,Absent,Present,Absent,Absent,Absent,Absent,,1,0,0,0,1,0,1,0,0,0,0,1,2,3,Pass,Pass,Pass,Pass,Pass,Pass,Pass,Pass,Pass,Pass,Pass,
REC0103,102,102,Benthic Habitat Maps for the Insular Shelf South of St. Thomas and St. John,"St. Thomas, USVI",AA,Accuracy Assessment,HD Seaviewer Drop Camera,AA2017_108,2017-01-30,13:06:14,2017,1,18.17871703,-65.10014368,2058477.7,-7246914.845,2058477.7,-7246914.845,0.0,-44.85499954,44.855,https://nccospublicstor.blob.core.windows.net/biomapper/usviinsularshelf2017/videos/low/AA2017_108.mp4,Present,Absent,Absent,Present,Present,Absent,Absent,Absent,Absent,Absent,Absent,Camera dropped on agg reef/sand boundary.  GPS points look to be on sand with patch reefs,1,0,0,1,1,0,0,0,0,0,0,2,1,3,Pass,Pass,Pass,Pass,Pass,Pass,Pass,Pass,Pass,Pass,Pass,
REC0104,103,103,Benthic Habitat Maps for the Insular Shelf South of St. Thomas and St. John,"St. Thomas, USVI",AA,Accuracy Assessment,HD Seaviewer Drop Camera,AA2017_109,2017-01-30,12:56:03,2017,1,18.19131859,-65.09833218,2059954.247,-7246713.19,2059954.247,-7246713.19,0.0,-42.98429871,42.984,https://nccospublicstor.blob.core.windows.net/biomapper/usviinsularshelf2017/videos/low/AA2017_109.mp4,Present,Absent,Absent,Present,Present,Absent,Present,Absent,Absent,Absent,Absent,,1,0,0,1,1,0,1,0,0,0,0,2,2,4,Pass,Pass,Pass,Pass,Pass,Pass,Pass,Pass,Pass,Pass,Pass,
REC0105,104,104,Benthic Habitat Maps for the Insular Shelf South of St. Thomas and St. John,"St. Thomas, USVI",AA,Accuracy Assessment,HD Seaviewer Drop Camera,AA2017_110,2017-02-03,08:39:38,2017,2,18.26581827,-65.09208675,2068685.692,-7246017.952,2068685.691,-7246017.952,0.001,-27.65999985,27.66,https://nccospublicstor.blob.core.windows.net/biomapper/usviinsularshelf2017/videos/low/AA2017_110.mp4,Present,Absent,Absent,Absent,Present,Present,Present,Absent,Absent,Absent,Absent,,1,0,0,0,1,1,1,0,0,0,0,1,3,4,Pass,Pass,Pass,Pass,Pass,Pass,Pass,Pass,Pass,Pass,Pass,
REC0106,105,105,Benthic Habitat Maps for the Insular Shelf South of St. Thomas and St. John,"St. Thomas, USVI",AA,Accuracy Assessment,HD Seaviewer Drop Camera,AA2017_111,2017-02-01,10:27:00,2017,2,18.23118055,-65.0917833,2064625.648,-7245984.172,2064625.648,-7245984.172,0.0,-33.88940048,33.889,https://nccospublicstor.blob.core.windows.net/biomapper/usviinsularshelf2017/videos/low/AA2017_111.mp4,Present,Absent,Absent,Absent,Present,Absent,Present,Present,Absent,Absent,Absent,,1,0,0,0,1,0,1,1,0,0,0,1,3,4,Pass,Pass,Pass,Pass,Pass,Pass,Pass,Pass,Pass,Pass,Pass,
REC0107,106,106,Benthic Habitat Maps for the Insular Shelf South of St. Thomas and St. John,"St. Thomas, USVI",AA,Accuracy Assessment,HD Seaviewer Drop Camera,AA2017_112,2017-02-03,07:56:26,2017,2,18.24544893,-65.09268844,2066298.011,-7246084.931,2066298.011,-7246084.932,0.001,-29.83200073,29.832,https://nccospublicstor.blob.core.windows.net/biomapper/usviinsularshelf2017/videos/low/AA2017_112.mp4,Present,Absent,Absent,Absent,Present,Absent,Present,Present,Absent,Absent,Absent,,1,0,0,0,1,0,1,1,0,0,0,1,3,4,Pass,Pass,Pass,Pass,Pass,Pass,Pass,Pass,Pass,Pass,Pass,
REC0108,107,107,Benthic Habitat Maps for the Insular Shelf South of St. Thomas and St. John,"St. Thomas, USVI",AA,Accuracy Assessment,HD Seaviewer Drop Camera,AA2017_113,2017-02-02,14:33:24,2017,2,18.28201633,-65.09308863,2070584.617,-7246129.48,2070584.617,-7246129.48,0.001,-34.75469971,34.755,https://nccospublicstor.blob.core.windows.net/biomapper/usviinsularshelf2017/videos/low/AA2017_113.mp4,Present,Absent,Absent,Present,Absent,Present,Absent,Present,Absent,Absent,Absent,Patch reef habitat,1,0,0,1,0,1,0,1,0,0,0,2,2,4,Pass,Pass,Pass,Pass,Pass,Pass,Pass,Pass,Pass,Pass,Pass,
REC0109,108,108,Benthic Habitat Maps for the Insular Shelf South of St. Thomas and St. John,"St. Thomas, USVI",AA,Accuracy Assessment,HD Seaviewer Drop Camera,AA2017_114,2017-01-30,12:03:01,2017,1,18.18779748,-65.08903743,2059541.662,-7245678.503,2059541.662,-7245678.503,0.0,-35.59999847,35.6,https://nccospublicstor.blob.core.windows.net/biomapper/usviinsularshelf2017/videos/low/AA2017_114.mp4,Present,Absent,Absent,Absent,Present,Present,Present,Present,Absent,Absent,Absent,orbicella franksi,1,0,0,0,1,1,1,1,0,0,0,1,4,5,Pass,Pass,Pass,Pass,Pass,Pass,Pass,Pass,Pass,Pass,Pass,
REC0110,109,109,Benthic Habitat Maps for the Insular Shelf South of St. Thomas and St. John,"St. Thomas, USVI",AA,Accuracy Assessment,HD Seaviewer Drop Camera,AA2017_115,2017-01-30,12:47:23,2017,1,18.19534108,-65.08868053,2060425.592,-7245638.773,2060425.592,-7245638.773,0.0,-42.34230042,42.342,https://nccospublicstor.blob.core.windows.net/biomapper/usviinsularshelf2017/videos/low/AA2017_115.mp4,Present,Absent,Absent,Absent,Present,Absent,Present,Absent,Absent,Absent,Absent,,1,0,0,0,1,0,1,0,0,0,0,1,2,3,Pass,Pass,Pass,Pass,Pass,Pass,Pass,Pass,Pass,Pass,Pass,
REC0111,110,110,Benthic Habitat Maps for the Insular Shelf South of St. Thomas and St. John,"St. Thomas, USVI",AA,Accuracy Assessment,HD Seaviewer Drop Camera,AA2017_116,2017-02-01,10:20:06,2017,2,18.22678543,-65.08708387,2064110.533,-7245461.034,2064110.534,-7245461.034,0.001,-33.04029846,33.04,https://nccospublicstor.blob.core.windows.net/biomapper/usviinsularshelf2017/videos/low/AA2017_116.mp4,Present,Absent,Absent,Absent,Present,Absent,Present,Present,Absent,Absent,Absent,20-30% live hard coral cover,1,0,0,0,1,0,1,1,0,0,0,1,3,4,Pass,Pass,Pass,Pass,Pass,Pass,Pass,Pass,Pass,Pass,Pass,
REC0112,111,111,Benthic Habitat Maps for the Insular Shelf South of St. Thomas and St. John,"St. Thomas, USVI",AA,Accuracy Assessment,HD Seaviewer Drop Camera,AA2017_118,2017-01-30,11:56:21,2017,1,18.1832202,-65.08427783,2059005.332,-7245148.667,2059005.332,-7245148.667,0.0,-34.14659882,34.147,https://nccospublicstor.blob.core.windows.net/biomapper/usviinsularshelf2017/videos/low/AA2017_118.mp4,Present,Absent,Absent,Absent,Present,Absent,Present,Absent,Absent,Absent,Absent,"mycetophyllia aliciae, orbicella franksi",1,0,0,0,1,0,1,0,0,0,0,1,2,3,Pass,Pass,Pass,Pass,Pass,Pass,Pass,Pass,Pass,Pass,Pass,
REC0113,112,112,Benthic Habitat Maps for the Insular Shelf South of St. Thomas and St. John,"St. Thomas, USVI",AA,Accuracy Assessment,HD Seaviewer Drop Camera,AA2017_119,2017-01-30,11:42:17,2017,1,18.19248038,-65.07974973,2060090.382,-7244644.601,2060090.382,-7244644.601,0.0,-36.69829941,36.698,https://nccospublicstor.blob.core.windows.net/biomapper/usviinsularshelf2017/videos/low/AA2017_119.mp4,Present,Absent,Absent,Absent,Present,Absent,Present,Present,Absent,Absent,Absent,,1,0,0,0,1,0,1,1,0,0,0,1,3,4,Pass,Pass,Pass,Pass,Pass,Pass,Pass,Pass,Pass,Pass,Pass,
REC0114,113,113,Benthic Habitat Maps for the Insular Shelf South of St. Thomas and St. John,"St. Thomas, USVI",AA,Accuracy Assessment,HD Seaviewer Drop Camera,AA2017_120,2017-01-30,11:32:35,2017,1,18.20020567,-65.07779319,2060995.627,-7244426.8,2060995.627,-7244426.8,0.001,-41.67710114,41.677,https://nccospublicstor.blob.core.windows.net/biomapper/usviinsularshelf2017/videos/low/AA2017_120.mp4,Present,Absent,Absent,Absent,Present,Absent,Present,Present,Absent,Absent,Absent,,1,0,0,0,1,0,1,1,0,0,0,1,3,4,Pass,Pass,Pass,Pass,Pass,Pass,Pass,Pass,Pass,Pass,Pass,
REC0115,114,114,Benthic Habitat Maps for the Insular Shelf South of St. Thomas and St. John,"St. Thomas, USVI",AA,Accuracy Assessment,HD Seaviewer Drop Camera,AA2017_121,2017-02-01,08:53:04,2017,2,18.25322622,-65.07816758,2067209.627,-7244468.477,2067209.627,-7244468.477,0.0,-33.69449997,33.694,https://nccospublicstor.blob.core.windows.net/biomapper/usviinsularshelf2017/videos/low/AA2017_121.mp4,Present,Absent,Absent,Present,Present,Present,Present,Present,Absent,Absent,Absent,Spur and groove habitat,1,0,0,1,1,1,1,1,0,0,0,2,4,6,Pass,Pass,Pass,Pass,Pass,Pass,Pass,Pass,Pass,Pass,Pass,
REC0116,115,115,Benthic Habitat Maps for the Insular Shelf South of St. Thomas and St. John,"St. Thomas, USVI",AA,Accuracy Assessment,HD Seaviewer Drop Camera,AA2017_122,2017-02-01,08:28:41,2017,2,18.26656913,-65.0761226,2068773.712,-7244240.831,2068773.712,-7244240.831,0.0,-34.46469879,34.465,https://nccospublicstor.blob.core.windows.net/biomapper/usviinsularshelf2017/videos/low/AA2017_122.mp4,Absent,Present,Absent,Present,Absent,Absent,Absent,Present,Absent,Absent,Absent,,0,1,0,1,0,0,0,1,0,0,0,2,1,3,Pass,Pass,Pass,Pass,Pass,Pass,Pass,Pass,Pass,Pass,Pass,
REC0117,116,116,Benthic Habitat Maps for the Insular Shelf South of St. Thomas and St. John,"St. Thomas, USVI",AA,Accuracy Assessment,HD Seaviewer Drop Camera,AA2017_123,2017-02-01,10:01:34,2017,2,18.22092292,-65.07692175,2063423.46,-7244329.792,2063423.46,-7244329.792,0.001,-39.73500061,39.735,https://nccospublicstor.blob.core.windows.net/biomapper/usviinsularshelf2017/videos/low/AA2017_123.mp4,Present,Absent,Absent,Absent,Present,Absent,Present,Absent,Absent,Absent,Absent,<1% live hard coral,1,0,0,0,1,0,1,0,0,0,0,1,2,3,Pass,Pass,Pass,Pass,Pass,Pass,Pass,Pass,Pass,Pass,Pass,
REC0118,117,117,Benthic Habitat Maps for the Insular Shelf South of St. Thomas and St. John,"St. Thomas, USVI",AA,Accuracy Assessment,HD Seaviewer Drop Camera,AA2017_124,2017-02-01,10:11:22,2017,2,18.23573633,-65.0762271,2065159.605,-7244252.463,2065159.605,-7244252.464,0.001,-31.49090004,31.491,https://nccospublicstor.blob.core.windows.net/biomapper/usviinsularshelf2017/videos/low/AA2017_124.mp4,Present,Absent,Absent,Absent,Present,Absent,Present,Absent,Absent,Absent,Absent,30-40% live hard coral cover,1,0,0,0,1,0,1,0,0,0,0,1,2,3,Pass,Pass,Pass,Pass,Pass,Pass,Pass,Pass,Pass,Pass,Pass,
REC0119,118,118,Benthic Habitat Maps for the Insular Shelf South of St. Thomas and St. John,"St. Thomas, USVI",AA,Accuracy Assessment,HD Seaviewer Drop Camera,AA2017_125,2017-01-30,11:50:23,2017,1,18.18652864,-65.07535916,2059392.988,-7244155.845,2059392.988,-7244155.845,0.0,-29.89859962,29.899,https://nccospublicstor.blob.core.windows.net/biomapper/usviinsularshelf2017/videos/low/AA2017_125.mp4,Present,Absent,Absent,Absent,Present,Absent,Present,Absent,Absent,Absent,Absent,,1,0,0,0,1,0,1,0,0,0,0,1,2,3,Pass,Pass,Pass,Pass,Pass,Pass,Pass,Pass,Pass,Pass,Pass,
REC0120,119,119,Benthic Habitat Maps for the Insular Shelf South of St. Thomas and St. John,"St. Thomas, USVI",AA,Accuracy Assessment,HD Seaviewer Drop Camera,AA2017_126,2017-02-01,08:43:41,2017,2,18.25965699,-65.07266197,2067963.441,-7243855.595,2067963.441,-7243855.595,0.0,-34.59280014,34.593,https://nccospublicstor.blob.core.windows.net/biomapper/usviinsularshelf2017/videos/low/AA2017_126.mp4,Absent,Absent,Present,Absent,Absent,Absent,Present,Present,Absent,Absent,Absent,,0,0,1,0,0,0,1,1,0,0,0,1,2,3,Pass,Pass,Pass,Pass,Pass,Pass,Pass,Pass,Pass,Pass,Pass,
REC0121,120,120,Benthic Habitat Maps for the Insular Shelf South of St. Thomas and St. John,"St. Thomas, USVI",AA,Accuracy Assessment,HD Seaviewer Drop Camera,AA2017_128,2017-02-01,09:05:23,2017,2,18.25221164,-65.06814883,2067090.7,-7243353.195,2067090.7,-7243353.195,0.0,-35.21620178,35.216,https://nccospublicstor.blob.core.windows.net/biomapper/usviinsularshelf2017/videos/low/AA2017_128.mp4,Absent,Absent,Present,Absent,Present,Absent,Present,Present,Absent,Absent,Absent,,0,0,1,0,1,0,1,1,0,0,0,1,3,4,Pass,Pass,Pass,Pass,Pass,Pass,Pass,Pass,Pass,Pass,Pass,
REC0122,121,121,Benthic Habitat Maps for the Insular Shelf South of St. Thomas and St. John,"St. Thomas, USVI",AA,Accuracy Assessment,HD Seaviewer Drop Camera,AA2017_129,2017-02-01,09:52:46,2017,2,18.21927735,-65.06874639,2063230.606,-7243419.715,2063230.606,-7243419.715,0.001,-41.57189941,41.572,https://nccospublicstor.blob.core.windows.net/biomapper/usviinsularshelf2017/videos/low/AA2017_129.mp4,Absent,Absent,Absent,Present,Absent,Absent,Absent,Absent,Absent,Absent,Absent,Patch reef habitat,0,0,0,1,0,0,0,0,0,0,0,1,0,1,Pass,Pass,Pass,Pass,Pass,Pass,Pass,Pass,Pass,Pass,Pass,
REC0123,122,122,Benthic Habitat Maps for the Insular Shelf South of St. Thomas and St. John,"St. Thomas, USVI",AA,Accuracy Assessment,HD Seaviewer Drop Camera,AA2017_130,2017-02-01,09:29:00,2017,2,18.24173721,-65.06428585,2065862.956,-7242923.17,2065862.956,-7242923.17,0.0,-36.81159973,36.812,https://nccospublicstor.blob.core.windows.net/biomapper/usviinsularshelf2017/videos/low/AA2017_130.mp4,Absent,Absent,Absent,Present,Absent,Absent,Absent,Present,Absent,Absent,Absent,Small patch reef present,0,0,0,1,0,0,0,1,0,0,0,1,1,2,Pass,Pass,Pass,Pass,Pass,Pass,Pass,Pass,Pass,Pass,Pass,
REC0124,123,123,Benthic Habitat Maps for the Insular Shelf South of St. Thomas and St. John,"St. Thomas, USVI",AA,Accuracy Assessment,HD Seaviewer Drop Camera,AA2017_131,2017-02-01,08:01:40,2017,2,18.28521595,-65.06499814,2070959.735,-7243002.461,2070959.735,-7243002.461,0.0,-32.90639877,32.906,https://nccospublicstor.blob.core.windows.net/biomapper/usviinsularshelf2017/videos/low/AA2017_131.mp4,Absent,Absent,Present,Present,Absent,Absent,Present,Present,Absent,Absent,Absent,,0,0,1,1,0,0,1,1,0,0,0,2,2,4,Pass,Pass,Pass,Pass,Pass,Pass,Pass,Pass,Pass,Pass,Pass,
REC0125,124,124,Benthic Habitat Maps for the Insular Shelf South of St. Thomas and St. John,"St. Thomas, USVI",AA,Accuracy Assessment,HD Seaviewer Drop Camera,AA2017_132,2017-02-01,08:17:51,2017,2,18.26849418,-65.06317546,2068999.381,-7242799.562,2068999.381,-7242799.562,0.001,-34.44810104,34.448,https://nccospublicstor.blob.core.windows.net/biomapper/usviinsularshelf2017/videos/low/AA2017_132.mp4,Absent,Absent,Present,Absent,Absent,Absent,Present,Present,Absent,Absent,Absent,,0,0,1,0,0,0,1,1,0,0,0,1,2,3,Pass,Pass,Pass,Pass,Pass,Pass,Pass,Pass,Pass,Pass,Pass,
REC0126,125,125,Benthic Habitat Maps for the Insular Shelf South of St. Thomas and St. John,"St. Thomas, USVI",AA,Accuracy Assessment,HD Seaviewer Drop Camera,AA2017_133,2017-01-30,11:23:01,2017,1,18.20305752,-65.06206997,2061329.815,-7242676.499,2061329.815,-7242676.499,0.0,-37.63819885,37.638,https://nccospublicstor.blob.core.windows.net/biomapper/usviinsularshelf2017/videos/low/AA2017_133.mp4,Present,Absent,Absent,Absent,Present,Absent,Present,Absent,Absent,Absent,Absent,,1,0,0,0,1,0,1,0,0,0,0,1,2,3,Pass,Pass,Pass,Pass,Pass,Pass,Pass,Pass,Pass,Pass,Pass,
REC0127,126,126,Benthic Habitat Maps for the Insular Shelf South of St. Thomas and St. John,"St. Thomas, USVI",AA,Accuracy Assessment,HD Seaviewer Drop Camera,AA2017_134,2017-02-01,09:19:52,2017,2,18.25107616,-65.0623725,2066957.603,-7242710.177,2066957.603,-7242710.177,0.001,-35.74629974,35.746,https://nccospublicstor.blob.core.windows.net/biomapper/usviinsularshelf2017/videos/low/AA2017_134.mp4,Absent,Absent,Present,Absent,Absent,Absent,Present,Present,Absent,Absent,Absent,,0,0,1,0,0,0,1,1,0,0,0,1,2,3,Pass,Pass,Pass,Pass,Pass,Pass,Pass,Pass,Pass,Pass,Pass,
REC0128,127,127,Benthic Habitat Maps for the Insular Shelf South of St. Thomas and St. John,"St. Thomas, USVI",AA,Accuracy Assessment,HD Seaviewer Drop Camera,AA2017_135,2017-02-01,09:40:48,2017,2,18.23013945,-65.061275,2064503.628,-7242588.003,2064503.628,-7242588.003,0.0,-39.79779816,39.798,https://nccospublicstor.blob.core.windows.net/biomapper/usviinsularshelf2017/videos/low/AA2017_135.mp4,Present,Absent,Absent,Present,Present,Absent,Present,Present,Absent,Absent,Absent,Spur and groove habitat,1,0,0,1,1,0,1,1,0,0,0,2,3,5,Pass,Pass,Pass,Pass,Pass,Pass,Pass,Pass,Pass,Pass,Pass,
REC0129,128,128,Benthic Habitat Maps for the Insular Shelf South of St. Thomas and St. John,"St. Thomas, USVI",AA,Accuracy Assessment,HD Seaviewer Drop Camera,AA2017_136,2017-02-03,09:47:06,2017,2,18.25427898,-65.05862446,2067333.029,-7242292.947,2067333.029,-7242292.947,0.0,-35.74829865,35.748,https://nccospublicstor.blob.core.windows.net/biomapper/usviinsularshelf2017/videos/low/AA2017_136.mp4,Absent,Absent,Present,Present,Absent,Absent,Present,Present,Absent,Absent,Absent,patch reef visible on descent,0,0,1,1,0,0,1,1,0,0,0,2,2,4,Pass,Pass,Pass,Pass,Pass,Pass,Pass,Pass,Pass,Pass,Pass,
REC0130,129,129,Benthic Habitat Maps for the Insular Shelf South of St. Thomas and St. John,"St. Thomas, USVI",AA,Accuracy Assessment,HD Seaviewer Drop Camera,AA2017_137,2017-02-03,09:56:27,2017,2,18.24391213,-65.05053502,2066117.88,-7241392.434,2066117.88,-7241392.434,0.0,-36.36669922,36.367,https://nccospublicstor.blob.core.windows.net/biomapper/usviinsularshelf2017/videos/low/AA2017_137.mp4,Present,Present,Absent,Present,Present,Present,Present,Present,Absent,Absent,Absent,,1,1,0,1,1,1,1,1,0,0,0,3,4,7,Pass,Pass,Pass,Pass,Pass,Pass,Pass,Pass,Pass,Pass,Pass,
REC0131,130,130,Benthic Habitat Maps for the Insular Shelf South of St. Thomas and St. John,"St. Thomas, USVI",AA,Accuracy Assessment,HD Seaviewer Drop Camera,AA2017_138,2017-01-30,11:13:33,2017,1,18.20585699,-65.05113617,2061657.87,-7241459.354,2061657.87,-7241459.354,0.0,-43.7181015,43.718,https://nccospublicstor.blob.core.windows.net/biomapper/usviinsularshelf2017/videos/low/AA2017_138.mp4,Present,Absent,Absent,Absent,Present,Absent,Present,Absent,Absent,Absent,Absent,,1,0,0,0,1,0,1,0,0,0,0,1,2,3,Pass,Pass,Pass,Pass,Pass,Pass,Pass,Pass,Pass,Pass,Pass,
REC0132,131,131,Benthic Habitat Maps for the Insular Shelf South of St. Thomas and St. John,"St. Thomas, USVI",AA,Accuracy Assessment,HD Seaviewer Drop Camera,AA2017_139,2017-02-03,15:04:00,2017,2,18.28397317,-65.05509973,2070814.033,-7241900.575,2070814.033,-7241900.575,0.0,-33.33459854,33.335,https://nccospublicstor.blob.core.windows.net/biomapper/usviinsularshelf2017/videos/low/AA2017_139.mp4,Absent,Absent,Present,Absent,Absent,Absent,Present,Present,Absent,Absent,Absent,fish trip on descent,0,0,1,0,0,0,1,1,0,0,0,1,2,3,Pass,Pass,Pass,Pass,Pass,Pass,Pass,Pass,Pass,Pass,Pass,
REC0133,132,132,Benthic Habitat Maps for the Insular Shelf South of St. Thomas and St. John,"St. Thomas, USVI",AA,Accuracy Assessment,HD Seaviewer Drop Camera,AA2017_140,2017-02-03,10:08:10,2017,2,18.22907612,-65.04831581,2064379.004,-7241145.393,2064379.004,-7241145.393,0.0,-40.49330139,40.493,https://nccospublicstor.blob.core.windows.net/biomapper/usviinsularshelf2017/videos/low/AA2017_140.mp4,Present,Absent,Absent,Present,Present,Present,Present,Present,Absent,Absent,Absent,patch reefs,1,0,0,1,1,1,1,1,0,0,0,2,4,6,Pass,Pass,Pass,Pass,Pass,Pass,Pass,Pass,Pass,Pass,Pass,
REC0134,133,133,Benthic Habitat Maps for the Insular Shelf South of St. Thomas and St. John,"St. Thomas, USVI",AA,Accuracy Assessment,HD Seaviewer Drop Camera,AA2017_141,2017-02-03,10:17:04,2017,2,18.22249285,-65.04705532,2063607.45,-7241005.076,2063607.45,-7241005.076,0.0,-39.28749847,39.287,https://nccospublicstor.blob.core.windows.net/biomapper/usviinsularshelf2017/videos/low/AA2017_141.mp4,Present,Absent,Absent,Present,Present,Absent,Present,Present,Absent,Absent,Absent,,1,0,0,1,1,0,1,1,0,0,0,2,3,5,Pass,Pass,Pass,Pass,Pass,Pass,Pass,Pass,Pass,Pass,Pass,
REC0135,134,134,Benthic Habitat Maps for the Insular Shelf South of St. Thomas and St. John,"St. Thomas, USVI",AA,Accuracy Assessment,HD Seaviewer Drop Camera,AA2017_142,2017-02-03,14:58:27,2017,2,18.27933993,-65.04646737,2070270.846,-7240939.626,2070270.846,-7240939.626,0.001,-32.96789932,32.968,https://nccospublicstor.blob.core.windows.net/biomapper/usviinsularshelf2017/videos/low/AA2017_142.mp4,Absent,Absent,Present,Absent,Absent,Absent,Present,Present,Absent,Absent,Absent,,0,0,1,0,0,0,1,1,0,0,0,1,2,3,Pass,Pass,Pass,Pass,Pass,Pass,Pass,Pass,Pass,Pass,Pass,
REC0136,135,135,Benthic Habitat Maps for the Insular Shelf South of St. Thomas and St. John,"St. Thomas, USVI",AA,Accuracy Assessment,HD Seaviewer Drop Camera,AA2017_143,2017-02-03,14:49:34,2017,2,18.26707753,-65.03925346,2068833.31,-7240136.577,2068833.31,-7240136.577,0.0,-33.45729828,33.457,https://nccospublicstor.blob.core.windows.net/biomapper/usviinsularshelf2017/videos/low/AA2017_143.mp4,Absent,Absent,Present,Absent,Absent,Absent,Present,Present,Absent,Absent,Absent,,0,0,1,0,0,0,1,1,0,0,0,1,2,3,Pass,Pass,Pass,Pass,Pass,Pass,Pass,Pass,Pass,Pass,Pass,
REC0137,136,136,Benthic Habitat Maps for the Insular Shelf South of St. Thomas and St. John,"St. Thomas, USVI",AA,Accuracy Assessment,HD Seaviewer Drop Camera,AA2017_144,2017-02-03,14:34:40,2017,2,18.2537706,-65.03509278,2067273.438,-7239673.412,2067273.438,-7239673.412,0.0,-36.86740112,36.867,https://nccospublicstor.blob.core.windows.net/biomapper/usviinsularshelf2017/videos/low/AA2017_144.mp4,Absent,Absent,Present,Present,Absent,Absent,Present,Present,Absent,Absent,Absent,small patch reef in video FOV.  Ignored in classifcation because isolated and small,0,0,1,1,0,0,1,1,0,0,0,2,2,4,Pass,Pass,Pass,Pass,Pass,Pass,Pass,Pass,Pass,Pass,Pass,
REC0138,137,137,Benthic Habitat Maps for the Insular Shelf South of St. Thomas and St. John,"St. Thomas, USVI",AA,Accuracy Assessment,HD Seaviewer Drop Camera,AA2017_145,2017-02-03,14:41:59,2017,2,18.26062684,-65.03384657,2068077.129,-7239534.685,2068077.129,-7239534.685,0.001,-34.9715004,34.972,https://nccospublicstor.blob.core.windows.net/biomapper/usviinsularshelf2017/videos/low/AA2017_145.mp4,Absent,Absent,Present,Absent,Absent,Absent,Present,Present,Absent,Absent,Absent,blue runners in video,0,0,1,0,0,0,1,1,0,0,0,1,2,3,Pass,Pass,Pass,Pass,Pass,Pass,Pass,Pass,Pass,Pass,Pass,
REC0139,138,138,Benthic Habitat Maps for the Insular Shelf South of St. Thomas and St. John,"St. Thomas, USVI",AA,Accuracy Assessment,HD Seaviewer Drop Camera,AA2017_146,2017-02-03,10:27:16,2017,2,18.23926627,-65.03298373,2065573.339,-7239438.634,2065573.339,-7239438.634,0.0,-39.24359894,39.244,https://nccospublicstor.blob.core.windows.net/biomapper/usviinsularshelf2017/videos/low/AA2017_146.mp4,Absent,Absent,Present,Present,Absent,Absent,Present,Present,Absent,Absent,Absent,rhodoliths?,0,0,1,1,0,0,1,1,0,0,0,2,2,4,Pass,Pass,Pass,Pass,Pass,Pass,Pass,Pass,Pass,Pass,Pass,
REC0140,139,139,Benthic Habitat Maps for the Insular Shelf South of St. Thomas and St. John,"St. Thomas, USVI",AA,Accuracy Assessment,HD Seaviewer Drop Camera,AA2017_147,2017-02-03,10:55:41,2017,2,18.22793183,-65.02697048,2064244.892,-7238769.242,2064244.892,-7238769.242,0.0,-40.34999847,40.35,https://nccospublicstor.blob.core.windows.net/biomapper/usviinsularshelf2017/videos/low/AA2017_147.mp4,Absent,Absent,Present,Present,Absent,Absent,Present,Absent,Absent,Absent,Absent,,0,0,1,1,0,0,1,0,0,0,0,2,1,3,Pass,Pass,Pass,Pass,Pass,Pass,Pass,Pass,Pass,Pass,Pass,
REC0141,140,140,Benthic Habitat Maps for the Insular Shelf South of St. Thomas and St. John,"St. Thomas, USVI",AA,Accuracy Assessment,HD Seaviewer Drop Camera,AA2017_148,2017-02-03,14:27:33,2017,2,18.2545551,-65.02587845,2067365.396,-7238647.677,2067365.396,-7238647.677,0.001,-36.89229965,36.892,https://nccospublicstor.blob.core.windows.net/biomapper/usviinsularshelf2017/videos/low/AA2017_148.mp4,Absent,Absent,Present,Present,Absent,Absent,Present,Present,Absent,Absent,Absent,,0,0,1,1,0,0,1,1,0,0,0,2,2,4,Pass,Pass,Pass,Pass,Pass,Pass,Pass,Pass,Pass,Pass,Pass,
REC0142,141,142,Benthic Habitat Maps for the Insular Shelf South of St. Thomas and St. John,"St. Thomas, USVI",AA,Accuracy Assessment,HD Seaviewer Drop Camera,AA2017_149,2017-01-30,11:02:59,2017,1,18.21115954,-65.02309774,2062304.46,-7238336.198,2062279.263,-7238338.13,25.271,-43.95259857,43.953,https://nccospublicstor.blob.core.windows.net/biomapper/usviinsularshelf2017/videos/low/AA2017_149.mp4,Present,Absent,Absent,Absent,Present,Absent,Absent,Present,Absent,Absent,Absent,This site is duplicated because starts out as sand and rhodo then transitions to pavement and then agg reef,1,0,0,0,1,0,0,1,0,0,0,1,2,3,Pass,Pass,Pass,Pass,Review,Review,Review,Pass,Pass,Pass,Review,Duplicate SITE ID (source-documented for AA2017_149); index/FID mismatch; Projected coordinates inconsistent with latitude/longitude (>5 m)
REC0143,142,141,Benthic Habitat Maps for the Insular Shelf South of St. Thomas and St. John,"St. Thomas, USVI",AA,Accuracy Assessment,HD Seaviewer Drop Camera,AA2017_149,2017-01-30,11:01:55,2017,1,18.21137455,-65.02308038,2062279.263,-7238338.13,2062304.46,-7238336.198,25.271,-44.21500015,44.215,https://nccospublicstor.blob.core.windows.net/biomapper/usviinsularshelf2017/videos/low/AA2017_149.mp4,Absent,Absent,Present,Present,Absent,Absent,Absent,Present,Absent,Absent,Absent,This site is duplicated because starts out as sand and rhodo then transitions to pavement and then agg reef,0,0,1,1,0,0,0,1,0,0,0,2,1,3,Pass,Pass,Pass,Pass,Review,Review,Review,Pass,Pass,Pass,Review,Duplicate SITE ID (source-documented for AA2017_149); index/FID mismatch; Projected coordinates inconsistent with latitude/longitude (>5 m)
REC0144,143,143,Benthic Habitat Maps for the Insular Shelf South of St. Thomas and St. John,"St. Thomas, USVI",AA,Accuracy Assessment,HD Seaviewer Drop Camera,AA2017_150,2017-02-03,10:44:47,2017,2,18.24641339,-65.01771431,2066411.058,-7237738.849,2066411.058,-7237738.85,0.001,-39.58929825,39.589,https://nccospublicstor.blob.core.windows.net/biomapper/usviinsularshelf2017/videos/low/AA2017_150.mp4,Absent,Absent,Present,Present,Absent,Absent,Present,Absent,Absent,Absent,Absent,,0,0,1,1,0,0,1,0,0,0,0,2,1,3,Pass,Pass,Pass,Pass,Pass,Pass,Pass,Pass,Pass,Pass,Pass,
REC0145,144,144,Benthic Habitat Maps for the Insular Shelf South of St. Thomas and St. John,"St. Thomas, USVI",AA,Accuracy Assessment,HD Seaviewer Drop Camera,AA2017_151,2017-01-30,10:55:01,2017,1,18.21320155,-65.01509694,2062518.567,-7237447.485,2062518.566,-7237447.485,0.001,-43.97040176,43.97,https://nccospublicstor.blob.core.windows.net/biomapper/usviinsularshelf2017/videos/low/AA2017_151.mp4,Absent,Absent,Present,Present,Absent,Absent,Present,Absent,Absent,Absent,Absent,,0,0,1,1,0,0,1,0,0,0,0,2,1,3,Pass,Pass,Pass,Pass,Pass,Pass,Pass,Pass,Pass,Pass,Pass,
REC0146,145,145,Benthic Habitat Maps for the Insular Shelf South of St. Thomas and St. John,"St. Thomas, USVI",AA,Accuracy Assessment,HD Seaviewer Drop Camera,AA2017_152,2017-02-03,11:55:18,2017,2,18.22714807,-65.0144337,2064153.035,-7237373.654,2064153.035,-7237373.654,0.0,-40.64609909,40.646,https://nccospublicstor.blob.core.windows.net/biomapper/usviinsularshelf2017/videos/low/AA2017_152.mp4,Absent,Absent,Present,Present,Absent,Absent,Present,Absent,Absent,Absent,Absent,sparse macroalgae & rhodoliths,0,0,1,1,0,0,1,0,0,0,0,2,1,3,Pass,Pass,Pass,Pass,Pass,Pass,Pass,Pass,Pass,Pass,Pass,
REC0147,146,146,Benthic Habitat Maps for the Insular Shelf South of St. Thomas and St. John,"St. Thomas, USVI",AA,Accuracy Assessment,HD Seaviewer Drop Camera,AA2017_153,2017-01-30,10:37:47,2017,1,18.22047851,-65.0092896,2063371.377,-7236801.015,2063371.377,-7236801.015,0.0,-41.7234993,41.723,https://nccospublicstor.blob.core.windows.net/biomapper/usviinsularshelf2017/videos/low/AA2017_153.mp4,Absent,Absent,Present,Absent,Absent,Absent,Present,Present,Absent,Absent,Absent,,0,0,1,0,0,0,1,1,0,0,0,1,2,3,Pass,Pass,Pass,Pass,Pass,Pass,Pass,Pass,Pass,Pass,Pass,
REC0148,147,147,Benthic Habitat Maps for the Insular Shelf South of St. Thomas and St. John,"St. Thomas, USVI",AA,Accuracy Assessment,HD Seaviewer Drop Camera,AA2017_154,2017-02-03,14:18:52,2017,2,18.263119,-65.00886339,2068369.269,-7236753.57,2068369.269,-7236753.57,0.0,-34.6841011,34.684,https://nccospublicstor.blob.core.windows.net/biomapper/usviinsularshelf2017/videos/low/AA2017_154.mp4,Absent,Absent,Present,Absent,Absent,Absent,Present,Present,Absent,Absent,Absent,,0,0,1,0,0,0,1,1,0,0,0,1,2,3,Pass,Pass,Pass,Pass,Pass,Pass,Pass,Pass,Pass,Pass,Pass,
REC0149,148,148,Benthic Habitat Maps for the Insular Shelf South of St. Thomas and St. John,"St. Thomas, USVI",AA,Accuracy Assessment,HD Seaviewer Drop Camera,AA2017_155,2017-01-30,10:17:50,2017,1,18.2267825,-65.00669866,2064110.19,-7236512.593,2064110.19,-7236512.593,0.0,-40.70890045,40.709,https://nccospublicstor.blob.core.windows.net/biomapper/usviinsularshelf2017/videos/low/AA2017_155.mp4,Absent,Absent,Present,Present,Absent,Absent,Present,Absent,Absent,Absent,Absent,,0,0,1,1,0,0,1,0,0,0,0,2,1,3,Pass,Pass,Pass,Pass,Pass,Pass,Pass,Pass,Pass,Pass,Pass,
REC0150,149,149,Benthic Habitat Maps for the Insular Shelf South of St. Thomas and St. John,"St. Thomas, USVI",AA,Accuracy Assessment,HD Seaviewer Drop Camera,AA2017_156,2017-02-03,12:04:21,2017,2,18.23272476,-65.00784507,2064806.634,-7236640.211,2064806.634,-7236640.211,0.0,-40.78889847,40.789,https://nccospublicstor.blob.core.windows.net/biomapper/usviinsularshelf2017/videos/low/AA2017_156.mp4,Absent,Absent,Present,Present,Absent,Absent,Present,Present,Absent,Absent,Absent,,0,0,1,1,0,0,1,1,0,0,0,2,2,4,Pass,Pass,Pass,Pass,Pass,Pass,Pass,Pass,Pass,Pass,Pass,
REC0151,150,150,Benthic Habitat Maps for the Insular Shelf South of St. Thomas and St. John,"St. Thomas, USVI",AA,Accuracy Assessment,HD Seaviewer Drop Camera,AA2017_157,2017-01-30,10:46:43,2017,1,18.20930838,-65.0050165,2062062.328,-7236325.336,2062062.328,-7236325.336,0.0,-43.83499908,43.835,https://nccospublicstor.blob.core.windows.net/biomapper/usviinsularshelf2017/videos/low/AA2017_157.mp4,Present,Absent,Absent,Absent,Present,Absent,Present,Present,Absent,Absent,Absent,,1,0,0,0,1,0,1,1,0,0,0,1,3,4,Pass,Pass,Pass,Pass,Pass,Pass,Pass,Pass,Pass,Pass,Pass,
REC0152,151,151,Benthic Habitat Maps for the Insular Shelf South of St. Thomas and St. John,"St. Thomas, USVI",AA,Accuracy Assessment,HD Seaviewer Drop Camera,AA2017_158,2017-02-03,14:12:32,2017,2,18.25862694,-65.00518079,2067842.697,-7236343.624,2067842.697,-7236343.624,0.001,-36.26720047,36.267,https://nccospublicstor.blob.core.windows.net/biomapper/usviinsularshelf2017/videos/low/AA2017_158.mp4,Absent,Absent,Absent,Present,Absent,Absent,Absent,Absent,Absent,Absent,Absent,patch reef visible on descent,0,0,0,1,0,0,0,0,0,0,0,1,0,1,Pass,Pass,Pass,Pass,Pass,Pass,Pass,Pass,Pass,Pass,Pass,
REC0153,152,152,Benthic Habitat Maps for the Insular Shelf South of St. Thomas and St. John,"St. Thomas, USVI",AA,Accuracy Assessment,HD Seaviewer Drop Camera,AA2017_159,2017-02-03,14:05:39,2017,2,18.25369724,-65.00364875,2067264.839,-7236173.079,2067264.839,-7236173.079,0.001,-38.58560181,38.586,https://nccospublicstor.blob.core.windows.net/biomapper/usviinsularshelf2017/videos/low/AA2017_159.mp4,Absent,Absent,Present,Absent,Absent,Absent,Present,Present,Absent,Absent,Absent,,0,0,1,0,0,0,1,1,0,0,0,1,2,3,Pass,Pass,Pass,Pass,Pass,Pass,Pass,Pass,Pass,Pass,Pass,
REC0154,153,153,Benthic Habitat Maps for the Insular Shelf South of St. Thomas and St. John,"St. Thomas, USVI",AA,Accuracy Assessment,HD Seaviewer Drop Camera,AA2017_161,2017-01-30,10:30:56,2017,1,18.22463647,-65.0002964,2063858.677,-7235799.897,2063858.677,-7235799.897,0.0,-40.21239853,40.212,https://nccospublicstor.blob.core.windows.net/biomapper/usviinsularshelf2017/videos/low/AA2017_161.mp4,Absent,Present,Absent,Absent,Present,Present,Present,Present,Absent,Absent,Absent,,0,1,0,0,1,1,1,1,0,0,0,1,4,5,Pass,Pass,Pass,Pass,Pass,Pass,Pass,Pass,Pass,Pass,Pass,
REC0155,154,154,Benthic Habitat Maps for the Insular Shelf South of St. Thomas and St. John,"St. Thomas, USVI",AA,Accuracy Assessment,HD Seaviewer Drop Camera,AA2017_162,2017-02-03,13:57:38,2017,2,18.24431304,-64.99587984,2066164.871,-7235308.247,2066164.871,-7235308.247,0.0,-41.29959869,41.3,https://nccospublicstor.blob.core.windows.net/biomapper/usviinsularshelf2017/videos/low/AA2017_162.mp4,Absent,Absent,Absent,Present,Absent,Absent,Absent,Absent,Absent,Absent,Absent,,0,0,0,1,0,0,0,0,0,0,0,1,0,1,Pass,Pass,Pass,Pass,Pass,Pass,Pass,Pass,Pass,Pass,Pass,
REC0156,155,155,Benthic Habitat Maps for the Insular Shelf South of St. Thomas and St. John,"St. Thomas, USVI",AA,Accuracy Assessment,HD Seaviewer Drop Camera,AA2017_163,2017-01-30,09:58:13,2017,1,18.27023921,-64.99604941,2069203.948,-7235327.124,2069203.948,-7235327.124,0.0,-33.37689972,33.377,https://nccospublicstor.blob.core.windows.net/biomapper/usviinsularshelf2017/videos/low/AA2017_163.mp4,Absent,Absent,Present,Present,Absent,Absent,Present,Absent,Absent,Absent,Absent,,0,0,1,1,0,0,1,0,0,0,0,2,1,3,Pass,Pass,Pass,Pass,Pass,Pass,Pass,Pass,Pass,Pass,Pass,
REC0157,156,156,Benthic Habitat Maps for the Insular Shelf South of St. Thomas and St. John,"St. Thomas, USVI",AA,Accuracy Assessment,HD Seaviewer Drop Camera,AA2017_164,2017-02-03,13:50:45,2017,2,18.25347785,-64.99430272,2067239.122,-7235132.683,2067239.122,-7235132.683,0.0,-37.61700058,37.617,https://nccospublicstor.blob.core.windows.net/biomapper/usviinsularshelf2017/videos/low/AA2017_164.mp4,Absent,Absent,Present,Present,Absent,Absent,Present,Present,Absent,Absent,Absent,,0,0,1,1,0,0,1,1,0,0,0,2,2,4,Pass,Pass,Pass,Pass,Pass,Pass,Pass,Pass,Pass,Pass,Pass,
REC0158,157,157,Benthic Habitat Maps for the Insular Shelf South of St. Thomas and St. John,"St. Thomas, USVI",AA,Accuracy Assessment,HD Seaviewer Drop Camera,AA2017_165,2017-02-03,13:44:33,2017,2,18.26067211,-64.99301439,2068082.436,-7234989.267,2068082.436,-7234989.267,0.0,-34.36119843,34.361,https://nccospublicstor.blob.core.windows.net/biomapper/usviinsularshelf2017/videos/low/AA2017_165.mp4,Absent,Absent,Present,Present,Absent,Absent,Present,Present,Absent,Absent,Absent,,0,0,1,1,0,0,1,1,0,0,0,2,2,4,Pass,Pass,Pass,Pass,Pass,Pass,Pass,Pass,Pass,Pass,Pass,
REC0159,158,158,Benthic Habitat Maps for the Insular Shelf South of St. Thomas and St. John,"St. Thomas, USVI",AA,Accuracy Assessment,HD Seaviewer Drop Camera,AA2017_167,2017-02-03,12:25:44,2017,2,18.21860991,-64.98136498,2063152.386,-7233692.461,2063152.386,-7233692.461,0.0,-41.46559906,41.466,https://nccospublicstor.blob.core.windows.net/biomapper/usviinsularshelf2017/videos/low/AA2017_167.mp4,Absent,Absent,Absent,Present,Absent,Absent,Present,Absent,Absent,Absent,Absent,,0,0,0,1,0,0,1,0,0,0,0,1,1,2,Pass,Pass,Pass,Pass,Pass,Pass,Pass,Pass,Pass,Pass,Pass,
REC0160,159,159,Benthic Habitat Maps for the Insular Shelf South of St. Thomas and St. John,"St. Thomas, USVI",AA,Accuracy Assessment,HD Seaviewer Drop Camera,AA2017_168,2017-02-03,13:08:34,2017,2,18.23731722,-64.97474614,2065344.896,-7232955.655,2065344.895,-7232955.655,0.001,-40.10800171,40.108,https://nccospublicstor.blob.core.windows.net/biomapper/usviinsularshelf2017/videos/low/AA2017_168.mp4,Absent,Absent,Present,Absent,Absent,Absent,Present,Present,Absent,Absent,Absent,,0,0,1,0,0,0,1,1,0,0,0,1,2,3,Pass,Pass,Pass,Pass,Pass,Pass,Pass,Pass,Pass,Pass,Pass,
REC0161,160,160,Benthic Habitat Maps for the Insular Shelf South of St. Thomas and St. John,"St. Thomas, USVI",AA,Accuracy Assessment,HD Seaviewer Drop Camera,AA2017_169,2017-02-03,12:35:50,2017,2,18.22050136,-64.97254409,2063374.055,-7232710.524,2063374.055,-7232710.524,0.001,-42.64929962,42.649,https://nccospublicstor.blob.core.windows.net/biomapper/usviinsularshelf2017/videos/low/AA2017_169.mp4,Absent,Absent,Present,Present,Absent,Absent,Present,Absent,Absent,Absent,Absent,,0,0,1,1,0,0,1,0,0,0,0,2,1,3,Pass,Pass,Pass,Pass,Pass,Pass,Pass,Pass,Pass,Pass,Pass,
REC0162,161,161,Benthic Habitat Maps for the Insular Shelf South of St. Thomas and St. John,"St. Thomas, USVI",AA,Accuracy Assessment,HD Seaviewer Drop Camera,AA2017_170,2017-02-04,08:29:32,2017,2,18.19321173,-64.97206275,2060176.079,-7232656.941,2060176.079,-7232656.941,0.0,-50.91989899,50.92,https://nccospublicstor.blob.core.windows.net/biomapper/usviinsularshelf2017/videos/low/AA2017_170.mp4,Absent,Present,Absent,Present,Absent,Present,Present,Present,Absent,Absent,Absent,small patch reef,0,1,0,1,0,1,1,1,0,0,0,2,3,5,Pass,Pass,Pass,Pass,Pass,Pass,Pass,Pass,Pass,Pass,Pass,
REC0163,162,162,Benthic Habitat Maps for the Insular Shelf South of St. Thomas and St. John,"St. Thomas, USVI",AA,Accuracy Assessment,HD Seaviewer Drop Camera,AA2017_171,2017-02-04,08:01:53,2017,2,18.21019281,-64.97163161,2062165.973,-7232608.947,2062165.973,-7232608.947,0.0,-44.51520157,44.515,https://nccospublicstor.blob.core.windows.net/biomapper/usviinsularshelf2017/videos/low/AA2017_171.mp4,Present,Absent,Absent,Present,Absent,Absent,Present,Present,Absent,Absent,Absent,,1,0,0,1,0,0,1,1,0,0,0,2,2,4,Pass,Pass,Pass,Pass,Pass,Pass,Pass,Pass,Pass,Pass,Pass,
REC0164,163,163,Benthic Habitat Maps for the Insular Shelf South of St. Thomas and St. John,"St. Thomas, USVI",AA,Accuracy Assessment,HD Seaviewer Drop Camera,AA2017_172,2017-02-03,12:43:27,2017,2,18.22650358,-64.97041957,2064077.501,-7232474.023,2064077.501,-7232474.023,0.0,-40.92649841,40.926,https://nccospublicstor.blob.core.windows.net/biomapper/usviinsularshelf2017/videos/low/AA2017_172.mp4,Absent,Absent,Present,Present,Absent,Absent,Present,Present,Absent,Absent,Absent,,0,0,1,1,0,0,1,1,0,0,0,2,2,4,Pass,Pass,Pass,Pass,Pass,Pass,Pass,Pass,Pass,Pass,Pass,
REC0165,164,164,Benthic Habitat Maps for the Insular Shelf South of St. Thomas and St. John,"St. Thomas, USVI",AA,Accuracy Assessment,HD Seaviewer Drop Camera,AA2017_173,2017-02-03,13:25:27,2017,2,18.25782796,-64.96998516,2067749.039,-7232425.665,2067749.039,-7232425.665,0.0,-36.91059875,36.911,https://nccospublicstor.blob.core.windows.net/biomapper/usviinsularshelf2017/videos/low/AA2017_173.mp4,Absent,Absent,Present,Present,Absent,Absent,Present,Present,Absent,Absent,Absent,,0,0,1,1,0,0,1,1,0,0,0,2,2,4,Pass,Pass,Pass,Pass,Pass,Pass,Pass,Pass,Pass,Pass,Pass,
REC0166,165,165,Benthic Habitat Maps for the Insular Shelf South of St. Thomas and St. John,"St. Thomas, USVI",AA,Accuracy Assessment,HD Seaviewer Drop Camera,AA2017_175,2017-02-03,13:33:26,2017,2,18.26770722,-64.96632969,2068907.127,-7232018.74,2068907.127,-7232018.74,0.0,-33.20660019,33.207,https://nccospublicstor.blob.core.windows.net/biomapper/usviinsularshelf2017/videos/low/AA2017_175.mp4,Absent,Absent,Absent,Present,Absent,Absent,Absent,Absent,Absent,Absent,Absent,,0,0,0,1,0,0,0,0,0,0,0,1,0,1,Pass,Pass,Pass,Pass,Pass,Pass,Pass,Pass,Pass,Pass,Pass,
REC0167,166,166,Benthic Habitat Maps for the Insular Shelf South of St. Thomas and St. John,"St. Thomas, USVI",AA,Accuracy Assessment,HD Seaviewer Drop Camera,AA2017_176,2017-02-03,13:17:05,2017,2,18.24282063,-64.96532527,2065989.944,-7231906.928,2065989.944,-7231906.928,0.0,-40.06610107,40.066,https://nccospublicstor.blob.core.windows.net/biomapper/usviinsularshelf2017/videos/low/AA2017_176.mp4,Absent,Absent,Present,Present,Absent,Absent,Present,Present,Absent,Absent,Absent,,0,0,1,1,0,0,1,1,0,0,0,2,2,4,Pass,Pass,Pass,Pass,Pass,Pass,Pass,Pass,Pass,Pass,Pass,
REC0168,167,167,Benthic Habitat Maps for the Insular Shelf South of St. Thomas and St. John,"St. Thomas, USVI",AA,Accuracy Assessment,HD Seaviewer Drop Camera,AA2017_178,2017-02-04,07:53:25,2017,2,18.21785315,-64.96453149,2063063.698,-7231818.565,2063063.698,-7231818.565,0.0,-43.90250015,43.903,https://nccospublicstor.blob.core.windows.net/biomapper/usviinsularshelf2017/videos/low/AA2017_178.mp4,Absent,Absent,Present,Present,Absent,Absent,Present,Absent,Absent,Absent,Absent,,0,0,1,1,0,0,1,0,0,0,0,2,1,3,Pass,Pass,Pass,Pass,Pass,Pass,Pass,Pass,Pass,Pass,Pass,
REC0169,168,168,Benthic Habitat Maps for the Insular Shelf South of St. Thomas and St. John,"St. Thomas, USVI",AA,Accuracy Assessment,HD Seaviewer Drop Camera,AA2017_179,2017-02-04,08:19:14,2017,2,18.20163057,-64.9609455,2061162.6,-7231419.374,2061162.6,-7231419.375,0.001,-50.44350052,50.444,https://nccospublicstor.blob.core.windows.net/biomapper/usviinsularshelf2017/videos/low/AA2017_179.mp4,Absent,Present,Absent,Present,Absent,Present,Present,Present,Absent,Absent,Absent,"small patch reef, algae looks filamentous but hard to tell",0,1,0,1,0,1,1,1,0,0,0,2,3,5,Pass,Pass,Pass,Pass,Pass,Pass,Pass,Pass,Pass,Pass,Pass,
REC0170,169,169,Benthic Habitat Maps for the Insular Shelf South of St. Thomas and St. John,"St. Thomas, USVI",AA,Accuracy Assessment,HD Seaviewer Drop Camera,AA2017_180,2017-02-04,08:11:52,2017,2,18.20730759,-64.9610165,2061827.861,-7231427.278,2061827.861,-7231427.278,0.0,-44.3003006,44.3,https://nccospublicstor.blob.core.windows.net/biomapper/usviinsularshelf2017/videos/low/AA2017_180.mp4,Present,Absent,Absent,Present,Present,Present,Present,Present,Absent,Absent,Absent,,1,0,0,1,1,1,1,1,0,0,0,2,4,6,Pass,Pass,Pass,Pass,Pass,Pass,Pass,Pass,Pass,Pass,Pass,
REC0171,170,170,Benthic Habitat Maps for the Insular Shelf South of St. Thomas and St. John,"St. Thomas, USVI",AA,Accuracy Assessment,HD Seaviewer Drop Camera,AA2017_181,2017-02-03,12:59:05,2017,2,18.23130061,-64.95965425,2064639.719,-7231275.633,2064639.719,-7231275.633,0.0,-42.11970139,42.12,https://nccospublicstor.blob.core.windows.net/biomapper/usviinsularshelf2017/videos/low/AA2017_181.mp4,Absent,Absent,Absent,Present,Absent,Absent,Absent,Absent,Absent,Absent,Absent,"low abundances of macroalgae, and rhodoliths",0,0,0,1,0,0,0,0,0,0,0,1,0,1,Pass,Pass,Pass,Pass,Pass,Pass,Pass,Pass,Pass,Pass,Pass,
REC0172,171,171,Benthic Habitat Maps for the Insular Shelf South of St. Thomas and St. John,"St. Thomas, USVI",AA,Accuracy Assessment,HD Seaviewer Drop Camera,AA2017_182,2017-02-04,09:48:05,2017,2,18.21629975,-64.95353465,2062881.65,-7230594.402,2062881.65,-7230594.402,0.0,-43.37369919,43.374,https://nccospublicstor.blob.core.windows.net/biomapper/usviinsularshelf2017/videos/low/AA2017_182.mp4,Absent,Absent,Present,Absent,Absent,Absent,Present,Present,Absent,Absent,Absent,,0,0,1,0,0,0,1,1,0,0,0,1,2,3,Pass,Pass,Pass,Pass,Pass,Pass,Pass,Pass,Pass,Pass,Pass,
REC0173,172,172,Benthic Habitat Maps for the Insular Shelf South of St. Thomas and St. John,"St. Thomas, USVI",AA,Accuracy Assessment,HD Seaviewer Drop Camera,AA2017_183,2017-02-04,12:27:25,2017,2,18.25339185,-64.95343407,2067229.042,-7230583.206,2067229.041,-7230583.206,0.001,-40.89780045,40.898,https://nccospublicstor.blob.core.windows.net/biomapper/usviinsularshelf2017/videos/low/AA2017_183.mp4,Absent,Absent,Absent,Present,Absent,Absent,Absent,Absent,Absent,Absent,Absent,filamentous algae,0,0,0,1,0,0,0,0,0,0,0,1,0,1,Pass,Pass,Pass,Pass,Pass,Pass,Pass,Pass,Pass,Pass,Pass,
REC0174,173,173,Benthic Habitat Maps for the Insular Shelf South of St. Thomas and St. John,"St. Thomas, USVI",AA,Accuracy Assessment,HD Seaviewer Drop Camera,AA2017_184,2017-02-04,12:59:57,2017,2,18.24030223,-64.95330256,2065694.763,-7230568.566,2065694.763,-7230568.566,0.001,-41.47340012,41.473,https://nccospublicstor.blob.core.windows.net/biomapper/usviinsularshelf2017/videos/low/AA2017_184.mp4,Absent,Absent,Present,Absent,Absent,Absent,Present,Present,Absent,Absent,Absent,Sand clost to >20%,0,0,1,0,0,0,1,1,0,0,0,1,2,3,Pass,Pass,Pass,Pass,Pass,Pass,Pass,Pass,Pass,Pass,Pass,
REC0175,174,174,Benthic Habitat Maps for the Insular Shelf South of St. Thomas and St. John,"St. Thomas, USVI",AA,Accuracy Assessment,HD Seaviewer Drop Camera,AA2017_185,2017-02-04,12:16:56,2017,2,18.26125037,-64.95256503,2068150.221,-7230486.465,2068150.221,-7230486.465,0.0,-35.96269989,35.963,https://nccospublicstor.blob.core.windows.net/biomapper/usviinsularshelf2017/videos/low/AA2017_185.mp4,Absent,Absent,Present,Present,Absent,Absent,Present,Present,Absent,Absent,Absent,,0,0,1,1,0,0,1,1,0,0,0,2,2,4,Pass,Pass,Pass,Pass,Pass,Pass,Pass,Pass,Pass,Pass,Pass,
REC0176,175,175,Benthic Habitat Maps for the Insular Shelf South of St. Thomas and St. John,"St. Thomas, USVI",AA,Accuracy Assessment,HD Seaviewer Drop Camera,AA2017_186,2017-02-04,09:56:42,2017,2,18.22262451,-64.95114181,2063622.88,-7230328.033,2063622.88,-7230328.033,0.0,-44.07630157,44.076,https://nccospublicstor.blob.core.windows.net/biomapper/usviinsularshelf2017/videos/low/AA2017_186.mp4,Absent,Absent,Present,Present,Absent,Absent,Present,Absent,Absent,Absent,Absent,,0,0,1,1,0,0,1,0,0,0,0,2,1,3,Pass,Pass,Pass,Pass,Pass,Pass,Pass,Pass,Pass,Pass,Pass,
REC0177,176,176,Benthic Habitat Maps for the Insular Shelf South of St. Thomas and St. John,"St. Thomas, USVI",AA,Accuracy Assessment,HD Seaviewer Drop Camera,AA2017_187,2017-02-04,08:59:33,2017,2,18.19438194,-64.94918285,2060313.202,-7230109.962,2060313.202,-7230109.962,0.001,-43.54710007,43.547,https://nccospublicstor.blob.core.windows.net/biomapper/usviinsularshelf2017/videos/low/AA2017_187.mp4,Present,Absent,Absent,Absent,Present,Absent,Present,Present,Absent,Absent,Absent,,1,0,0,0,1,0,1,1,0,0,0,1,3,4,Pass,Pass,Pass,Pass,Pass,Pass,Pass,Pass,Pass,Pass,Pass,
REC0178,177,177,Benthic Habitat Maps for the Insular Shelf South of St. Thomas and St. John,"St. Thomas, USVI",AA,Accuracy Assessment,HD Seaviewer Drop Camera,AA2017_189,2017-02-04,12:43:30,2017,2,18.25100356,-64.9486539,2066949.093,-7230051.08,2066949.093,-7230051.08,0.0,-39.81219864,39.812,https://nccospublicstor.blob.core.windows.net/biomapper/usviinsularshelf2017/videos/low/AA2017_189.mp4,Absent,Absent,Absent,Present,Absent,Absent,Absent,Absent,Absent,Absent,Absent,placard time was 13:45.  Check GPS. Collected 188 at point 189. Removed 188.,0,0,0,1,0,0,0,0,0,0,0,1,0,1,Pass,Pass,Pass,Pass,Pass,Pass,Pass,Pass,Pass,Pass,Pass,
REC0179,178,178,Benthic Habitat Maps for the Insular Shelf South of St. Thomas and St. John,"St. Thomas, USVI",AA,Accuracy Assessment,HD Seaviewer Drop Camera,AA2017_190,2017-02-04,09:08:13,2017,2,18.19453066,-64.94532533,2060330.628,-7229680.545,2060330.628,-7229680.545,0.0,-48.44300079,48.443,https://nccospublicstor.blob.core.windows.net/biomapper/usviinsularshelf2017/videos/low/AA2017_190.mp4,Absent,Present,Absent,Present,Absent,Present,Absent,Present,Absent,Absent,Absent,"filamentous algae >90%, on reef edge",0,1,0,1,0,1,0,1,0,0,0,2,2,4,Pass,Pass,Pass,Pass,Pass,Pass,Pass,Pass,Pass,Pass,Pass,
REC0180,179,179,Benthic Habitat Maps for the Insular Shelf South of St. Thomas and St. John,"St. Thomas, USVI",AA,Accuracy Assessment,HD Seaviewer Drop Camera,AA2017_191,2017-02-04,12:10:11,2017,2,18.26346632,-64.94394609,2068409.983,-7229527.009,2068409.983,-7229527.009,0.0,-32.7038002,32.704,https://nccospublicstor.blob.core.windows.net/biomapper/usviinsularshelf2017/videos/low/AA2017_191.mp4,Absent,Absent,Present,Present,Absent,Absent,Present,Present,Absent,Absent,Absent,,0,0,1,1,0,0,1,1,0,0,0,2,2,4,Pass,Pass,Pass,Pass,Pass,Pass,Pass,Pass,Pass,Pass,Pass,
REC0181,180,180,Benthic Habitat Maps for the Insular Shelf South of St. Thomas and St. John,"St. Thomas, USVI",AA,Accuracy Assessment,HD Seaviewer Drop Camera,AA2017_192,2017-02-04,12:51:53,2017,2,18.24605766,-64.94327006,2066369.362,-7229451.753,2066369.362,-7229451.754,0.001,-39.78210068,39.782,https://nccospublicstor.blob.core.windows.net/biomapper/usviinsularshelf2017/videos/low/AA2017_192.mp4,Absent,Present,Absent,Present,Absent,Present,Absent,Present,Absent,Absent,Absent,Pavement visible in distance.,0,1,0,1,0,1,0,1,0,0,0,2,2,4,Pass,Pass,Pass,Pass,Pass,Pass,Pass,Pass,Pass,Pass,Pass,
REC0182,181,181,Benthic Habitat Maps for the Insular Shelf South of St. Thomas and St. John,"St. Thomas, USVI",AA,Accuracy Assessment,HD Seaviewer Drop Camera,AA2017_194,2017-02-04,10:06:08,2017,2,18.21927939,-64.94099745,2063230.846,-7229198.768,2063230.845,-7229198.768,0.001,-43.99409866,43.994,https://nccospublicstor.blob.core.windows.net/biomapper/usviinsularshelf2017/videos/low/AA2017_194.mp4,Absent,Absent,Present,Absent,Present,Absent,Present,Present,Absent,Absent,Absent,meandrina meandrites,0,0,1,0,1,0,1,1,0,0,0,1,3,4,Pass,Pass,Pass,Pass,Pass,Pass,Pass,Pass,Pass,Pass,Pass,
REC0183,182,182,Benthic Habitat Maps for the Insular Shelf South of St. Thomas and St. John,"St. Thomas, USVI",AA,Accuracy Assessment,HD Seaviewer Drop Camera,AA2017_195,2017-02-04,12:03:05,2017,2,18.27047568,-64.94096851,2069231.669,-7229195.546,2069231.669,-7229195.546,0.0,-32.86959839,32.87,https://nccospublicstor.blob.core.windows.net/biomapper/usviinsularshelf2017/videos/low/AA2017_195.mp4,Absent,Absent,Present,Absent,Absent,Absent,Present,Present,Absent,Absent,Absent,,0,0,1,0,0,0,1,1,0,0,0,1,2,3,Pass,Pass,Pass,Pass,Pass,Pass,Pass,Pass,Pass,Pass,Pass,
REC0184,183,183,Benthic Habitat Maps for the Insular Shelf South of St. Thomas and St. John,"St. Thomas, USVI",AA,Accuracy Assessment,HD Seaviewer Drop Camera,AA2017_196,2017-02-04,09:39:40,2017,2,18.21164096,-64.93929863,2062335.681,-7229009.656,2062335.681,-7229009.656,0.0,-44.39569855,44.396,https://nccospublicstor.blob.core.windows.net/biomapper/usviinsularshelf2017/videos/low/AA2017_196.mp4,Present,Absent,Absent,Present,Present,Absent,Present,Present,Absent,Absent,Absent,millepora,1,0,0,1,1,0,1,1,0,0,0,2,3,5,Pass,Pass,Pass,Pass,Pass,Pass,Pass,Pass,Pass,Pass,Pass,
REC0185,184,184,Benthic Habitat Maps for the Insular Shelf South of St. Thomas and St. John,"St. Thomas, USVI",AA,Accuracy Assessment,HD Seaviewer Drop Camera,AA2017_197,2017-02-04,10:14:02,2017,2,18.22822756,-64.93832877,2064279.552,-7228901.692,2064279.552,-7228901.692,0.0,-43.62659836,43.627,https://nccospublicstor.blob.core.windows.net/biomapper/usviinsularshelf2017/videos/low/AA2017_197.mp4,Absent,Absent,Present,Present,Absent,Absent,Present,Present,Absent,Absent,Absent,,0,0,1,1,0,0,1,1,0,0,0,2,2,4,Pass,Pass,Pass,Pass,Pass,Pass,Pass,Pass,Pass,Pass,Pass,
REC0186,185,185,Benthic Habitat Maps for the Insular Shelf South of St. Thomas and St. John,"St. Thomas, USVI",AA,Accuracy Assessment,HD Seaviewer Drop Camera,AA2017_198,2017-02-04,09:31:23,2017,2,18.20855032,-64.93525219,2061973.493,-7228559.208,2061973.493,-7228559.208,0.0,-45.29650116,45.297,https://nccospublicstor.blob.core.windows.net/biomapper/usviinsularshelf2017/videos/low/AA2017_198.mp4,Absent,Absent,Present,Absent,Absent,Absent,Absent,Present,Absent,Absent,Absent,,0,0,1,0,0,0,0,1,0,0,0,1,1,2,Pass,Pass,Pass,Pass,Pass,Pass,Pass,Pass,Pass,Pass,Pass,
REC0187,186,186,Benthic Habitat Maps for the Insular Shelf South of St. Thomas and St. John,"St. Thomas, USVI",AA,Accuracy Assessment,HD Seaviewer Drop Camera,AA2017_199,2017-02-04,11:56:06,2017,2,18.27476257,-64.93485394,2069734.225,-7228514.875,2069734.225,-7228514.875,0.0,-33.00979996,33.01,https://nccospublicstor.blob.core.windows.net/biomapper/usviinsularshelf2017/videos/low/AA2017_199.mp4,Absent,Absent,Present,Absent,Absent,Absent,Present,Present,Absent,Absent,Absent,,0,0,1,0,0,0,1,1,0,0,0,1,2,3,Pass,Pass,Pass,Pass,Pass,Pass,Pass,Pass,Pass,Pass,Pass,
REC0188,187,187,Benthic Habitat Maps for the Insular Shelf South of St. Thomas and St. John,"St. Thomas, USVI",AA,Accuracy Assessment,HD Seaviewer Drop Camera,AA2017_200,2017-02-04,09:16:30,2017,2,18.19740393,-64.9319768,2060667.316,-7228194.594,2060667.316,-7228194.594,0.001,-53.35290146,53.353,https://nccospublicstor.blob.core.windows.net/biomapper/usviinsularshelf2017/videos/low/AA2017_200.mp4,Absent,Absent,Present,Absent,Absent,Absent,Present,Present,Absent,Absent,Absent,,0,0,1,0,0,0,1,1,0,0,0,1,2,3,Pass,Pass,Pass,Pass,Pass,Pass,Pass,Pass,Pass,Pass,Pass,
REC0189,188,188,Benthic Habitat Maps for the Insular Shelf South of St. Thomas and St. John,"St. Thomas, USVI",AA,Accuracy Assessment,HD Seaviewer Drop Camera,AA2017_201,2017-02-04,11:49:33,2017,2,18.2708786,-64.93155901,2069278.903,-7228148.085,2069278.903,-7228148.085,0.001,-33.99729919,33.997,https://nccospublicstor.blob.core.windows.net/biomapper/usviinsularshelf2017/videos/low/AA2017_201.mp4,Absent,Absent,Absent,Present,Absent,Absent,Absent,Absent,Absent,Absent,Absent,,0,0,0,1,0,0,0,0,0,0,0,1,0,1,Pass,Pass,Pass,Pass,Pass,Pass,Pass,Pass,Pass,Pass,Pass,
REC0190,189,189,Benthic Habitat Maps for the Insular Shelf South of St. Thomas and St. John,"St. Thomas, USVI",AA,Accuracy Assessment,HD Seaviewer Drop Camera,AA2017_202,2017-02-04,11:41:49,2017,2,18.25899742,-64.92725542,2067886.125,-7227669.012,2067886.125,-7227669.012,0.0,-36.40940094,36.409,https://nccospublicstor.blob.core.windows.net/biomapper/usviinsularshelf2017/videos/low/AA2017_202.mp4,Absent,Absent,Present,Absent,Absent,Absent,Present,Present,Absent,Absent,Absent,,0,0,1,0,0,0,1,1,0,0,0,1,2,3,Pass,Pass,Pass,Pass,Pass,Pass,Pass,Pass,Pass,Pass,Pass,
REC0191,190,190,Benthic Habitat Maps for the Insular Shelf South of St. Thomas and St. John,"St. Thomas, USVI",AA,Accuracy Assessment,HD Seaviewer Drop Camera,AA2017_203,2017-02-04,10:25:06,2017,2,18.21894724,-64.92585375,2063191.919,-7227512.979,2063191.919,-7227512.979,0.0,-44.17750168,44.178,https://nccospublicstor.blob.core.windows.net/biomapper/usviinsularshelf2017/videos/low/AA2017_203.mp4,Absent,Absent,Present,Absent,Absent,Absent,Present,Absent,Absent,Absent,Absent,,0,0,1,0,0,0,1,0,0,0,0,1,1,2,Pass,Pass,Pass,Pass,Pass,Pass,Pass,Pass,Pass,Pass,Pass,
REC0192,191,191,Benthic Habitat Maps for the Insular Shelf South of St. Thomas and St. John,"St. Thomas, USVI",AA,Accuracy Assessment,HD Seaviewer Drop Camera,AA2017_204,2017-02-04,10:45:32,2017,2,18.22761528,-64.92557439,2064207.792,-7227481.881,2064207.792,-7227481.881,0.0,-43.26100159,43.261,https://nccospublicstor.blob.core.windows.net/biomapper/usviinsularshelf2017/videos/low/AA2017_204.mp4,Absent,Absent,Present,Present,Absent,Absent,Present,Present,Absent,Absent,Absent,,0,0,1,1,0,0,1,1,0,0,0,2,2,4,Pass,Pass,Pass,Pass,Pass,Pass,Pass,Pass,Pass,Pass,Pass,
REC0193,192,192,Benthic Habitat Maps for the Insular Shelf South of St. Thomas and St. John,"St. Thomas, USVI",AA,Accuracy Assessment,HD Seaviewer Drop Camera,AA2017_205,2017-02-04,11:21:25,2017,2,18.25265251,-64.92044415,2067142.378,-7226910.785,2067142.378,-7226910.785,0.0,-39.17250061,39.173,https://nccospublicstor.blob.core.windows.net/biomapper/usviinsularshelf2017/videos/low/AA2017_205.mp4,Absent,Absent,Present,Absent,Absent,Absent,Present,Present,Absent,Absent,Absent,,0,0,1,0,0,0,1,1,0,0,0,1,2,3,Pass,Pass,Pass,Pass,Pass,Pass,Pass,Pass,Pass,Pass,Pass,
REC0194,193,193,Benthic Habitat Maps for the Insular Shelf South of St. Thomas and St. John,"St. Thomas, USVI",AA,Accuracy Assessment,HD Seaviewer Drop Camera,AA2017_206,2017-02-04,11:04:59,2017,2,18.23744746,-64.91929551,2065360.161,-7226782.919,2065360.161,-7226782.919,0.0,-42.03749847,42.037,https://nccospublicstor.blob.core.windows.net/biomapper/usviinsularshelf2017/videos/low/AA2017_206.mp4,Absent,Absent,Absent,Present,Absent,Absent,Absent,Absent,Absent,Absent,Absent,,0,0,0,1,0,0,0,0,0,0,0,1,0,1,Pass,Pass,Pass,Pass,Pass,Pass,Pass,Pass,Pass,Pass,Pass,
REC0195,194,194,Benthic Habitat Maps for the Insular Shelf South of St. Thomas and St. John,"St. Thomas, USVI",AA,Accuracy Assessment,HD Seaviewer Drop Camera,AA2017_207,2017-02-10,10:59:19,2017,2,18.20883979,-64.91867931,2062007.415,-7226714.324,2062007.415,-7226714.324,0.0,-45.35919952,45.359,https://nccospublicstor.blob.core.windows.net/biomapper/usviinsularshelf2017/videos/low/AA2017_207.mp4,Absent,Present,Present,Present,Present,Absent,Present,Present,Absent,Absent,Absent,filamentous algae,0,1,1,1,1,0,1,1,0,0,0,3,3,6,Pass,Pass,Pass,Pass,Pass,Pass,Pass,Pass,Pass,Pass,Pass,
REC0196,195,195,Benthic Habitat Maps for the Insular Shelf South of St. Thomas and St. John,"St. Thomas, USVI",AA,Accuracy Assessment,HD Seaviewer Drop Camera,AA2017_208,2017-02-04,10:35:59,2017,2,18.22038485,-64.91860815,2063360.4,-7226706.402,2063360.4,-7226706.402,0.0,-43.6393013,43.639,https://nccospublicstor.blob.core.windows.net/biomapper/usviinsularshelf2017/videos/low/AA2017_208.mp4,Absent,Present,Present,Present,Absent,Absent,Present,Present,Absent,Absent,Absent,ignored filamentous algae. Southern stingray ~1:08 into video,0,1,1,1,0,0,1,1,0,0,0,3,2,5,Pass,Pass,Pass,Pass,Pass,Pass,Pass,Pass,Pass,Pass,Pass,
REC0197,196,196,Benthic Habitat Maps for the Insular Shelf South of St. Thomas and St. John,"St. Thomas, USVI",AA,Accuracy Assessment,HD Seaviewer Drop Camera,AA2017_209,2017-02-04,11:14:13,2017,2,18.25064749,-64.9177289,2066907.356,-7226608.525,2066907.356,-7226608.525,0.0,-39.46609879,39.466,https://nccospublicstor.blob.core.windows.net/biomapper/usviinsularshelf2017/videos/low/AA2017_209.mp4,Absent,Absent,Present,Absent,Absent,Absent,Present,Present,Absent,Absent,Absent,,0,0,1,0,0,0,1,1,0,0,0,1,2,3,Pass,Pass,Pass,Pass,Pass,Pass,Pass,Pass,Pass,Pass,Pass,
REC0198,197,197,Benthic Habitat Maps for the Insular Shelf South of St. Thomas and St. John,"St. Thomas, USVI",AA,Accuracy Assessment,HD Seaviewer Drop Camera,AA2017_210,2017-02-10,09:25:52,2017,2,18.19256795,-64.91604722,2060100.643,-7226421.321,2060100.643,-7226421.321,0.0,-52.42639923,52.426,https://nccospublicstor.blob.core.windows.net/biomapper/usviinsularshelf2017/videos/low/AA2017_210.mp4,Absent,Absent,Present,Absent,Absent,Absent,Absent,Absent,Absent,Absent,Absent,,0,0,1,0,0,0,0,0,0,0,0,1,0,1,Pass,Pass,Pass,Pass,Pass,Pass,Pass,Pass,Pass,Pass,Pass,
REC0199,198,198,Benthic Habitat Maps for the Insular Shelf South of St. Thomas and St. John,"St. Thomas, USVI",AA,Accuracy Assessment,HD Seaviewer Drop Camera,AA2017_211,2017-02-04,10:54:57,2017,2,18.22901981,-64.91623885,2064372.404,-7226442.653,2064372.404,-7226442.653,0.0,-43.3716011,43.372,https://nccospublicstor.blob.core.windows.net/biomapper/usviinsularshelf2017/videos/low/AA2017_211.mp4,Absent,Absent,Present,Present,Absent,Absent,Present,Absent,Absent,Absent,Absent,,0,0,1,1,0,0,1,0,0,0,0,2,1,3,Pass,Pass,Pass,Pass,Pass,Pass,Pass,Pass,Pass,Pass,Pass,
REC0200,199,199,Benthic Habitat Maps for the Insular Shelf South of St. Thomas and St. John,"St. Thomas, USVI",AA,Accuracy Assessment,HD Seaviewer Drop Camera,AA2017_212,2017-02-10,09:39:12,2017,2,18.20264624,-64.91511242,2061281.619,-7226317.259,2061281.619,-7226317.259,0.001,-49.30310059,49.303,https://nccospublicstor.blob.core.windows.net/biomapper/usviinsularshelf2017/videos/low/AA2017_212.mp4,Absent,Present,Present,Absent,Present,Absent,Present,Present,Absent,Absent,Absent,,0,1,1,0,1,0,1,1,0,0,0,2,3,5,Pass,Pass,Pass,Pass,Pass,Pass,Pass,Pass,Pass,Pass,Pass,
REC0201,200,200,Benthic Habitat Maps for the Insular Shelf South of St. Thomas and St. John,"St. Thomas, USVI",AA,Accuracy Assessment,HD Seaviewer Drop Camera,AA2017_213,2017-02-10,09:33:41,2017,2,18.19805038,-64.9140759,2060743.067,-7226201.874,2060743.067,-7226201.875,0.001,-52.32149887,52.321,https://nccospublicstor.blob.core.windows.net/biomapper/usviinsularshelf2017/videos/low/AA2017_213.mp4,Absent,Present,Present,Absent,Present,Absent,Present,Present,Absent,Absent,Absent,,0,1,1,0,1,0,1,1,0,0,0,2,3,5,Pass,Pass,Pass,Pass,Pass,Pass,Pass,Pass,Pass,Pass,Pass,
REC0202,201,201,Benthic Habitat Maps for the Insular Shelf South of St. Thomas and St. John,"St. Thomas, USVI",AA,Accuracy Assessment,HD Seaviewer Drop Camera,AA2017_214,2017-02-10,09:17:51,2017,2,18.18438276,-64.91302314,2059141.55,-7226084.682,2059141.55,-7226084.682,0.001,-56.66719818,56.667,https://nccospublicstor.blob.core.windows.net/biomapper/usviinsularshelf2017/videos/low/AA2017_214.mp4,Absent,Absent,Present,Absent,Absent,Absent,Absent,Present,Absent,Absent,Absent,macroalgae almost >20%,0,0,1,0,0,0,0,1,0,0,0,1,1,2,Pass,Pass,Pass,Pass,Pass,Pass,Pass,Pass,Pass,Pass,Pass,
REC0203,202,202,Benthic Habitat Maps for the Insular Shelf South of St. Thomas and St. John,"St. Thomas, USVI",AA,Accuracy Assessment,HD Seaviewer Drop Camera,AA2017_215,2017-02-04,11:31:47,2017,2,18.2572991,-64.91366105,2067687.046,-7226155.694,2067687.046,-7226155.694,0.0,-38.29000092,38.29,https://nccospublicstor.blob.core.windows.net/biomapper/usviinsularshelf2017/videos/low/AA2017_215.mp4,Absent,Absent,Present,Absent,Absent,Absent,Present,Absent,Absent,Absent,Absent,"macroalgae just >20%, mostly uncolonized rhodo",0,0,1,0,0,0,1,0,0,0,0,1,1,2,Pass,Pass,Pass,Pass,Pass,Pass,Pass,Pass,Pass,Pass,Pass,
REC0204,203,203,Benthic Habitat Maps for the Insular Shelf South of St. Thomas and St. John,"St. Thomas, USVI",AA,Accuracy Assessment,HD Seaviewer Drop Camera,AA2017_218,2017-02-10,09:48:27,2017,2,18.19229505,-64.90685519,2060068.665,-7225398.069,2060068.665,-7225398.069,0.0,-52.36169815,52.362,https://nccospublicstor.blob.core.windows.net/biomapper/usviinsularshelf2017/videos/low/AA2017_218.mp4,Absent,Present,Present,Absent,Present,Absent,Present,Present,Absent,Absent,Absent,,0,1,1,0,1,0,1,1,0,0,0,2,3,5,Pass,Pass,Pass,Pass,Pass,Pass,Pass,Pass,Pass,Pass,Pass,
REC0205,204,204,Benthic Habitat Maps for the Insular Shelf South of St. Thomas and St. John,"St. Thomas, USVI",AA,Accuracy Assessment,HD Seaviewer Drop Camera,AA2017_219,2017-02-10,10:52:33,2017,2,18.20686726,-64.9066442,2061776.26,-7225374.581,2061776.26,-7225374.581,0.0,-46.13869858,46.139,https://nccospublicstor.blob.core.windows.net/biomapper/usviinsularshelf2017/videos/low/AA2017_219.mp4,Present,Present,Absent,Absent,Present,Absent,Present,Present,Absent,Absent,Absent,,1,1,0,0,1,0,1,1,0,0,0,2,3,5,Pass,Pass,Pass,Pass,Pass,Pass,Pass,Pass,Pass,Pass,Pass,
REC0206,205,205,Benthic Habitat Maps for the Insular Shelf South of St. Thomas and St. John,"St. Thomas, USVI",AA,Accuracy Assessment,HD Seaviewer Drop Camera,AA2017_220,2017-02-09,13:57:40,2017,2,18.26548038,-64.90718729,2068646.082,-7225435.038,2068646.082,-7225435.038,0.0,-31.04220009,31.042,https://nccospublicstor.blob.core.windows.net/biomapper/usviinsularshelf2017/videos/low/AA2017_220.mp4,Absent,Absent,Absent,Present,Absent,Absent,Absent,Absent,Absent,Absent,Absent,,0,0,0,1,0,0,0,0,0,0,0,1,0,1,Pass,Pass,Pass,Pass,Pass,Pass,Pass,Pass,Pass,Pass,Pass,
REC0207,206,206,Benthic Habitat Maps for the Insular Shelf South of St. Thomas and St. John,"St. Thomas, USVI",AA,Accuracy Assessment,HD Seaviewer Drop Camera,AA2017_221,2017-02-09,12:07:38,2017,2,18.23211023,-64.90589042,2064734.609,-7225290.671,2064734.609,-7225290.671,0.0,-42.55289841,42.553,https://nccospublicstor.blob.core.windows.net/biomapper/usviinsularshelf2017/videos/low/AA2017_221.mp4,Absent,Absent,Present,Present,Absent,Absent,Present,Present,Absent,Absent,Absent,,0,0,1,1,0,0,1,1,0,0,0,2,2,4,Pass,Pass,Pass,Pass,Pass,Pass,Pass,Pass,Pass,Pass,Pass,
REC0208,207,207,Benthic Habitat Maps for the Insular Shelf South of St. Thomas and St. John,"St. Thomas, USVI",AA,Accuracy Assessment,HD Seaviewer Drop Camera,AA2017_222,2017-02-10,09:55:59,2017,2,18.19712213,-64.90506475,2060634.294,-7225198.758,2060634.294,-7225198.758,0.0,-50.51309967,50.513,https://nccospublicstor.blob.core.windows.net/biomapper/usviinsularshelf2017/videos/low/AA2017_222.mp4,Absent,Present,Present,Absent,Present,Absent,Present,Present,Absent,Absent,Absent,,0,1,1,0,1,0,1,1,0,0,0,2,3,5,Pass,Pass,Pass,Pass,Pass,Pass,Pass,Pass,Pass,Pass,Pass,
REC0209,208,208,Benthic Habitat Maps for the Insular Shelf South of St. Thomas and St. John,"St. Thomas, USVI",AA,Accuracy Assessment,HD Seaviewer Drop Camera,AA2017_223,2017-02-09,13:49:49,2017,2,18.257371,-64.90445596,2067695.474,-7225130.988,2067695.474,-7225130.988,0.0,-37.39419937,37.394,https://nccospublicstor.blob.core.windows.net/biomapper/usviinsularshelf2017/videos/low/AA2017_223.mp4,Absent,Absent,Present,Absent,Absent,Absent,Present,Present,Absent,Absent,Absent,,0,0,1,0,0,0,1,1,0,0,0,1,2,3,Pass,Pass,Pass,Pass,Pass,Pass,Pass,Pass,Pass,Pass,Pass,
REC0210,209,209,Benthic Habitat Maps for the Insular Shelf South of St. Thomas and St. John,"St. Thomas, USVI",AA,Accuracy Assessment,HD Seaviewer Drop Camera,AA2017_224,2017-02-09,13:43:30,2017,2,18.25514803,-64.90222099,2067434.898,-7224882.192,2067434.898,-7224882.192,0.0,-38.49729919,38.497,https://nccospublicstor.blob.core.windows.net/biomapper/usviinsularshelf2017/videos/low/AA2017_224.mp4,Absent,Absent,Present,Present,Absent,Absent,Present,Present,Absent,Absent,Absent,,0,0,1,1,0,0,1,1,0,0,0,2,2,4,Pass,Pass,Pass,Pass,Pass,Pass,Pass,Pass,Pass,Pass,Pass,
REC0211,210,210,Benthic Habitat Maps for the Insular Shelf South of St. Thomas and St. John,"St. Thomas, USVI",AA,Accuracy Assessment,HD Seaviewer Drop Camera,AA2017_225,2017-02-10,09:08:44,2017,2,18.18350835,-64.90091877,2059039.095,-7224737.23,2059039.095,-7224737.229,0.001,-55.19490051,55.195,https://nccospublicstor.blob.core.windows.net/biomapper/usviinsularshelf2017/videos/low/AA2017_225.mp4,Absent,Present,Present,Absent,Present,Absent,Present,Present,Absent,Absent,Absent,,0,1,1,0,1,0,1,1,0,0,0,2,3,5,Pass,Pass,Pass,Pass,Pass,Pass,Pass,Pass,Pass,Pass,Pass,
REC0212,211,211,Benthic Habitat Maps for the Insular Shelf South of St. Thomas and St. John,"St. Thomas, USVI",AA,Accuracy Assessment,HD Seaviewer Drop Camera,AA2017_227,2017-02-09,12:15:30,2017,2,18.24371253,-64.89875033,2066094.484,-7224495.84,2066094.484,-7224495.84,0.0,-40.27529907,40.275,https://nccospublicstor.blob.core.windows.net/biomapper/usviinsularshelf2017/videos/low/AA2017_227.mp4,Absent,Absent,Present,Present,Absent,Absent,Present,Absent,Absent,Absent,Absent,,0,0,1,1,0,0,1,0,0,0,0,2,1,3,Pass,Pass,Pass,Pass,Pass,Pass,Pass,Pass,Pass,Pass,Pass,
REC0213,212,212,Benthic Habitat Maps for the Insular Shelf South of St. Thomas and St. John,"St. Thomas, USVI",AA,Accuracy Assessment,HD Seaviewer Drop Camera,AA2017_228,2017-02-09,11:58:40,2017,2,18.23337784,-64.89803177,2064883.178,-7224415.85,2064883.178,-7224415.85,0.0,-42.47700119,42.477,https://nccospublicstor.blob.core.windows.net/biomapper/usviinsularshelf2017/videos/low/AA2017_228.mp4,Absent,Absent,Present,Present,Absent,Absent,Present,Absent,Absent,Absent,Absent,,0,0,1,1,0,0,1,0,0,0,0,2,1,3,Pass,Pass,Pass,Pass,Pass,Pass,Pass,Pass,Pass,Pass,Pass,
REC0214,213,213,Benthic Habitat Maps for the Insular Shelf South of St. Thomas and St. John,"St. Thomas, USVI",AA,Accuracy Assessment,HD Seaviewer Drop Camera,AA2017_229,2017-02-10,09:01:06,2017,2,18.18054925,-64.8954064,2058692.378,-7224123.595,2058692.378,-7224123.595,0.0,-52.31200027,52.312,https://nccospublicstor.blob.core.windows.net/biomapper/usviinsularshelf2017/videos/low/AA2017_229.mp4,Absent,Present,Present,Absent,Present,Absent,Present,Present,Absent,Absent,Absent,,0,1,1,0,1,0,1,1,0,0,0,2,3,5,Pass,Pass,Pass,Pass,Pass,Pass,Pass,Pass,Pass,Pass,Pass,
REC0215,214,214,Benthic Habitat Maps for the Insular Shelf South of St. Thomas and St. John,"St. Thomas, USVI",AA,Accuracy Assessment,HD Seaviewer Drop Camera,AA2017_230,2017-02-10,10:06:18,2017,2,18.19204871,-64.89451877,2060039.8,-7224024.785,2060039.8,-7224024.785,0.0,-51.04560089,51.046,https://nccospublicstor.blob.core.windows.net/biomapper/usviinsularshelf2017/videos/low/AA2017_230.mp4,Absent,Present,Present,Absent,Present,Absent,Present,Present,Absent,Absent,Absent,,0,1,1,0,1,0,1,1,0,0,0,2,3,5,Pass,Pass,Pass,Pass,Pass,Pass,Pass,Pass,Pass,Pass,Pass,
REC0216,215,215,Benthic Habitat Maps for the Insular Shelf South of St. Thomas and St. John,"St. Thomas, USVI",AA,Accuracy Assessment,HD Seaviewer Drop Camera,AA2017_231,2017-02-10,10:13:02,2017,2,18.19978909,-64.89335432,2060946.811,-7223895.159,2060946.811,-7223895.159,0.0,-49.10760117,49.108,https://nccospublicstor.blob.core.windows.net/biomapper/usviinsularshelf2017/videos/low/AA2017_231.mp4,Absent,Absent,Present,Absent,Absent,Absent,Present,Absent,Absent,Absent,Absent,,0,0,1,0,0,0,1,0,0,0,0,1,1,2,Pass,Pass,Pass,Pass,Pass,Pass,Pass,Pass,Pass,Pass,Pass,
REC0217,216,216,Benthic Habitat Maps for the Insular Shelf South of St. Thomas and St. John,"St. Thomas, USVI",AA,Accuracy Assessment,HD Seaviewer Drop Camera,AA2017_232,2017-02-09,12:23:47,2017,2,18.25265785,-64.89310571,2067143.004,-7223867.484,2067143.004,-7223867.484,0.0,-40.74200058,40.742,https://nccospublicstor.blob.core.windows.net/biomapper/usviinsularshelf2017/videos/low/AA2017_232.mp4,Absent,Absent,Present,Absent,Absent,Absent,Present,Present,Absent,Absent,Absent,,0,0,1,0,0,0,1,1,0,0,0,1,2,3,Pass,Pass,Pass,Pass,Pass,Pass,Pass,Pass,Pass,Pass,Pass,
REC0218,217,217,Benthic Habitat Maps for the Insular Shelf South of St. Thomas and St. John,"St. Thomas, USVI",AA,Accuracy Assessment,HD Seaviewer Drop Camera,AA2017_233,2017-02-10,08:55:19,2017,2,18.18545215,-64.89075471,2059266.853,-7223605.771,2059266.853,-7223605.772,0.001,-50.0340004,50.034,https://nccospublicstor.blob.core.windows.net/biomapper/usviinsularshelf2017/videos/low/AA2017_233.mp4,Absent,Present,Present,Absent,Present,Absent,Present,Present,Absent,Absent,Absent,,0,1,1,0,1,0,1,1,0,0,0,2,3,5,Pass,Pass,Pass,Pass,Pass,Pass,Pass,Pass,Pass,Pass,Pass,
REC0219,218,218,Benthic Habitat Maps for the Insular Shelf South of St. Thomas and St. John,"St. Thomas, USVI",AA,Accuracy Assessment,HD Seaviewer Drop Camera,AA2017_234,2017-02-10,10:44:00,2017,2,18.20633936,-64.89242935,2061714.397,-7223792.192,2061714.397,-7223792.192,0.0,-47.47700119,47.477,https://nccospublicstor.blob.core.windows.net/biomapper/usviinsularshelf2017/videos/low/AA2017_234.mp4,Absent,Absent,Present,Absent,Absent,Absent,Present,Absent,Absent,Absent,Absent,,0,0,1,0,0,0,1,0,0,0,0,1,1,2,Pass,Pass,Pass,Pass,Pass,Pass,Pass,Pass,Pass,Pass,Pass,
REC0220,219,219,Benthic Habitat Maps for the Insular Shelf South of St. Thomas and St. John,"St. Thomas, USVI",AA,Accuracy Assessment,HD Seaviewer Drop Camera,AA2017_235,2017-02-10,10:37:16,2017,2,18.21341239,-64.88633668,2062543.275,-7223113.959,2062543.275,-7223113.959,0.0,-42.53450012,42.535,https://nccospublicstor.blob.core.windows.net/biomapper/usviinsularshelf2017/videos/low/AA2017_235.mp4,Present,Absent,Absent,Absent,Present,Absent,Present,Absent,Absent,Absent,Absent,,1,0,0,0,1,0,1,0,0,0,0,1,2,3,Pass,Pass,Pass,Pass,Pass,Pass,Pass,Pass,Pass,Pass,Pass,
REC0221,220,220,Benthic Habitat Maps for the Insular Shelf South of St. Thomas and St. John,"St. Thomas, USVI",AA,Accuracy Assessment,HD Seaviewer Drop Camera,AA2017_236,2017-02-09,13:29:07,2017,2,18.26132711,-64.8852129,2068159.217,-7222988.86,2068159.217,-7222988.86,0.0,-37.27299881,37.273,https://nccospublicstor.blob.core.windows.net/biomapper/usviinsularshelf2017/videos/low/AA2017_236.mp4,Absent,Absent,Present,Absent,Absent,Absent,Present,Present,Absent,Absent,Absent,,0,0,1,0,0,0,1,1,0,0,0,1,2,3,Pass,Pass,Pass,Pass,Pass,Pass,Pass,Pass,Pass,Pass,Pass,
REC0222,221,221,Benthic Habitat Maps for the Insular Shelf South of St. Thomas and St. John,"St. Thomas, USVI",AA,Accuracy Assessment,HD Seaviewer Drop Camera,AA2017_237,2017-02-09,13:36:30,2017,2,18.26358053,-64.89035941,2068423.371,-7223561.767,2068423.371,-7223561.767,0.0,-27.33930016,27.339,https://nccospublicstor.blob.core.windows.net/biomapper/usviinsularshelf2017/videos/low/AA2017_237.mp4,Present,Absent,Absent,Present,Present,Absent,Present,Present,Absent,Absent,Absent,,1,0,0,1,1,0,1,1,0,0,0,2,3,5,Pass,Pass,Pass,Pass,Pass,Pass,Pass,Pass,Pass,Pass,Pass,
REC0223,222,222,Benthic Habitat Maps for the Insular Shelf South of St. Thomas and St. John,"St. Thomas, USVI",AA,Accuracy Assessment,HD Seaviewer Drop Camera,AA2017_238,2017-02-09,13:24:25,2017,2,18.26410538,-64.88161556,2068484.897,-7222588.406,2068484.897,-7222588.406,0.0,-32.43320084,32.433,https://nccospublicstor.blob.core.windows.net/biomapper/usviinsularshelf2017/videos/low/AA2017_238.mp4,Absent,Absent,Absent,Present,Absent,Absent,Absent,Absent,Absent,Absent,Absent,,0,0,0,1,0,0,0,0,0,0,0,1,0,1,Pass,Pass,Pass,Pass,Pass,Pass,Pass,Pass,Pass,Pass,Pass,
REC0224,223,223,Benthic Habitat Maps for the Insular Shelf South of St. Thomas and St. John,"St. Thomas, USVI",AA,Accuracy Assessment,HD Seaviewer Drop Camera,AA2017_239,2017-02-10,10:23:14,2017,2,18.20165921,-64.87679815,2061165.956,-7222052.134,2061165.956,-7222052.134,0.0,-51.37390137,51.374,https://nccospublicstor.blob.core.windows.net/biomapper/usviinsularshelf2017/videos/low/AA2017_239.mp4,Absent,Present,Present,Absent,Absent,Absent,Present,Present,Absent,Absent,Absent,,0,1,1,0,0,0,1,1,0,0,0,2,2,4,Pass,Pass,Pass,Pass,Pass,Pass,Pass,Pass,Pass,Pass,Pass,
REC0225,224,224,Benthic Habitat Maps for the Insular Shelf South of St. Thomas and St. John,"St. Thomas, USVI",AA,Accuracy Assessment,HD Seaviewer Drop Camera,AA2017_240,2017-02-09,13:17:44,2017,2,18.26955124,-64.87651219,2069123.298,-7222020.301,2069123.298,-7222020.301,0.0,-30.19210052,30.192,https://nccospublicstor.blob.core.windows.net/biomapper/usviinsularshelf2017/videos/low/AA2017_240.mp4,Absent,Absent,Present,Present,Absent,Absent,Present,Present,Absent,Absent,Absent,,0,0,1,1,0,0,1,1,0,0,0,2,2,4,Pass,Pass,Pass,Pass,Pass,Pass,Pass,Pass,Pass,Pass,Pass,
REC0226,225,225,Benthic Habitat Maps for the Insular Shelf South of St. Thomas and St. John,"St. Thomas, USVI",AA,Accuracy Assessment,HD Seaviewer Drop Camera,AA2017_241,2017-02-09,12:33:46,2017,2,18.25290508,-64.8766043,2067171.983,-7222030.555,2067171.983,-7222030.555,0.0,-39.00189972,39.002,https://nccospublicstor.blob.core.windows.net/biomapper/usviinsularshelf2017/videos/low/AA2017_241.mp4,Absent,Absent,Present,Absent,Absent,Absent,Present,Present,Absent,Absent,Absent,,0,0,1,0,0,0,1,1,0,0,0,1,2,3,Pass,Pass,Pass,Pass,Pass,Pass,Pass,Pass,Pass,Pass,Pass,
REC0227,226,226,Benthic Habitat Maps for the Insular Shelf South of St. Thomas and St. John,"St. Thomas, USVI",AA,Accuracy Assessment,HD Seaviewer Drop Camera,AA2017_242,2017-02-09,13:12:58,2017,2,18.26326735,-64.87660294,2068386.659,-7222030.404,2068386.659,-7222030.404,0.0,-21.67849922,21.678,https://nccospublicstor.blob.core.windows.net/biomapper/usviinsularshelf2017/videos/low/AA2017_242.mp4,Present,Absent,Absent,Present,Present,Present,Present,Present,Absent,Absent,Absent,,1,0,0,1,1,1,1,1,0,0,0,2,4,6,Pass,Pass,Pass,Pass,Pass,Pass,Pass,Pass,Pass,Pass,Pass,
REC0228,227,227,Benthic Habitat Maps for the Insular Shelf South of St. Thomas and St. John,"St. Thomas, USVI",AA,Accuracy Assessment,HD Seaviewer Drop Camera,AA2017_243,2017-02-10,08:44:22,2017,2,18.18519323,-64.8754683,2059236.515,-7221904.096,2059236.515,-7221904.096,0.0,-28.39620018,28.396,https://nccospublicstor.blob.core.windows.net/biomapper/usviinsularshelf2017/videos/low/AA2017_243.mp4,Absent,Present,Absent,Absent,Present,Present,Present,Present,Absent,Absent,Absent,textbook pavement,0,1,0,0,1,1,1,1,0,0,0,1,4,5,Pass,Pass,Pass,Pass,Pass,Pass,Pass,Pass,Pass,Pass,Pass,
REC0229,228,228,Benthic Habitat Maps for the Insular Shelf South of St. Thomas and St. John,"St. Thomas, USVI",AA,Accuracy Assessment,HD Seaviewer Drop Camera,AA2017_244,2017-02-09,11:43:48,2017,2,18.21733408,-64.87242516,2063002.867,-7221565.335,2063002.866,-7221565.335,0.001,-41.14690018,41.147,https://nccospublicstor.blob.core.windows.net/biomapper/usviinsularshelf2017/videos/low/AA2017_244.mp4,Present,Absent,Absent,Absent,Present,Absent,Present,Present,Absent,Absent,Absent,,1,0,0,0,1,0,1,1,0,0,0,1,3,4,Pass,Pass,Pass,Pass,Pass,Pass,Pass,Pass,Pass,Pass,Pass,
REC0230,229,229,Benthic Habitat Maps for the Insular Shelf South of St. Thomas and St. John,"St. Thomas, USVI",AA,Accuracy Assessment,HD Seaviewer Drop Camera,AA2017_245,2017-02-09,13:06:15,2017,2,18.2619188,-64.87220531,2068228.577,-7221540.862,2068228.577,-7221540.862,0.001,-27.43470001,27.435,https://nccospublicstor.blob.core.windows.net/biomapper/usviinsularshelf2017/videos/low/AA2017_245.mp4,Present,Absent,Absent,Present,Present,Present,Present,Present,Absent,Absent,Absent,,1,0,0,1,1,1,1,1,0,0,0,2,4,6,Pass,Pass,Pass,Pass,Pass,Pass,Pass,Pass,Pass,Pass,Pass,
REC0231,230,230,Benthic Habitat Maps for the Insular Shelf South of St. Thomas and St. John,"St. Thomas, USVI",AA,Accuracy Assessment,HD Seaviewer Drop Camera,AA2017_246,2017-02-09,13:00:22,2017,2,18.26645081,-64.8698856,2068759.842,-7221282.633,2068759.842,-7221282.633,0.0,-33.10800171,33.108,https://nccospublicstor.blob.core.windows.net/biomapper/usviinsularshelf2017/videos/low/AA2017_246.mp4,Absent,Absent,Present,Present,Absent,Absent,Present,Present,Absent,Absent,Absent,,0,0,1,1,0,0,1,1,0,0,0,2,2,4,Pass,Pass,Pass,Pass,Pass,Pass,Pass,Pass,Pass,Pass,Pass,
REC0232,231,231,Benthic Habitat Maps for the Insular Shelf South of St. Thomas and St. John,"St. Thomas, USVI",AA,Accuracy Assessment,HD Seaviewer Drop Camera,AA2017_247,2017-02-10,10:29:35,2017,2,18.20587289,-64.87236297,2061659.734,-7221558.412,2061659.733,-7221558.412,0.001,-48.19739914,48.197,https://nccospublicstor.blob.core.windows.net/biomapper/usviinsularshelf2017/videos/low/AA2017_247.mp4,Absent,Present,Present,Absent,Absent,Absent,Present,Present,Absent,Absent,Absent,,0,1,1,0,0,0,1,1,0,0,0,2,2,4,Pass,Pass,Pass,Pass,Pass,Pass,Pass,Pass,Pass,Pass,Pass,
REC0233,232,232,Benthic Habitat Maps for the Insular Shelf South of St. Thomas and St. John,"St. Thomas, USVI",AA,Accuracy Assessment,HD Seaviewer Drop Camera,AA2017_248,2017-02-09,11:34:51,2017,2,18.22845604,-64.8675054,2064306.33,-7221017.67,2064306.33,-7221017.67,0.0,-43.68199921,43.682,https://nccospublicstor.blob.core.windows.net/biomapper/usviinsularshelf2017/videos/low/AA2017_248.mp4,Absent,Absent,Present,Absent,Absent,Absent,Present,Present,Absent,Absent,Absent,,0,0,1,0,0,0,1,1,0,0,0,1,2,3,Pass,Pass,Pass,Pass,Pass,Pass,Pass,Pass,Pass,Pass,Pass,
REC0234,233,233,Benthic Habitat Maps for the Insular Shelf South of St. Thomas and St. John,"St. Thomas, USVI",AA,Accuracy Assessment,HD Seaviewer Drop Camera,AA2017_249,2017-02-09,11:27:23,2017,2,18.22219502,-64.86437674,2063572.545,-7220669.389,2063572.545,-7220669.389,0.0,-48.43669891,48.437,https://nccospublicstor.blob.core.windows.net/biomapper/usviinsularshelf2017/videos/low/AA2017_249.mp4,Absent,Absent,Present,Absent,Absent,Absent,Absent,Absent,Absent,Absent,Absent,,0,0,1,0,0,0,0,0,0,0,0,1,0,1,Pass,Pass,Pass,Pass,Pass,Pass,Pass,Pass,Pass,Pass,Pass,
REC0235,234,234,Benthic Habitat Maps for the Insular Shelf South of St. Thomas and St. John,"St. Thomas, USVI",AA,Accuracy Assessment,HD Seaviewer Drop Camera,AA2017_250,2017-02-09,12:42:53,2017,2,18.26110099,-64.86407798,2068132.71,-7220636.132,2068132.71,-7220636.132,0.001,-34.52149963,34.521,https://nccospublicstor.blob.core.windows.net/biomapper/usviinsularshelf2017/videos/low/AA2017_250.mp4,Absent,Absent,Present,Present,Absent,Absent,Present,Present,Absent,Absent,Absent,,0,0,1,1,0,0,1,1,0,0,0,2,2,4,Pass,Pass,Pass,Pass,Pass,Pass,Pass,Pass,Pass,Pass,Pass,
REC0236,235,235,Benthic Habitat Maps for the Insular Shelf South of St. Thomas and St. John,"St. Thomas, USVI",AA,Accuracy Assessment,HD Seaviewer Drop Camera,AA2017_251,2017-02-10,08:36:34,2017,2,18.19567701,-64.86360887,2060464.956,-7220583.91,2060464.956,-7220583.91,0.0,-38.23770142,38.238,https://nccospublicstor.blob.core.windows.net/biomapper/usviinsularshelf2017/videos/low/AA2017_251.mp4,Absent,Present,Absent,Absent,Present,Present,Present,Present,Absent,Absent,Absent,textbook pavement,0,1,0,0,1,1,1,1,0,0,0,1,4,5,Pass,Pass,Pass,Pass,Pass,Pass,Pass,Pass,Pass,Pass,Pass,
REC0237,236,236,Benthic Habitat Maps for the Insular Shelf South of St. Thomas and St. John,"St. Thomas, USVI",AA,Accuracy Assessment,HD Seaviewer Drop Camera,AA2017_252,2017-02-10,08:27:16,2017,2,18.21199284,-64.86026431,2062376.917,-7220211.596,2062376.917,-7220211.596,0.0,-41.9618988,41.962,https://nccospublicstor.blob.core.windows.net/biomapper/usviinsularshelf2017/videos/low/AA2017_252.mp4,Present,Absent,Absent,Present,Present,Absent,Present,Present,Absent,Absent,Absent,,1,0,0,1,1,0,1,1,0,0,0,2,3,5,Pass,Pass,Pass,Pass,Pass,Pass,Pass,Pass,Pass,Pass,Pass,
REC0238,237,237,Benthic Habitat Maps for the Insular Shelf South of St. Thomas and St. John,"St. Thomas, USVI",AA,Accuracy Assessment,HD Seaviewer Drop Camera,AA2017_253,2017-02-09,12:51:49,2017,2,18.27346688,-64.85445356,2069582.329,-7219564.746,2069582.329,-7219564.746,0.0,-30.08609962,30.086,https://nccospublicstor.blob.core.windows.net/biomapper/usviinsularshelf2017/videos/low/AA2017_253.mp4,Absent,Absent,Present,Present,Absent,Absent,Absent,Present,Absent,Absent,Absent,,0,0,1,1,0,0,0,1,0,0,0,2,1,3,Pass,Pass,Pass,Pass,Pass,Pass,Pass,Pass,Pass,Pass,Pass,
REC0239,238,238,Benthic Habitat Maps for the Insular Shelf South of St. Thomas and St. John,"St. Thomas, USVI",AA,Accuracy Assessment,HD Seaviewer Drop Camera,AA2017_254,2017-02-09,11:20:15,2017,2,18.22786056,-64.85641169,2064236.539,-7219782.724,2064236.539,-7219782.724,0.0,-43.70660019,43.707,https://nccospublicstor.blob.core.windows.net/biomapper/usviinsularshelf2017/videos/low/AA2017_254.mp4,Absent,Absent,Present,Absent,Absent,Absent,Present,Present,Absent,Absent,Absent,,0,0,1,0,0,0,1,1,0,0,0,1,2,3,Pass,Pass,Pass,Pass,Pass,Pass,Pass,Pass,Pass,Pass,Pass,
REC0240,239,239,Benthic Habitat Maps for the Insular Shelf South of St. Thomas and St. John,"St. Thomas, USVI",AA,Accuracy Assessment,HD Seaviewer Drop Camera,AA2017_255,2017-02-09,11:07:23,2017,2,18.25547476,-64.85630958,2067473.197,-7219771.357,2067473.197,-7219771.357,0.0,-37.80789948,37.808,https://nccospublicstor.blob.core.windows.net/biomapper/usviinsularshelf2017/videos/low/AA2017_255.mp4,Absent,Absent,Present,Absent,Absent,Absent,Present,Absent,Absent,Absent,Absent,,0,0,1,0,0,0,1,0,0,0,0,1,1,2,Pass,Pass,Pass,Pass,Pass,Pass,Pass,Pass,Pass,Pass,Pass,
REC0241,240,240,Benthic Habitat Maps for the Insular Shelf South of St. Thomas and St. John,"St. Thomas, USVI",AA,Accuracy Assessment,HD Seaviewer Drop Camera,AA2017_256,2017-02-09,10:07:08,2017,2,18.2219495,-64.85426716,2063543.771,-7219543.996,2063543.771,-7219543.996,0.0,-48.59189987,48.592,https://nccospublicstor.blob.core.windows.net/biomapper/usviinsularshelf2017/videos/low/AA2017_256.mp4,Absent,Absent,Present,Absent,Absent,Absent,Absent,Absent,Absent,Absent,Absent,,0,0,1,0,0,0,0,0,0,0,0,1,0,1,Pass,Pass,Pass,Pass,Pass,Pass,Pass,Pass,Pass,Pass,Pass,
REC0242,241,241,Benthic Habitat Maps for the Insular Shelf South of St. Thomas and St. John,"St. Thomas, USVI",AA,Accuracy Assessment,HD Seaviewer Drop Camera,AA2017_257,2017-02-09,10:57:04,2017,2,18.25731424,-64.85087395,2067688.821,-7219166.266,2067688.821,-7219166.266,0.0,-36.32360077,36.324,https://nccospublicstor.blob.core.windows.net/biomapper/usviinsularshelf2017/videos/low/AA2017_257.mp4,Absent,Absent,Absent,Present,Absent,Absent,Absent,Absent,Absent,Absent,Absent,,0,0,0,1,0,0,0,0,0,0,0,1,0,1,Pass,Pass,Pass,Pass,Pass,Pass,Pass,Pass,Pass,Pass,Pass,
REC0243,242,242,Benthic Habitat Maps for the Insular Shelf South of St. Thomas and St. John,"St. Thomas, USVI",AA,Accuracy Assessment,HD Seaviewer Drop Camera,AA2017_258,2017-02-09,10:48:28,2017,2,18.25341796,-64.84794827,2067232.102,-7218840.58,2067232.102,-7218840.58,0.0,-38.89410019,38.894,https://nccospublicstor.blob.core.windows.net/biomapper/usviinsularshelf2017/videos/low/AA2017_258.mp4,Absent,Absent,Present,Absent,Absent,Absent,Present,Present,Absent,Absent,Absent,sand patch/edge of rhodoliths visible on descent,0,0,1,0,0,0,1,1,0,0,0,1,2,3,Pass,Pass,Pass,Pass,Pass,Pass,Pass,Pass,Pass,Pass,Pass,
REC0244,243,243,Benthic Habitat Maps for the Insular Shelf South of St. Thomas and St. John,"St. Thomas, USVI",AA,Accuracy Assessment,HD Seaviewer Drop Camera,AA2017_259,2017-02-09,10:26:37,2017,2,18.24400435,-64.85544341,2066128.689,-7219674.936,2066128.689,-7219674.936,0.0,-38.48070145,38.481,https://nccospublicstor.blob.core.windows.net/biomapper/usviinsularshelf2017/videos/low/AA2017_259.mp4,Absent,Absent,Present,Absent,Absent,Absent,Present,Present,Absent,Absent,Absent,,0,0,1,0,0,0,1,1,0,0,0,1,2,3,Pass,Pass,Pass,Pass,Pass,Pass,Pass,Pass,Pass,Pass,Pass,
REC0245,244,244,Benthic Habitat Maps for the Insular Shelf South of St. Thomas and St. John,"St. Thomas, USVI",AA,Accuracy Assessment,HD Seaviewer Drop Camera,AA2017_260,2017-02-09,10:18:29,2017,2,18.24424598,-64.84337427,2066157.011,-7218331.405,2066157.011,-7218331.405,0.0,-40.77740097,40.777,https://nccospublicstor.blob.core.windows.net/biomapper/usviinsularshelf2017/videos/low/AA2017_260.mp4,Absent,Absent,Present,Absent,Absent,Absent,Present,Present,Absent,Absent,Absent,,0,0,1,0,0,0,1,1,0,0,0,1,2,3,Pass,Pass,Pass,Pass,Pass,Pass,Pass,Pass,Pass,Pass,Pass,
REC0246,245,245,Benthic Habitat Maps for the Insular Shelf South of St. Thomas and St. John,"St. Thomas, USVI",AA,Accuracy Assessment,HD Seaviewer Drop Camera,AA2017_261,2017-02-09,09:57:20,2017,2,18.22823079,-64.84398308,2064279.93,-7218399.178,2064279.93,-7218399.177,0.001,-45.60010147,45.6,https://nccospublicstor.blob.core.windows.net/biomapper/usviinsularshelf2017/videos/low/AA2017_261.mp4,Absent,Absent,Present,Absent,Absent,Absent,Present,Present,Absent,Absent,Absent,,0,0,1,0,0,0,1,1,0,0,0,1,2,3,Pass,Pass,Pass,Pass,Pass,Pass,Pass,Pass,Pass,Pass,Pass,
REC0247,246,246,Benthic Habitat Maps for the Insular Shelf South of St. Thomas and St. John,"St. Thomas, USVI",AA,Accuracy Assessment,HD Seaviewer Drop Camera,AA2017_262,2017-02-09,09:50:22,2017,2,18.23372518,-64.84179611,2064923.888,-7218155.725,2064923.888,-7218155.725,0.0,-45.38019943,45.38,https://nccospublicstor.blob.core.windows.net/biomapper/usviinsularshelf2017/videos/low/AA2017_262.mp4,Absent,Absent,Present,Absent,Absent,Absent,Present,Present,Absent,Absent,Absent,,0,0,1,0,0,0,1,1,0,0,0,1,2,3,Pass,Pass,Pass,Pass,Pass,Pass,Pass,Pass,Pass,Pass,Pass,
REC0248,247,247,Benthic Habitat Maps for the Insular Shelf South of St. Thomas and St. John,"St. Thomas, USVI",AA,Accuracy Assessment,HD Seaviewer Drop Camera,AA2017_263,2017-02-10,08:17:41,2017,2,18.21255473,-64.84139501,2062442.765,-7218111.075,2062442.765,-7218111.075,0.0,-53.59799957,53.598,https://nccospublicstor.blob.core.windows.net/biomapper/usviinsularshelf2017/videos/low/AA2017_263.mp4,Absent,Absent,Present,Absent,Present,Absent,Present,Present,Absent,Absent,Absent,,0,0,1,0,1,0,1,1,0,0,0,1,3,4,Pass,Pass,Pass,Pass,Pass,Pass,Pass,Pass,Pass,Pass,Pass,
REC0249,248,248,Benthic Habitat Maps for the Insular Shelf South of St. Thomas and St. John,"St. Thomas, USVI",AA,Accuracy Assessment,HD Seaviewer Drop Camera,AA2017_264,2017-02-06,13:28:33,2017,2,18.27586815,-64.83719734,2069863.835,-7217643.792,2069863.835,-7217643.792,0.0,-23.25909996,23.259,https://nccospublicstor.blob.core.windows.net/biomapper/usviinsularshelf2017/videos/low/AA2017_264.mp4,Present,Absent,Absent,Absent,Present,Present,Present,Absent,Absent,Absent,Absent,sand visible on ascent,1,0,0,0,1,1,1,0,0,0,0,1,3,4,Pass,Pass,Pass,Pass,Pass,Pass,Pass,Pass,Pass,Pass,Pass,
REC0250,249,249,Benthic Habitat Maps for the Insular Shelf South of St. Thomas and St. John,"St. Thomas, USVI",AA,Accuracy Assessment,HD Seaviewer Drop Camera,AA2017_265,2017-02-09,10:39:49,2017,2,18.25364929,-64.83703314,2067259.218,-7217625.514,2067259.218,-7217625.514,0.0,-35.73139954,35.731,https://nccospublicstor.blob.core.windows.net/biomapper/usviinsularshelf2017/videos/low/AA2017_265.mp4,Absent,Absent,Present,Present,Absent,Absent,Present,Present,Absent,Absent,Absent,,0,0,1,1,0,0,1,1,0,0,0,2,2,4,Pass,Pass,Pass,Pass,Pass,Pass,Pass,Pass,Pass,Pass,Pass,
REC0251,250,250,Benthic Habitat Maps for the Insular Shelf South of St. Thomas and St. John,"St. Thomas, USVI",AA,Accuracy Assessment,HD Seaviewer Drop Camera,AA2017_266,2017-02-10,08:06:52,2017,2,18.1998427,-64.83032454,2060953.093,-7216878.716,2060953.093,-7216878.716,0.0,-56.57229996,56.572,https://nccospublicstor.blob.core.windows.net/biomapper/usviinsularshelf2017/videos/low/AA2017_266.mp4,Absent,Present,Present,Absent,Present,Absent,Present,Present,Absent,Absent,Absent,macroalgae just >20%,0,1,1,0,1,0,1,1,0,0,0,2,3,5,Pass,Pass,Pass,Pass,Pass,Pass,Pass,Pass,Pass,Pass,Pass,
REC0252,251,251,Benthic Habitat Maps for the Insular Shelf South of St. Thomas and St. John,"St. Thomas, USVI",AA,Accuracy Assessment,HD Seaviewer Drop Camera,AA2017_267,2017-02-09,09:32:12,2017,2,18.21713287,-64.82952189,2062979.286,-7216789.365,2062979.286,-7216789.365,0.0,-55.02930069,55.029,https://nccospublicstor.blob.core.windows.net/biomapper/usviinsularshelf2017/videos/low/AA2017_267.mp4,Absent,Absent,Present,Absent,Absent,Absent,Absent,Present,Absent,Absent,Absent,,0,0,1,0,0,0,0,1,0,0,0,1,1,2,Pass,Pass,Pass,Pass,Pass,Pass,Pass,Pass,Pass,Pass,Pass,
REC0253,252,252,Benthic Habitat Maps for the Insular Shelf South of St. Thomas and St. John,"St. Thomas, USVI",AA,Accuracy Assessment,HD Seaviewer Drop Camera,AA2017_268,2017-02-06,13:21:35,2017,2,18.27372458,-64.82930301,2069612.539,-7216765.0,2069612.539,-7216765.0,0.001,-34.10480118,34.105,https://nccospublicstor.blob.core.windows.net/biomapper/usviinsularshelf2017/videos/low/AA2017_268.mp4,Absent,Absent,Present,Absent,Absent,Absent,Present,Present,Absent,Absent,Absent,,0,0,1,0,0,0,1,1,0,0,0,1,2,3,Pass,Pass,Pass,Pass,Pass,Pass,Pass,Pass,Pass,Pass,Pass,
REC0254,253,253,Benthic Habitat Maps for the Insular Shelf South of St. Thomas and St. John,"St. Thomas, USVI",AA,Accuracy Assessment,HD Seaviewer Drop Camera,AA2017_269,2017-02-09,09:41:56,2017,2,18.22800095,-64.82797304,2064252.993,-7216616.948,2064252.993,-7216616.948,0.0,-47.88380051,47.884,https://nccospublicstor.blob.core.windows.net/biomapper/usviinsularshelf2017/videos/low/AA2017_269.mp4,Absent,Absent,Present,Absent,Absent,Absent,Present,Present,Absent,Absent,Absent,,0,0,1,0,0,0,1,1,0,0,0,1,2,3,Pass,Pass,Pass,Pass,Pass,Pass,Pass,Pass,Pass,Pass,Pass,
REC0255,254,254,Benthic Habitat Maps for the Insular Shelf South of St. Thomas and St. John,"St. Thomas, USVI",AA,Accuracy Assessment,HD Seaviewer Drop Camera,AA2017_270,2017-02-06,13:36:50,2017,2,18.28649439,-64.8272413,2071109.619,-7216535.491,2071109.619,-7216535.491,0.0,-28.6746006,28.675,https://nccospublicstor.blob.core.windows.net/biomapper/usviinsularshelf2017/videos/low/AA2017_270.mp4,Absent,Absent,Present,Absent,Absent,Absent,Present,Present,Absent,Absent,Absent,,0,0,1,0,0,0,1,1,0,0,0,1,2,3,Pass,Pass,Pass,Pass,Pass,Pass,Pass,Pass,Pass,Pass,Pass,
REC0256,255,255,Benthic Habitat Maps for the Insular Shelf South of St. Thomas and St. John,"St. Thomas, USVI",AA,Accuracy Assessment,HD Seaviewer Drop Camera,AA2017_271,2017-02-09,09:23:14,2017,2,18.22031022,-64.82177064,2063351.654,-7215926.5,2063351.654,-7215926.5,0.0,-54.15879822,54.159,https://nccospublicstor.blob.core.windows.net/biomapper/usviinsularshelf2017/videos/low/AA2017_271.mp4,Absent,Absent,Present,Absent,Absent,Absent,Present,Present,Absent,Absent,Absent,,0,0,1,0,0,0,1,1,0,0,0,1,2,3,Pass,Pass,Pass,Pass,Pass,Pass,Pass,Pass,Pass,Pass,Pass,
REC0257,256,256,Benthic Habitat Maps for the Insular Shelf South of St. Thomas and St. John,"St. Thomas, USVI",AA,Accuracy Assessment,HD Seaviewer Drop Camera,AA2017_272,2017-02-09,09:08:50,2017,2,18.25204427,-64.82012723,2067071.082,-7215743.556,2067071.082,-7215743.556,0.001,-29.69860077,29.699,https://nccospublicstor.blob.core.windows.net/biomapper/usviinsularshelf2017/videos/low/AA2017_272.mp4,Present,Absent,Absent,Present,Present,Absent,Present,Present,Absent,Absent,Absent,on reef edge,1,0,0,1,1,0,1,1,0,0,0,2,3,5,Pass,Pass,Pass,Pass,Pass,Pass,Pass,Pass,Pass,Pass,Pass,
REC0258,257,257,Benthic Habitat Maps for the Insular Shelf South of St. Thomas and St. John,"St. Thomas, USVI",AA,Accuracy Assessment,HD Seaviewer Drop Camera,AA2017_273,2017-02-06,13:14:46,2017,2,18.26922163,-64.81949575,2069084.658,-7215673.26,2069084.658,-7215673.26,0.001,-34.80369949,34.804,https://nccospublicstor.blob.core.windows.net/biomapper/usviinsularshelf2017/videos/low/AA2017_273.mp4,Absent,Absent,Present,Absent,Absent,Absent,Present,Present,Absent,Absent,Absent,,0,0,1,0,0,0,1,1,0,0,0,1,2,3,Pass,Pass,Pass,Pass,Pass,Pass,Pass,Pass,Pass,Pass,Pass,
REC0259,258,258,Benthic Habitat Maps for the Insular Shelf South of St. Thomas and St. John,"St. Thomas, USVI",AA,Accuracy Assessment,HD Seaviewer Drop Camera,AA2017_274,2017-02-09,09:01:35,2017,2,18.25628525,-64.81490506,2067568.202,-7215162.227,2067568.202,-7215162.227,0.0,-36.04809952,36.048,https://nccospublicstor.blob.core.windows.net/biomapper/usviinsularshelf2017/videos/low/AA2017_274.mp4,Present,Absent,Absent,Absent,Present,Present,Present,Present,Absent,Absent,Absent,,1,0,0,0,1,1,1,1,0,0,0,1,4,5,Pass,Pass,Pass,Pass,Pass,Pass,Pass,Pass,Pass,Pass,Pass,
REC0260,259,259,Benthic Habitat Maps for the Insular Shelf South of St. Thomas and St. John,"St. Thomas, USVI",AA,Accuracy Assessment,HD Seaviewer Drop Camera,AA2017_275,2017-02-10,07:57:29,2017,2,18.2000781,-64.81320495,2060980.678,-7214972.972,2060980.678,-7214972.972,0.0,-55.87070084,55.871,https://nccospublicstor.blob.core.windows.net/biomapper/usviinsularshelf2017/videos/low/AA2017_275.mp4,Absent,Present,Present,Absent,Present,Absent,Absent,Present,Absent,Absent,Absent,,0,1,1,0,1,0,0,1,0,0,0,2,2,4,Pass,Pass,Pass,Pass,Pass,Pass,Pass,Pass,Pass,Pass,Pass,
REC0261,260,260,Benthic Habitat Maps for the Insular Shelf South of St. Thomas and St. John,"St. Thomas, USVI",AA,Accuracy Assessment,HD Seaviewer Drop Camera,AA2017_277,2017-02-10,07:49:08,2017,2,18.19292916,-64.81235308,2060142.968,-7214878.142,2060142.968,-7214878.142,0.0,-52.94760132,52.948,https://nccospublicstor.blob.core.windows.net/biomapper/usviinsularshelf2017/videos/low/AA2017_277.mp4,Absent,Present,Present,Absent,Present,Absent,Absent,Present,Absent,Absent,Absent,macroalgae almost >20%,0,1,1,0,1,0,0,1,0,0,0,2,2,4,Pass,Pass,Pass,Pass,Pass,Pass,Pass,Pass,Pass,Pass,Pass,
REC0262,261,261,Benthic Habitat Maps for the Insular Shelf South of St. Thomas and St. John,"St. Thomas, USVI",AA,Accuracy Assessment,HD Seaviewer Drop Camera,AA2017_278,2017-02-06,12:52:24,2017,2,18.29019238,-64.8129217,2071543.177,-7214941.44,2071543.177,-7214941.44,0.001,-26.07060051,26.071,https://nccospublicstor.blob.core.windows.net/biomapper/usviinsularshelf2017/videos/low/AA2017_278.mp4,Absent,Absent,Present,Absent,Absent,Absent,Present,Present,Absent,Absent,Absent,,0,0,1,0,0,0,1,1,0,0,0,1,2,3,Pass,Pass,Pass,Pass,Pass,Pass,Pass,Pass,Pass,Pass,Pass,
REC0263,262,262,Benthic Habitat Maps for the Insular Shelf South of St. Thomas and St. John,"St. Thomas, USVI",AA,Accuracy Assessment,HD Seaviewer Drop Camera,AA2017_279,2017-02-09,08:54:23,2017,2,18.25372513,-64.81223381,2067268.108,-7214864.865,2067268.108,-7214864.865,0.0,-42.75170135,42.752,https://nccospublicstor.blob.core.windows.net/biomapper/usviinsularshelf2017/videos/low/AA2017_279.mp4,Absent,Absent,Present,Absent,Absent,Absent,Present,Present,Absent,Absent,Absent,,0,0,1,0,0,0,1,1,0,0,0,1,2,3,Pass,Pass,Pass,Pass,Pass,Pass,Pass,Pass,Pass,Pass,Pass,
REC0264,263,263,Benthic Habitat Maps for the Insular Shelf South of St. Thomas and St. John,"St. John, USVI",AA,Accuracy Assessment,HD Seaviewer Drop Camera,AA2017_280,2017-02-09,08:47:28,2017,2,18.25886468,-64.8090015,2067870.565,-7214505.046,2067870.565,-7214505.046,0.0,-39.70130157,39.701,https://nccospublicstor.blob.core.windows.net/biomapper/usviinsularshelf2017/videos/low/AA2017_280.mp4,Absent,Absent,Present,Absent,Absent,Absent,Present,Present,Absent,Absent,Absent,,0,0,1,0,0,0,1,1,0,0,0,1,2,3,Pass,Pass,Pass,Pass,Pass,Pass,Pass,Pass,Pass,Pass,Pass,
REC0265,264,264,Benthic Habitat Maps for the Insular Shelf South of St. Thomas and St. John,"St. John, USVI",AA,Accuracy Assessment,HD Seaviewer Drop Camera,AA2017_281,2017-02-06,13:06:56,2017,2,18.27411192,-64.80965509,2069657.948,-7214577.803,2069657.948,-7214577.803,0.0,-34.67340088,34.673,https://nccospublicstor.blob.core.windows.net/biomapper/usviinsularshelf2017/videos/low/AA2017_281.mp4,Absent,Absent,Present,Absent,Absent,Absent,Present,Present,Absent,Absent,Absent,,0,0,1,0,0,0,1,1,0,0,0,1,2,3,Pass,Pass,Pass,Pass,Pass,Pass,Pass,Pass,Pass,Pass,Pass,
REC0266,265,265,Benthic Habitat Maps for the Insular Shelf South of St. Thomas and St. John,"St. John, USVI",AA,Accuracy Assessment,HD Seaviewer Drop Camera,AA2017_282,2017-02-09,08:23:12,2017,2,18.24002346,-64.80793504,2065662.088,-7214386.328,2065662.088,-7214386.328,0.0,-47.39419937,47.394,https://nccospublicstor.blob.core.windows.net/biomapper/usviinsularshelf2017/videos/low/AA2017_282.mp4,Absent,Absent,Present,Absent,Absent,Absent,Present,Absent,Absent,Absent,Absent,,0,0,1,0,0,0,1,0,0,0,0,1,1,2,Pass,Pass,Pass,Pass,Pass,Pass,Pass,Pass,Pass,Pass,Pass,
REC0267,266,266,Benthic Habitat Maps for the Insular Shelf South of St. Thomas and St. John,"St. John, USVI",AA,Accuracy Assessment,HD Seaviewer Drop Camera,AA2017_283,2017-02-06,13:01:16,2017,2,18.28000122,-64.80776526,2070348.373,-7214367.428,2070348.373,-7214367.428,0.0,-32.58089828,32.581,https://nccospublicstor.blob.core.windows.net/biomapper/usviinsularshelf2017/videos/low/AA2017_283.mp4,Absent,Absent,Present,Absent,Absent,Absent,Present,Present,Absent,Absent,Absent,honecomb cowfish at 00:29,0,0,1,0,0,0,1,1,0,0,0,1,2,3,Pass,Pass,Pass,Pass,Pass,Pass,Pass,Pass,Pass,Pass,Pass,
REC0268,267,267,Benthic Habitat Maps for the Insular Shelf South of St. Thomas and St. John,"St. John, USVI",AA,Accuracy Assessment,HD Seaviewer Drop Camera,AA2017_284,2017-02-09,08:31:48,2017,2,18.24948539,-64.80581532,2066771.14,-7214150.362,2066771.14,-7214150.362,0.0,-43.22790146,43.228,https://nccospublicstor.blob.core.windows.net/biomapper/usviinsularshelf2017/videos/low/AA2017_284.mp4,Absent,Absent,Present,Present,Absent,Absent,Present,Absent,Absent,Absent,Absent,,0,0,1,1,0,0,1,0,0,0,0,2,1,3,Pass,Pass,Pass,Pass,Pass,Pass,Pass,Pass,Pass,Pass,Pass,
REC0269,268,268,Benthic Habitat Maps for the Insular Shelf South of St. Thomas and St. John,"St. John, USVI",AA,Accuracy Assessment,HD Seaviewer Drop Camera,AA2017_285,2017-02-10,07:41:45,2017,2,18.19501266,-64.80379451,2060387.108,-7213925.406,2060387.108,-7213925.406,0.0,-58.21350098,58.214,https://nccospublicstor.blob.core.windows.net/biomapper/usviinsularshelf2017/videos/low/AA2017_285.mp4,Absent,Present,Present,Absent,Present,Absent,Absent,Present,Absent,Absent,Absent,,0,1,1,0,1,0,0,1,0,0,0,2,2,4,Pass,Pass,Pass,Pass,Pass,Pass,Pass,Pass,Pass,Pass,Pass,
REC0270,269,269,Benthic Habitat Maps for the Insular Shelf South of St. Thomas and St. John,"St. John, USVI",AA,Accuracy Assessment,HD Seaviewer Drop Camera,AA2017_286,2017-02-09,08:40:51,2017,2,18.26206531,-64.80316043,2068245.751,-7213854.821,2068245.751,-7213854.821,0.0,-28.81749916,28.817,https://nccospublicstor.blob.core.windows.net/biomapper/usviinsularshelf2017/videos/low/AA2017_286.mp4,Absent,Present,Absent,Absent,Present,Absent,Present,Present,Absent,Absent,Absent,textbook pavement,0,1,0,0,1,0,1,1,0,0,0,1,3,4,Pass,Pass,Pass,Pass,Pass,Pass,Pass,Pass,Pass,Pass,Pass,
REC0271,270,270,Benthic Habitat Maps for the Insular Shelf South of St. Thomas and St. John,"St. John, USVI",AA,Accuracy Assessment,HD Seaviewer Drop Camera,AA2017_287,2017-02-09,08:00:56,2017,2,18.21888757,-64.79980516,2063184.926,-7213481.314,2063184.926,-7213481.314,0.0,-52.31869888,52.319,https://nccospublicstor.blob.core.windows.net/biomapper/usviinsularshelf2017/videos/low/AA2017_287.mp4,Absent,Present,Present,Absent,Present,Absent,Present,Present,Absent,Absent,Absent,"macroalgae just >20%, mostly uncolonized rhodo",0,1,1,0,1,0,1,1,0,0,0,2,3,5,Pass,Pass,Pass,Pass,Pass,Pass,Pass,Pass,Pass,Pass,Pass,
REC0272,271,271,Benthic Habitat Maps for the Insular Shelf South of St. Thomas and St. John,"St. John, USVI",AA,Accuracy Assessment,HD Seaviewer Drop Camera,AA2017_288,2017-02-09,08:13:28,2017,2,18.24479041,-64.80013457,2066220.824,-7213517.984,2066220.824,-7213517.984,0.0,-47.06200027,47.062,https://nccospublicstor.blob.core.windows.net/biomapper/usviinsularshelf2017/videos/low/AA2017_288.mp4,Absent,Absent,Present,Present,Absent,Absent,Absent,Absent,Absent,Absent,Absent,,0,0,1,1,0,0,0,0,0,0,0,2,0,2,Pass,Pass,Pass,Pass,Pass,Pass,Pass,Pass,Pass,Pass,Pass,
REC0273,272,272,Benthic Habitat Maps for the Insular Shelf South of St. Thomas and St. John,"St. John, USVI",AA,Accuracy Assessment,HD Seaviewer Drop Camera,AA2017_289,2017-02-06,12:44:29,2017,2,18.29216364,-64.79392442,2071774.294,-7212826.673,2071774.294,-7212826.673,0.0,-30.18449974,30.184,https://nccospublicstor.blob.core.windows.net/biomapper/usviinsularshelf2017/videos/low/AA2017_289.mp4,Absent,Absent,Present,Absent,Absent,Absent,Absent,Present,Absent,Absent,Absent,,0,0,1,0,0,0,0,1,0,0,0,1,1,2,Pass,Pass,Pass,Pass,Pass,Pass,Pass,Pass,Pass,Pass,Pass,
REC0274,273,273,Benthic Habitat Maps for the Insular Shelf South of St. Thomas and St. John,"St. John, USVI",AA,Accuracy Assessment,HD Seaviewer Drop Camera,AA2017_290,2017-02-10,07:29:01,2017,2,18.20589837,-64.79206102,2061662.719,-7212619.24,2061662.719,-7212619.24,0.0,-54.74150085,54.742,https://nccospublicstor.blob.core.windows.net/biomapper/usviinsularshelf2017/videos/low/AA2017_290.mp4,Absent,Present,Present,Absent,Present,Absent,Absent,Present,Absent,Absent,Absent,,0,1,1,0,1,0,0,1,0,0,0,2,2,4,Pass,Pass,Pass,Pass,Pass,Pass,Pass,Pass,Pass,Pass,Pass,
REC0275,274,274,Benthic Habitat Maps for the Insular Shelf South of St. Thomas and St. John,"St. John, USVI",AA,Accuracy Assessment,HD Seaviewer Drop Camera,AA2017_291,2017-02-09,07:52:45,2017,2,18.22775666,-64.79139972,2064224.362,-7212545.625,2064224.362,-7212545.625,0.0,-54.98920059,54.989,https://nccospublicstor.blob.core.windows.net/biomapper/usviinsularshelf2017/videos/low/AA2017_291.mp4,Absent,Absent,Present,Absent,Absent,Absent,Absent,Present,Absent,Absent,Absent,macroalgae close to  >20%,0,0,1,0,0,0,0,1,0,0,0,1,1,2,Pass,Pass,Pass,Pass,Pass,Pass,Pass,Pass,Pass,Pass,Pass,
REC0276,275,275,Benthic Habitat Maps for the Insular Shelf South of St. Thomas and St. John,"St. John, USVI",AA,Accuracy Assessment,HD Seaviewer Drop Camera,AA2017_292,2017-02-06,12:30:27,2017,2,18.26494916,-64.78663218,2068583.809,-7212014.905,2068583.809,-7212014.904,0.001,-42.2118988,42.212,https://nccospublicstor.blob.core.windows.net/biomapper/usviinsularshelf2017/videos/low/AA2017_292.mp4,Absent,Absent,Present,Absent,Absent,Absent,Present,Absent,Absent,Absent,Absent,cyanobacteria mats,0,0,1,0,0,0,1,0,0,0,0,1,1,2,Pass,Pass,Pass,Pass,Pass,Pass,Pass,Pass,Pass,Pass,Pass,
REC0277,276,276,Benthic Habitat Maps for the Insular Shelf South of St. Thomas and St. John,"St. John, USVI",AA,Accuracy Assessment,HD Seaviewer Drop Camera,AA2017_293,2017-02-05,07:59:21,2017,2,18.29456502,-64.78494665,2072055.843,-7211827.272,2072055.843,-7211827.272,0.0,-27.90200043,27.902,https://nccospublicstor.blob.core.windows.net/biomapper/usviinsularshelf2017/videos/low/AA2017_293.mp4,Absent,Absent,Present,Absent,Absent,Absent,Absent,Present,Absent,Absent,Absent,,0,0,1,0,0,0,0,1,0,0,0,1,1,2,Pass,Pass,Pass,Pass,Pass,Pass,Pass,Pass,Pass,Pass,Pass,
REC0278,277,277,Benthic Habitat Maps for the Insular Shelf South of St. Thomas and St. John,"St. John, USVI",AA,Accuracy Assessment,HD Seaviewer Drop Camera,AA2017_294,2017-02-05,14:59:43,2017,2,18.19726021,-64.78408458,2060650.475,-7211731.307,2060650.475,-7211731.307,0.0,-56.74319839,56.743,https://nccospublicstor.blob.core.windows.net/biomapper/usviinsularshelf2017/videos/low/AA2017_294.mp4,Absent,Absent,Present,Absent,Absent,Absent,Absent,Present,Absent,Absent,Absent,,0,0,1,0,0,0,0,1,0,0,0,1,1,2,Pass,Pass,Pass,Pass,Pass,Pass,Pass,Pass,Pass,Pass,Pass,
REC0279,278,278,Benthic Habitat Maps for the Insular Shelf South of St. Thomas and St. John,"St. John, USVI",AA,Accuracy Assessment,HD Seaviewer Drop Camera,AA2017_295,2017-02-05,14:51:12,2017,2,18.18367871,-64.78095945,2059059.056,-7211383.419,2059059.056,-7211383.419,0.0,-45.56570053,45.566,https://nccospublicstor.blob.core.windows.net/biomapper/usviinsularshelf2017/videos/low/AA2017_295.mp4,Absent,Present,Absent,Absent,Present,Absent,Absent,Present,Absent,Absent,Absent,textbook pavement,0,1,0,0,1,0,0,1,0,0,0,1,2,3,Pass,Pass,Pass,Pass,Pass,Pass,Pass,Pass,Pass,Pass,Pass,
REC0280,279,279,Benthic Habitat Maps for the Insular Shelf South of St. Thomas and St. John,"St. John, USVI",AA,Accuracy Assessment,HD Seaviewer Drop Camera,AA2017_296,2017-02-06,11:44:35,2017,2,18.24554521,-64.78075431,2066309.296,-7211360.583,2066309.296,-7211360.583,0.0,-46.58879852,46.589,https://nccospublicstor.blob.core.windows.net/biomapper/usviinsularshelf2017/videos/low/AA2017_296.mp4,Absent,Absent,Present,Absent,Absent,Absent,Present,Present,Absent,Absent,Absent,,0,0,1,0,0,0,1,1,0,0,0,1,2,3,Pass,Pass,Pass,Pass,Pass,Pass,Pass,Pass,Pass,Pass,Pass,
REC0281,280,280,Benthic Habitat Maps for the Insular Shelf South of St. Thomas and St. John,"St. John, USVI",AA,Accuracy Assessment,HD Seaviewer Drop Camera,AA2017_297,2017-02-06,11:36:42,2017,2,18.2361569,-64.77894186,2065208.898,-7211158.822,2065208.898,-7211158.822,0.0,-50.06669998,50.067,https://nccospublicstor.blob.core.windows.net/biomapper/usviinsularshelf2017/videos/low/AA2017_297.mp4,Absent,Absent,Present,Absent,Absent,Absent,Absent,Present,Absent,Absent,Absent,trunkfish,0,0,1,0,0,0,0,1,0,0,0,1,1,2,Pass,Pass,Pass,Pass,Pass,Pass,Pass,Pass,Pass,Pass,Pass,
REC0282,281,281,Benthic Habitat Maps for the Insular Shelf South of St. Thomas and St. John,"St. John, USVI",AA,Accuracy Assessment,HD Seaviewer Drop Camera,AA2017_298,2017-02-06,12:11:59,2017,2,18.27515265,-64.77885871,2069779.955,-7211149.566,2069779.955,-7211149.566,0.0,-34.45299911,34.453,https://nccospublicstor.blob.core.windows.net/biomapper/usviinsularshelf2017/videos/low/AA2017_298.mp4,Absent,Absent,Present,Present,Absent,Absent,Present,Absent,Absent,Absent,Absent,,0,0,1,1,0,0,1,0,0,0,0,2,1,3,Pass,Pass,Pass,Pass,Pass,Pass,Pass,Pass,Pass,Pass,Pass,
REC0283,282,282,Benthic Habitat Maps for the Insular Shelf South of St. Thomas and St. John,"St. John, USVI",AA,Accuracy Assessment,HD Seaviewer Drop Camera,AA2017_299,2017-02-06,12:04:00,2017,2,18.26405328,-64.77730895,2068478.789,-7210977.047,2068478.789,-7210977.047,0.001,-43.9919014,43.992,https://nccospublicstor.blob.core.windows.net/biomapper/usviinsularshelf2017/videos/low/AA2017_299.mp4,Absent,Absent,Present,Absent,Absent,Absent,Present,Absent,Absent,Absent,Absent,,0,0,1,0,0,0,1,0,0,0,0,1,1,2,Pass,Pass,Pass,Pass,Pass,Pass,Pass,Pass,Pass,Pass,Pass,
REC0284,283,283,Benthic Habitat Maps for the Insular Shelf South of St. Thomas and St. John,"St. John, USVI",AA,Accuracy Assessment,HD Seaviewer Drop Camera,AA2017_300,2017-02-06,11:56:24,2017,2,18.25712833,-64.77742764,2067667.028,-7210990.26,2067667.028,-7210990.26,0.0,-45.09009933,45.09,https://nccospublicstor.blob.core.windows.net/biomapper/usviinsularshelf2017/videos/low/AA2017_300.mp4,Absent,Absent,Present,Absent,Absent,Absent,Absent,Present,Absent,Absent,Absent,,0,0,1,0,0,0,0,1,0,0,0,1,1,2,Pass,Pass,Pass,Pass,Pass,Pass,Pass,Pass,Pass,Pass,Pass,
REC0285,284,284,Benthic Habitat Maps for the Insular Shelf South of St. Thomas and St. John,"St. John, USVI",AA,Accuracy Assessment,HD Seaviewer Drop Camera,AA2017_301,2017-02-05,14:39:48,2017,2,18.20126264,-64.77493215,2061119.485,-7210712.463,2061119.485,-7210712.463,0.0,-56.47740173,56.477,https://nccospublicstor.blob.core.windows.net/biomapper/usviinsularshelf2017/videos/low/AA2017_301.mp4,Absent,Absent,Present,Absent,Absent,Absent,Present,Absent,Absent,Absent,Absent,,0,0,1,0,0,0,1,0,0,0,0,1,1,2,Pass,Pass,Pass,Pass,Pass,Pass,Pass,Pass,Pass,Pass,Pass,
REC0286,285,285,Benthic Habitat Maps for the Insular Shelf South of St. Thomas and St. John,"St. John, USVI",AA,Accuracy Assessment,HD Seaviewer Drop Camera,AA2017_302,2017-02-06,11:27:30,2017,2,18.22517798,-64.77404449,2063922.141,-7210613.649,2063922.141,-7210613.649,0.001,-55.04560089,55.046,https://nccospublicstor.blob.core.windows.net/biomapper/usviinsularshelf2017/videos/low/AA2017_302.mp4,Absent,Absent,Present,Absent,Absent,Absent,Absent,Absent,Absent,Absent,Absent,,0,0,1,0,0,0,0,0,0,0,0,1,0,1,Pass,Pass,Pass,Pass,Pass,Pass,Pass,Pass,Pass,Pass,Pass,
REC0287,286,286,Benthic Habitat Maps for the Insular Shelf South of St. Thomas and St. John,"St. John, USVI",AA,Accuracy Assessment,HD Seaviewer Drop Camera,AA2017_303,2017-02-06,12:20:13,2017,2,18.28265652,-64.77340458,2070659.671,-7210542.415,2070659.672,-7210542.415,0.001,-34.62509918,34.625,https://nccospublicstor.blob.core.windows.net/biomapper/usviinsularshelf2017/videos/low/AA2017_303.mp4,Absent,Absent,Absent,Present,Absent,Absent,Absent,Absent,Absent,Absent,Absent,,0,0,0,1,0,0,0,0,0,0,0,1,0,1,Pass,Pass,Pass,Pass,Pass,Pass,Pass,Pass,Pass,Pass,Pass,
REC0288,287,287,Benthic Habitat Maps for the Insular Shelf South of St. Thomas and St. John,"St. John, USVI",AA,Accuracy Assessment,HD Seaviewer Drop Camera,AA2017_304,2017-02-05,08:09:06,2017,2,18.29386341,-64.77170851,2071973.583,-7210353.609,2071973.583,-7210353.609,0.0,-31.23929977,31.239,https://nccospublicstor.blob.core.windows.net/biomapper/usviinsularshelf2017/videos/low/AA2017_304.mp4,Absent,Absent,Absent,Present,Absent,Absent,Absent,Absent,Absent,Absent,Absent,,0,0,0,1,0,0,0,0,0,0,0,1,0,1,Pass,Pass,Pass,Pass,Pass,Pass,Pass,Pass,Pass,Pass,Pass,
REC0289,288,288,Benthic Habitat Maps for the Insular Shelf South of St. Thomas and St. John,"St. John, USVI",AA,Accuracy Assessment,HD Seaviewer Drop Camera,AA2017_305,2017-02-05,08:15:31,2017,2,18.29972909,-64.77080136,2072661.317,-7210252.626,2072661.317,-7210252.626,0.0,-27.95890045,27.959,https://nccospublicstor.blob.core.windows.net/biomapper/usviinsularshelf2017/videos/low/AA2017_305.mp4,Absent,Absent,Present,Present,Absent,Absent,Absent,Present,Absent,Absent,Absent,,0,0,1,1,0,0,0,1,0,0,0,2,1,3,Pass,Pass,Pass,Pass,Pass,Pass,Pass,Pass,Pass,Pass,Pass,
REC0290,289,289,Benthic Habitat Maps for the Insular Shelf South of St. Thomas and St. John,"St. John, USVI",AA,Accuracy Assessment,HD Seaviewer Drop Camera,AA2017_306,2017-02-06,11:18:44,2017,2,18.22127716,-64.76850721,2063464.975,-7209997.242,2063464.975,-7209997.242,0.0,-54.5177002,54.518,https://nccospublicstor.blob.core.windows.net/biomapper/usviinsularshelf2017/videos/low/AA2017_306.mp4,Absent,Absent,Present,Absent,Absent,Absent,Present,Absent,Absent,Absent,Absent,,0,0,1,0,0,0,1,0,0,0,0,1,1,2,Pass,Pass,Pass,Pass,Pass,Pass,Pass,Pass,Pass,Pass,Pass,
REC0291,290,290,Benthic Habitat Maps for the Insular Shelf South of St. Thomas and St. John,"St. John, USVI",AA,Accuracy Assessment,HD Seaviewer Drop Camera,AA2017_309,2017-02-05,14:30:15,2017,2,18.2001207,-64.76386372,2060985.67,-7209480.331,2060985.67,-7209480.331,0.0,-56.0522995,56.052,https://nccospublicstor.blob.core.windows.net/biomapper/usviinsularshelf2017/videos/low/AA2017_309.mp4,Absent,Present,Present,Absent,Present,Absent,Absent,Present,Absent,Absent,Absent,,0,1,1,0,1,0,0,1,0,0,0,2,2,4,Pass,Pass,Pass,Pass,Pass,Pass,Pass,Pass,Pass,Pass,Pass,
REC0292,291,291,Benthic Habitat Maps for the Insular Shelf South of St. Thomas and St. John,"St. John, USVI",AA,Accuracy Assessment,HD Seaviewer Drop Camera,AA2017_310,2017-02-06,10:48:07,2017,2,18.22978152,-64.76216777,2064461.678,-7209291.539,2064461.678,-7209291.539,0.0,-52.50849915,52.508,https://nccospublicstor.blob.core.windows.net/biomapper/usviinsularshelf2017/videos/low/AA2017_310.mp4,Absent,Absent,Present,Absent,Absent,Absent,Absent,Absent,Absent,Absent,Absent,,0,0,1,0,0,0,0,0,0,0,0,1,0,1,Pass,Pass,Pass,Pass,Pass,Pass,Pass,Pass,Pass,Pass,Pass,
REC0293,292,292,Benthic Habitat Maps for the Insular Shelf South of St. Thomas and St. John,"St. John, USVI",AA,Accuracy Assessment,HD Seaviewer Drop Camera,AA2017_311,2017-02-05,14:19:26,2017,2,18.21221944,-64.76035254,2062403.473,-7209089.468,2062403.473,-7209089.468,0.001,-51.91870117,51.919,https://nccospublicstor.blob.core.windows.net/biomapper/usviinsularshelf2017/videos/low/AA2017_311.mp4,Absent,Present,Present,Absent,Present,Absent,Absent,Present,Absent,Absent,Absent,,0,1,1,0,1,0,0,1,0,0,0,2,2,4,Pass,Pass,Pass,Pass,Pass,Pass,Pass,Pass,Pass,Pass,Pass,
REC0294,293,293,Benthic Habitat Maps for the Insular Shelf South of St. Thomas and St. John,"St. John, USVI",AA,Accuracy Assessment,HD Seaviewer Drop Camera,AA2017_312,2017-02-06,10:57:25,2017,2,18.22568679,-64.76055145,2063981.773,-7209111.611,2063981.773,-7209111.611,0.0,-53.72299957,53.723,https://nccospublicstor.blob.core.windows.net/biomapper/usviinsularshelf2017/videos/low/AA2017_312.mp4,Absent,Absent,Present,Absent,Absent,Absent,Absent,Present,Absent,Absent,Absent,,0,0,1,0,0,0,0,1,0,0,0,1,1,2,Pass,Pass,Pass,Pass,Pass,Pass,Pass,Pass,Pass,Pass,Pass,
REC0295,294,294,Benthic Habitat Maps for the Insular Shelf South of St. Thomas and St. John,"St. John, USVI",AA,Accuracy Assessment,HD Seaviewer Drop Camera,AA2017_314,2017-02-06,10:00:50,2017,2,18.2703032,-64.75942217,2069211.45,-7208985.9,2069211.45,-7208985.9,0.0,-42.25450134,42.255,https://nccospublicstor.blob.core.windows.net/biomapper/usviinsularshelf2017/videos/low/AA2017_314.mp4,Absent,Absent,Present,Absent,Absent,Absent,Absent,Absent,Absent,Absent,Absent,cyanobacteria mats,0,0,1,0,0,0,0,0,0,0,0,1,0,1,Pass,Pass,Pass,Pass,Pass,Pass,Pass,Pass,Pass,Pass,Pass,
REC0296,295,295,Benthic Habitat Maps for the Insular Shelf South of St. Thomas and St. John,"St. John, USVI",AA,Accuracy Assessment,HD Seaviewer Drop Camera,AA2017_315,2017-02-06,10:40:07,2017,2,18.23832782,-64.75870764,2065463.345,-7208906.359,2065463.345,-7208906.359,0.0,-40.23699951,40.237,https://nccospublicstor.blob.core.windows.net/biomapper/usviinsularshelf2017/videos/low/AA2017_315.mp4,Present,Absent,Absent,Absent,Present,Absent,Present,Absent,Absent,Absent,Absent,,1,0,0,0,1,0,1,0,0,0,0,1,2,3,Pass,Pass,Pass,Pass,Pass,Pass,Pass,Pass,Pass,Pass,Pass,
REC0297,296,296,Benthic Habitat Maps for the Insular Shelf South of St. Thomas and St. John,"St. John, USVI",AA,Accuracy Assessment,HD Seaviewer Drop Camera,AA2017_316,2017-02-05,14:11:02,2017,2,18.2026488,-64.756296,2061281.919,-7208637.896,2061281.919,-7208637.896,0.001,-53.68830109,53.688,https://nccospublicstor.blob.core.windows.net/biomapper/usviinsularshelf2017/videos/low/AA2017_316.mp4,Absent,Present,Present,Absent,Present,Absent,Absent,Present,Absent,Absent,Absent,,0,1,1,0,1,0,0,1,0,0,0,2,2,4,Pass,Pass,Pass,Pass,Pass,Pass,Pass,Pass,Pass,Pass,Pass,
REC0298,297,297,Benthic Habitat Maps for the Insular Shelf South of St. Thomas and St. John,"St. John, USVI",AA,Accuracy Assessment,HD Seaviewer Drop Camera,AA2017_317,2017-02-05,08:46:02,2017,2,18.29232827,-64.75472312,2071793.596,-7208462.804,2071793.596,-7208462.804,0.0,-32.29320145,32.293,https://nccospublicstor.blob.core.windows.net/biomapper/usviinsularshelf2017/videos/low/AA2017_317.mp4,Absent,Absent,Absent,Present,Absent,Absent,Absent,Absent,Absent,Absent,Absent,,0,0,0,1,0,0,0,0,0,0,0,1,0,1,Pass,Pass,Pass,Pass,Pass,Pass,Pass,Pass,Pass,Pass,Pass,
REC0299,298,298,Benthic Habitat Maps for the Insular Shelf South of St. Thomas and St. John,"St. John, USVI",AA,Accuracy Assessment,HD Seaviewer Drop Camera,AA2017_318,2017-02-06,09:52:55,2017,2,18.27697688,-64.75267291,2069993.815,-7208234.576,2069993.815,-7208234.576,0.0,-32.73490143,32.735,https://nccospublicstor.blob.core.windows.net/biomapper/usviinsularshelf2017/videos/low/AA2017_318.mp4,Absent,Absent,Present,Present,Absent,Absent,Absent,Present,Absent,Absent,Absent,location offset ~50 m east,0,0,1,1,0,0,0,1,0,0,0,2,1,3,Pass,Pass,Pass,Pass,Pass,Pass,Pass,Pass,Pass,Pass,Pass,
REC0300,299,299,Benthic Habitat Maps for the Insular Shelf South of St. Thomas and St. John,"St. John, USVI",AA,Accuracy Assessment,HD Seaviewer Drop Camera,AA2017_319,2017-02-05,08:39:46,2017,2,18.29698737,-64.75224076,2072339.855,-7208186.469,2072339.855,-7208186.469,0.0,-29.82299995,29.823,https://nccospublicstor.blob.core.windows.net/biomapper/usviinsularshelf2017/videos/low/AA2017_319.mp4,Absent,Absent,Present,Present,Absent,Absent,Present,Present,Absent,Absent,Absent,,0,0,1,1,0,0,1,1,0,0,0,2,2,4,Pass,Pass,Pass,Pass,Pass,Pass,Pass,Pass,Pass,Pass,Pass,
REC0301,300,300,Benthic Habitat Maps for the Insular Shelf South of St. Thomas and St. John,"St. John, USVI",AA,Accuracy Assessment,HD Seaviewer Drop Camera,AA2017_320,2017-02-06,09:45:13,2017,2,18.26981396,-64.7516109,2069154.097,-7208116.353,2069154.096,-7208116.353,0.001,-42.31779861,42.318,https://nccospublicstor.blob.core.windows.net/biomapper/usviinsularshelf2017/videos/low/AA2017_320.mp4,Absent,Absent,Absent,Present,Absent,Absent,Absent,Absent,Absent,Absent,Absent,,0,0,0,1,0,0,0,0,0,0,0,1,0,1,Pass,Pass,Pass,Pass,Pass,Pass,Pass,Pass,Pass,Pass,Pass,
REC0302,301,301,Benthic Habitat Maps for the Insular Shelf South of St. Thomas and St. John,"St. John, USVI",AA,Accuracy Assessment,HD Seaviewer Drop Camera,AA2017_321,2017-02-06,10:27:48,2017,2,18.25634315,-64.75089037,2067574.989,-7208036.144,2067574.989,-7208036.144,0.001,-45.20859909,45.209,https://nccospublicstor.blob.core.windows.net/biomapper/usviinsularshelf2017/videos/low/AA2017_321.mp4,Absent,Absent,Present,Present,Absent,Absent,Present,Absent,Absent,Absent,Absent,,0,0,1,1,0,0,1,0,0,0,0,2,1,3,Pass,Pass,Pass,Pass,Pass,Pass,Pass,Pass,Pass,Pass,Pass,
REC0303,302,302,Benthic Habitat Maps for the Insular Shelf South of St. Thomas and St. John,"St. John, USVI",AA,Accuracy Assessment,HD Seaviewer Drop Camera,AA2017_322,2017-02-05,08:26:49,2017,2,18.31072573,-64.74946859,2073950.705,-7207877.873,2073950.704,-7207877.873,0.001,-22.36370087,22.364,https://nccospublicstor.blob.core.windows.net/biomapper/usviinsularshelf2017/videos/low/AA2017_322.mp4,Absent,Absent,Present,Absent,Absent,Absent,Absent,Present,Present,Absent,Absent,filamentous algae,0,0,1,0,0,0,0,1,1,0,0,1,1,3,Pass,Pass,Pass,Pass,Pass,Pass,Pass,Pass,Pass,Pass,Pass,
REC0304,303,303,Benthic Habitat Maps for the Insular Shelf South of St. Thomas and St. John,"St. John, USVI",AA,Accuracy Assessment,HD Seaviewer Drop Camera,AA2017_323,2017-02-05,14:02:40,2017,2,18.21233598,-64.74816369,2062417.13,-7207732.612,2062417.13,-7207732.612,0.0,-53.88740158,53.887,https://nccospublicstor.blob.core.windows.net/biomapper/usviinsularshelf2017/videos/low/AA2017_323.mp4,Absent,Present,Present,Absent,Absent,Absent,Absent,Present,Absent,Absent,Absent,,0,1,1,0,0,0,0,1,0,0,0,2,1,3,Pass,Pass,Pass,Pass,Pass,Pass,Pass,Pass,Pass,Pass,Pass,
REC0305,304,304,Benthic Habitat Maps for the Insular Shelf South of St. Thomas and St. John,"St. John, USVI",AA,Accuracy Assessment,HD Seaviewer Drop Camera,AA2017_324,2017-02-05,08:33:39,2017,2,18.30164187,-64.74750239,2072885.59,-7207658.996,2072885.59,-7207658.996,0.0,-27.92749977,27.927,https://nccospublicstor.blob.core.windows.net/biomapper/usviinsularshelf2017/videos/low/AA2017_324.mp4,Absent,Absent,Absent,Present,Absent,Absent,Absent,Present,Present,Absent,Absent,,0,0,0,1,0,0,0,1,1,0,0,1,1,3,Pass,Pass,Pass,Pass,Pass,Pass,Pass,Pass,Pass,Pass,Pass,
REC0306,305,305,Benthic Habitat Maps for the Insular Shelf South of St. Thomas and St. John,"St. John, USVI",AA,Accuracy Assessment,HD Seaviewer Drop Camera,AA2017_325,2017-02-05,08:55:58,2017,2,18.284528,-64.7438302,2070879.08,-7207250.21,2070879.08,-7207250.21,0.001,-30.24040031,30.24,https://nccospublicstor.blob.core.windows.net/biomapper/usviinsularshelf2017/videos/low/AA2017_325.mp4,Absent,Present,Absent,Present,Absent,Present,Absent,Present,Absent,Absent,Absent,,0,1,0,1,0,1,0,1,0,0,0,2,2,4,Pass,Pass,Pass,Pass,Pass,Pass,Pass,Pass,Pass,Pass,Pass,
REC0307,306,306,Benthic Habitat Maps for the Insular Shelf South of St. Thomas and St. John,"St. John, USVI",AA,Accuracy Assessment,HD Seaviewer Drop Camera,AA2017_326,2017-02-05,13:53:11,2017,2,18.199724,-64.74252861,2060939.184,-7207105.317,2060939.184,-7207105.318,0.001,-54.61169815,54.612,https://nccospublicstor.blob.core.windows.net/biomapper/usviinsularshelf2017/videos/low/AA2017_326.mp4,Absent,Present,Present,Absent,Present,Absent,Absent,Present,Absent,Absent,Absent,,0,1,1,0,1,0,0,1,0,0,0,2,2,4,Pass,Pass,Pass,Pass,Pass,Pass,Pass,Pass,Pass,Pass,Pass,
REC0308,307,307,Benthic Habitat Maps for the Insular Shelf South of St. Thomas and St. John,"St. John, USVI",AA,Accuracy Assessment,HD Seaviewer Drop Camera,AA2017_327,2017-02-06,10:19:28,2017,2,18.25527636,-64.7423448,2067449.941,-7207084.856,2067449.941,-7207084.856,0.0,-47.13159943,47.132,https://nccospublicstor.blob.core.windows.net/biomapper/usviinsularshelf2017/videos/low/AA2017_327.mp4,Absent,Absent,Present,Absent,Absent,Absent,Present,Present,Absent,Absent,Absent,,0,0,1,0,0,0,1,1,0,0,0,1,2,3,Pass,Pass,Pass,Pass,Pass,Pass,Pass,Pass,Pass,Pass,Pass,
REC0309,308,308,Benthic Habitat Maps for the Insular Shelf South of St. Thomas and St. John,"St. John, USVI",AA,Accuracy Assessment,HD Seaviewer Drop Camera,AA2017_328,2017-02-06,08:24:42,2017,2,18.2216418,-64.74053749,2063507.71,-7206883.667,2063507.71,-7206883.667,0.0,-52.33359909,52.334,https://nccospublicstor.blob.core.windows.net/biomapper/usviinsularshelf2017/videos/low/AA2017_328.mp4,Absent,Absent,Present,Absent,Present,Absent,Absent,Present,Absent,Absent,Absent,,0,0,1,0,1,0,0,1,0,0,0,1,2,3,Pass,Pass,Pass,Pass,Pass,Pass,Pass,Pass,Pass,Pass,Pass,
REC0310,309,309,Benthic Habitat Maps for the Insular Shelf South of St. Thomas and St. John,"St. John, USVI",AA,Accuracy Assessment,HD Seaviewer Drop Camera,AA2017_329,2017-02-05,13:46:46,2017,2,18.19733247,-64.73429586,2060658.942,-7206188.852,2060658.942,-7206188.852,0.0,-28.8003006,28.8,https://nccospublicstor.blob.core.windows.net/biomapper/usviinsularshelf2017/videos/low/AA2017_329.mp4,Absent,Present,Absent,Absent,Present,Present,Absent,Present,Absent,Absent,Absent,textbook pavement,0,1,0,0,1,1,0,1,0,0,0,1,3,4,Pass,Pass,Pass,Pass,Pass,Pass,Pass,Pass,Pass,Pass,Pass,
REC0311,310,310,Benthic Habitat Maps for the Insular Shelf South of St. Thomas and St. John,"St. John, USVI",AA,Accuracy Assessment,HD Seaviewer Drop Camera,AA2017_330,2017-02-06,09:05:40,2017,2,18.26377964,-64.73363552,2068446.712,-7206115.343,2068446.712,-7206115.343,0.0,-47.69459915,47.695,https://nccospublicstor.blob.core.windows.net/biomapper/usviinsularshelf2017/videos/low/AA2017_330.mp4,Absent,Absent,Present,Absent,Absent,Absent,Absent,Present,Absent,Absent,Absent,,0,0,1,0,0,0,0,1,0,0,0,1,1,2,Pass,Pass,Pass,Pass,Pass,Pass,Pass,Pass,Pass,Pass,Pass,
REC0312,311,311,Benthic Habitat Maps for the Insular Shelf South of St. Thomas and St. John,"St. John, USVI",AA,Accuracy Assessment,HD Seaviewer Drop Camera,AA2017_331,2017-02-06,08:15:46,2017,2,18.23087902,-64.73345425,2064590.308,-7206095.164,2064590.307,-7206095.164,0.001,-53.03310013,53.033,https://nccospublicstor.blob.core.windows.net/biomapper/usviinsularshelf2017/videos/low/AA2017_331.mp4,Absent,Present,Present,Absent,Present,Absent,Absent,Present,Absent,Absent,Absent,,0,1,1,0,1,0,0,1,0,0,0,2,2,4,Pass,Pass,Pass,Pass,Pass,Pass,Pass,Pass,Pass,Pass,Pass,
REC0313,312,312,Benthic Habitat Maps for the Insular Shelf South of St. Thomas and St. John,"St. John, USVI",AA,Accuracy Assessment,HD Seaviewer Drop Camera,AA2017_332,2017-02-06,09:34:48,2017,2,18.27667201,-64.72948019,2069958.074,-7205652.774,2069958.074,-7205652.774,0.0,-37.00180054,37.002,https://nccospublicstor.blob.core.windows.net/biomapper/usviinsularshelf2017/videos/low/AA2017_332.mp4,Absent,Absent,Present,Absent,Absent,Absent,Present,Absent,Absent,Absent,Absent,,0,0,1,0,0,0,1,0,0,0,0,1,1,2,Pass,Pass,Pass,Pass,Pass,Pass,Pass,Pass,Pass,Pass,Pass,
REC0314,313,313,Benthic Habitat Maps for the Insular Shelf South of St. Thomas and St. John,"St. John, USVI",AA,Accuracy Assessment,HD Seaviewer Drop Camera,AA2017_333,2017-02-06,08:47:30,2017,2,18.25047119,-64.72967799,2066886.691,-7205674.793,2066886.691,-7205674.793,0.0,-48.2256012,48.226,https://nccospublicstor.blob.core.windows.net/biomapper/usviinsularshelf2017/videos/low/AA2017_333.mp4,Absent,Absent,Present,Absent,Absent,Absent,Absent,Present,Absent,Absent,Absent,,0,0,1,0,0,0,0,1,0,0,0,1,1,2,Pass,Pass,Pass,Pass,Pass,Pass,Pass,Pass,Pass,Pass,Pass,
REC0315,314,314,Benthic Habitat Maps for the Insular Shelf South of St. Thomas and St. John,"St. John, USVI",AA,Accuracy Assessment,HD Seaviewer Drop Camera,AA2017_334,2017-02-05,09:14:13,2017,2,18.29663297,-64.72826274,2072298.303,-7205517.248,2072298.303,-7205517.248,0.0,-29.59980011,29.6,https://nccospublicstor.blob.core.windows.net/biomapper/usviinsularshelf2017/videos/low/AA2017_334.mp4,Absent,Absent,Absent,Present,Absent,Absent,Present,Absent,Absent,Absent,Absent,macroalgae extremly patchy. Some seagrass present <20%,0,0,0,1,0,0,1,0,0,0,0,1,1,2,Pass,Pass,Pass,Pass,Pass,Pass,Pass,Pass,Pass,Pass,Pass,
REC0316,315,315,Benthic Habitat Maps for the Insular Shelf South of St. Thomas and St. John,"St. John, USVI",AA,Accuracy Assessment,HD Seaviewer Drop Camera,AA2017_335,2017-02-05,09:06:29,2017,2,18.2918802,-64.72595345,2071741.062,-7205260.179,2071741.062,-7205260.179,0.0,-31.96769905,31.968,https://nccospublicstor.blob.core.windows.net/biomapper/usviinsularshelf2017/videos/low/AA2017_335.mp4,Absent,Absent,Present,Absent,Absent,Absent,Present,Present,Absent,Absent,Absent,,0,0,1,0,0,0,1,1,0,0,0,1,2,3,Pass,Pass,Pass,Pass,Pass,Pass,Pass,Pass,Pass,Pass,Pass,
REC0317,316,316,Benthic Habitat Maps for the Insular Shelf South of St. Thomas and St. John,"St. John, USVI",AA,Accuracy Assessment,HD Seaviewer Drop Camera,AA2017_336,2017-02-06,08:06:10,2017,2,18.21776592,-64.72518348,2063053.475,-7205174.467,2063053.475,-7205174.466,0.001,-52.64530182,52.645,https://nccospublicstor.blob.core.windows.net/biomapper/usviinsularshelf2017/videos/low/AA2017_336.mp4,Absent,Present,Present,Absent,Absent,Absent,Absent,Present,Absent,Absent,Absent,,0,1,1,0,0,0,0,1,0,0,0,2,1,3,Pass,Pass,Pass,Pass,Pass,Pass,Pass,Pass,Pass,Pass,Pass,
REC0318,317,317,Benthic Habitat Maps for the Insular Shelf South of St. Thomas and St. John,"St. John, USVI",AA,Accuracy Assessment,HD Seaviewer Drop Camera,AA2017_337,2017-02-06,08:57:49,2017,2,18.26454924,-64.72483174,2068536.928,-7205135.311,2068536.928,-7205135.311,0.0,-47.86700058,47.867,https://nccospublicstor.blob.core.windows.net/biomapper/usviinsularshelf2017/videos/low/AA2017_337.mp4,Absent,Absent,Present,Absent,Absent,Absent,Absent,Present,Absent,Absent,Absent,,0,0,1,0,0,0,0,1,0,0,0,1,1,2,Pass,Pass,Pass,Pass,Pass,Pass,Pass,Pass,Pass,Pass,Pass,
REC0319,318,318,Benthic Habitat Maps for the Insular Shelf South of St. Thomas and St. John,"St. John, USVI",AA,Accuracy Assessment,HD Seaviewer Drop Camera,AA2017_338,2017-02-06,08:39:56,2017,2,18.25127496,-64.72450383,2066980.906,-7205098.808,2066980.906,-7205098.808,0.0,-48.3905983,48.391,https://nccospublicstor.blob.core.windows.net/biomapper/usviinsularshelf2017/videos/low/AA2017_338.mp4,Absent,Absent,Absent,Present,Absent,Absent,Absent,Absent,Absent,Absent,Absent,filamentous algae,0,0,0,1,0,0,0,0,0,0,0,1,0,1,Pass,Pass,Pass,Pass,Pass,Pass,Pass,Pass,Pass,Pass,Pass,
REC0320,319,319,Benthic Habitat Maps for the Insular Shelf South of St. Thomas and St. John,"St. John, USVI",AA,Accuracy Assessment,HD Seaviewer Drop Camera,AA2017_339,2017-02-06,07:56:38,2017,2,18.22816476,-64.72272291,2064272.192,-7204900.557,2064272.191,-7204900.557,0.001,-54.0564003,54.056,https://nccospublicstor.blob.core.windows.net/biomapper/usviinsularshelf2017/videos/low/AA2017_339.mp4,Absent,Present,Present,Absent,Present,Absent,Absent,Present,Absent,Absent,Absent,,0,1,1,0,1,0,0,1,0,0,0,2,2,4,Pass,Pass,Pass,Pass,Pass,Pass,Pass,Pass,Pass,Pass,Pass,
REC0321,320,320,Benthic Habitat Maps for the Insular Shelf South of St. Thomas and St. John,"St. John, USVI",AA,Accuracy Assessment,HD Seaviewer Drop Camera,AA2017_340,2017-02-05,13:27:22,2017,2,18.20906318,-64.72135955,2062033.594,-7204748.789,2062033.594,-7204748.789,0.001,-53.3669014,53.367,https://nccospublicstor.blob.core.windows.net/biomapper/usviinsularshelf2017/videos/low/AA2017_340.mp4,Absent,Absent,Present,Absent,Absent,Absent,Absent,Present,Absent,Absent,Absent,trunkfish (well camoflauged),0,0,1,0,0,0,0,1,0,0,0,1,1,2,Pass,Pass,Pass,Pass,Pass,Pass,Pass,Pass,Pass,Pass,Pass,
REC0322,321,321,Benthic Habitat Maps for the Insular Shelf South of St. Thomas and St. John,"St. John, USVI",AA,Accuracy Assessment,HD Seaviewer Drop Camera,AA2017_341,2017-02-05,13:35:13,2017,2,18.21269931,-64.72091219,2062459.709,-7204698.989,2062459.709,-7204698.989,0.0,-56.91279984,56.913,https://nccospublicstor.blob.core.windows.net/biomapper/usviinsularshelf2017/videos/low/AA2017_341.mp4,Absent,Present,Present,Absent,Present,Absent,Absent,Present,Absent,Absent,Absent,,0,1,1,0,1,0,0,1,0,0,0,2,2,4,Pass,Pass,Pass,Pass,Pass,Pass,Pass,Pass,Pass,Pass,Pass,
REC0323,322,322,Benthic Habitat Maps for the Insular Shelf South of St. Thomas and St. John,"St. John, USVI",AA,Accuracy Assessment,HD Seaviewer Drop Camera,AA2017_342,2017-02-06,09:27:05,2017,2,18.26985142,-64.7208459,2069158.488,-7204691.609,2069158.488,-7204691.609,0.0,-33.89630127,33.896,https://nccospublicstor.blob.core.windows.net/biomapper/usviinsularshelf2017/videos/low/AA2017_342.mp4,Absent,Present,Absent,Absent,Present,Absent,Present,Present,Absent,Absent,Absent,,0,1,0,0,1,0,1,1,0,0,0,1,3,4,Pass,Pass,Pass,Pass,Pass,Pass,Pass,Pass,Pass,Pass,Pass,
REC0324,323,323,Benthic Habitat Maps for the Insular Shelf South of St. Thomas and St. John,"St. John, USVI",AA,Accuracy Assessment,HD Seaviewer Drop Camera,AA2017_343,2017-02-05,09:22:01,2017,2,18.30367288,-64.71996531,2073123.728,-7204593.582,2073123.728,-7204593.582,0.001,-22.77149963,22.771,https://nccospublicstor.blob.core.windows.net/biomapper/usviinsularshelf2017/videos/low/AA2017_343.mp4,Absent,Absent,Absent,Present,Absent,Absent,Absent,Present,Present,Absent,Absent,trunkfish,0,0,0,1,0,0,0,1,1,0,0,1,1,3,Pass,Pass,Pass,Pass,Pass,Pass,Pass,Pass,Pass,Pass,Pass,
REC0325,324,324,Benthic Habitat Maps for the Insular Shelf South of St. Thomas and St. John,"St. John, USVI",AA,Accuracy Assessment,HD Seaviewer Drop Camera,AA2017_344,2017-02-06,09:18:34,2017,2,18.28100312,-64.71783244,2070465.832,-7204356.152,2070465.832,-7204356.152,0.001,-36.96849823,36.968,https://nccospublicstor.blob.core.windows.net/biomapper/usviinsularshelf2017/videos/low/AA2017_344.mp4,Absent,Absent,Present,Absent,Absent,Absent,Present,Absent,Absent,Absent,Absent,,0,0,1,0,0,0,1,0,0,0,0,1,1,2,Pass,Pass,Pass,Pass,Pass,Pass,Pass,Pass,Pass,Pass,Pass,
REC0326,325,325,Benthic Habitat Maps for the Insular Shelf South of St. Thomas and St. John,"St. John, USVI",AA,Accuracy Assessment,HD Seaviewer Drop Camera,AA2017_345,2017-02-05,13:15:29,2017,2,18.22178403,-64.71556042,2063524.379,-7204103.232,2063524.378,-7204103.232,0.001,-51.88420105,51.884,https://nccospublicstor.blob.core.windows.net/biomapper/usviinsularshelf2017/videos/low/AA2017_345.mp4,Absent,Absent,Present,Absent,Absent,Absent,Absent,Absent,Absent,Absent,Absent,,0,0,1,0,0,0,0,0,0,0,0,1,0,1,Pass,Pass,Pass,Pass,Pass,Pass,Pass,Pass,Pass,Pass,Pass,
REC0327,326,326,Benthic Habitat Maps for the Insular Shelf South of St. Thomas and St. John,"St. John, USVI",AA,Accuracy Assessment,HD Seaviewer Drop Camera,AA2017_346,2017-02-05,13:06:02,2017,2,18.23557732,-64.71257138,2065140.968,-7203770.494,2065140.968,-7203770.494,0.0,-51.69490051,51.695,https://nccospublicstor.blob.core.windows.net/biomapper/usviinsularshelf2017/videos/low/AA2017_346.mp4,Absent,Absent,Present,Absent,Absent,Absent,Absent,Present,Absent,Absent,Absent,,0,0,1,0,0,0,0,1,0,0,0,1,1,2,Pass,Pass,Pass,Pass,Pass,Pass,Pass,Pass,Pass,Pass,Pass,
REC0328,327,327,Benthic Habitat Maps for the Insular Shelf South of St. Thomas and St. John,"St. John, USVI",AA,Accuracy Assessment,HD Seaviewer Drop Camera,AA2017_347,2017-02-05,09:33:33,2017,2,18.29141653,-64.71169685,2071686.7,-7203673.142,2071686.7,-7203673.142,0.0,-32.19499969,32.195,https://nccospublicstor.blob.core.windows.net/biomapper/usviinsularshelf2017/videos/low/AA2017_347.mp4,Absent,Absent,Present,Absent,Absent,Absent,Present,Present,Absent,Absent,Absent,,0,0,1,0,0,0,1,1,0,0,0,1,2,3,Pass,Pass,Pass,Pass,Pass,Pass,Pass,Pass,Pass,Pass,Pass,
REC0329,328,328,Benthic Habitat Maps for the Insular Shelf South of St. Thomas and St. John,"St. John, USVI",AA,Accuracy Assessment,HD Seaviewer Drop Camera,AA2017_348,2017-02-05,09:40:02,2017,2,18.29466267,-64.71067398,2072067.292,-7203559.276,2072067.292,-7203559.276,0.0,-28.49300003,28.493,https://nccospublicstor.blob.core.windows.net/biomapper/usviinsularshelf2017/videos/low/AA2017_348.mp4,Absent,Absent,Present,Absent,Absent,Absent,Present,Present,Absent,Absent,Absent,Sand clost to >20%,0,0,1,0,0,0,1,1,0,0,0,1,2,3,Pass,Pass,Pass,Pass,Pass,Pass,Pass,Pass,Pass,Pass,Pass,
REC0330,329,329,Benthic Habitat Maps for the Insular Shelf South of St. Thomas and St. John,"St. John, USVI",AA,Accuracy Assessment,HD Seaviewer Drop Camera,AA2017_349,2017-02-05,12:57:40,2017,2,18.24748011,-64.70605074,2066536.092,-7203044.62,2066536.092,-7203044.62,0.0,-48.52140045,48.521,https://nccospublicstor.blob.core.windows.net/biomapper/usviinsularshelf2017/videos/low/AA2017_349.mp4,Absent,Present,Present,Absent,Present,Absent,Present,Present,Absent,Absent,Absent,,0,1,1,0,1,0,1,1,0,0,0,2,3,5,Pass,Pass,Pass,Pass,Pass,Pass,Pass,Pass,Pass,Pass,Pass,
REC0331,330,330,Benthic Habitat Maps for the Insular Shelf South of St. Thomas and St. John,"St. John, USVI",AA,Accuracy Assessment,HD Seaviewer Drop Camera,AA2017_350,2017-02-05,09:47:01,2017,2,18.29006523,-64.70547871,2071528.269,-7202980.941,2071528.269,-7202980.942,0.001,-32.72449875,32.724,https://nccospublicstor.blob.core.windows.net/biomapper/usviinsularshelf2017/videos/low/AA2017_350.mp4,Absent,Absent,Present,Absent,Absent,Absent,Present,Present,Absent,Absent,Absent,,0,0,1,0,0,0,1,1,0,0,0,1,2,3,Pass,Pass,Pass,Pass,Pass,Pass,Pass,Pass,Pass,Pass,Pass,
REC0332,331,331,Benthic Habitat Maps for the Insular Shelf South of St. Thomas and St. John,"St. John, USVI",AA,Accuracy Assessment,HD Seaviewer Drop Camera,AA2017_352,2017-02-05,12:41:20,2017,2,18.21380375,-64.70101916,2062589.139,-7202484.507,2062589.139,-7202484.507,0.0,-55.02569962,55.026,https://nccospublicstor.blob.core.windows.net/biomapper/usviinsularshelf2017/videos/low/AA2017_352.mp4,Absent,Present,Present,Absent,Present,Absent,Absent,Present,Absent,Absent,Absent,"macroalgae just >20%, mostly uncolonized rhodo",0,1,1,0,1,0,0,1,0,0,0,2,2,4,Pass,Pass,Pass,Pass,Pass,Pass,Pass,Pass,Pass,Pass,Pass,
REC0333,332,332,Benthic Habitat Maps for the Insular Shelf South of St. Thomas and St. John,"St. John, USVI",AA,Accuracy Assessment,HD Seaviewer Drop Camera,AA2017_353,2017-02-05,11:53:09,2017,2,18.25868944,-64.70048342,2067850.023,-7202424.868,2067850.023,-7202424.868,0.0,-47.47900009,47.479,https://nccospublicstor.blob.core.windows.net/biomapper/usviinsularshelf2017/videos/low/AA2017_353.mp4,Absent,Absent,Present,Absent,Absent,Absent,Absent,Absent,Absent,Absent,Absent,,0,0,1,0,0,0,0,0,0,0,0,1,0,1,Pass,Pass,Pass,Pass,Pass,Pass,Pass,Pass,Pass,Pass,Pass,
REC0334,333,333,Benthic Habitat Maps for the Insular Shelf South of St. Thomas and St. John,"St. John, USVI",AA,Accuracy Assessment,HD Seaviewer Drop Camera,AA2017_354,2017-02-05,09:55:51,2017,2,18.28832253,-64.69957004,2071323.952,-7202323.191,2071323.952,-7202323.191,0.0,-33.22600174,33.226,https://nccospublicstor.blob.core.windows.net/biomapper/usviinsularshelf2017/videos/low/AA2017_354.mp4,Absent,Absent,Present,Absent,Absent,Absent,Present,Present,Absent,Absent,Absent,,0,0,1,0,0,0,1,1,0,0,0,1,2,3,Pass,Pass,Pass,Pass,Pass,Pass,Pass,Pass,Pass,Pass,Pass,
REC0335,334,334,Benthic Habitat Maps for the Insular Shelf South of St. Thomas and St. John,"St. John, USVI",AA,Accuracy Assessment,HD Seaviewer Drop Camera,AA2017_355,2017-02-05,11:40:36,2017,2,18.27285988,-64.69705218,2069511.17,-7202042.905,2069511.169,-7202042.905,0.001,-45.67200089,45.672,https://nccospublicstor.blob.core.windows.net/biomapper/usviinsularshelf2017/videos/low/AA2017_355.mp4,Absent,Absent,Present,Absent,Absent,Absent,Absent,Absent,Absent,Absent,Absent,,0,0,1,0,0,0,0,0,0,0,0,1,0,1,Pass,Pass,Pass,Pass,Pass,Pass,Pass,Pass,Pass,Pass,Pass,
REC0336,335,335,Benthic Habitat Maps for the Insular Shelf South of St. Thomas and St. John,"St. John, USVI",AA,Accuracy Assessment,HD Seaviewer Drop Camera,AA2017_356,2017-02-05,10:05:08,2017,2,18.29628012,-64.69686537,2072256.932,-7202022.109,2072256.932,-7202022.109,0.0,-27.73419952,27.734,https://nccospublicstor.blob.core.windows.net/biomapper/usviinsularshelf2017/videos/low/AA2017_356.mp4,Absent,Present,Absent,Absent,Present,Absent,Present,Present,Absent,Absent,Absent,,0,1,0,0,1,0,1,1,0,0,0,1,3,4,Pass,Pass,Pass,Pass,Pass,Pass,Pass,Pass,Pass,Pass,Pass,
REC0337,336,336,Benthic Habitat Maps for the Insular Shelf South of St. Thomas and St. John,"St. John, USVI",AA,Accuracy Assessment,HD Seaviewer Drop Camera,AA2017_357,2017-02-05,12:26:50,2017,2,18.22667177,-64.69250339,2064097.213,-7201536.536,2064097.213,-7201536.536,0.001,-51.16230011,51.162,https://nccospublicstor.blob.core.windows.net/biomapper/usviinsularshelf2017/videos/low/AA2017_357.mp4,Absent,Present,Present,Absent,Present,Absent,Absent,Absent,Absent,Absent,Absent,"macroalgae just >20%, mostly uncolonized rhodo",0,1,1,0,1,0,0,0,0,0,0,2,1,3,Pass,Pass,Pass,Pass,Pass,Pass,Pass,Pass,Pass,Pass,Pass,
REC0338,337,337,Benthic Habitat Maps for the Insular Shelf South of St. Thomas and St. John,"St. John, USVI",AA,Accuracy Assessment,HD Seaviewer Drop Camera,AA2017_359,2017-02-05,12:04:14,2017,2,18.25546065,-64.68779613,2067471.543,-7201012.526,2067471.543,-7201012.526,0.0,-48.13460159,48.135,https://nccospublicstor.blob.core.windows.net/biomapper/usviinsularshelf2017/videos/low/AA2017_359.mp4,Absent,Absent,Present,Absent,Absent,Absent,Absent,Absent,Absent,Absent,Absent,,0,0,1,0,0,0,0,0,0,0,0,1,0,1,Pass,Pass,Pass,Pass,Pass,Pass,Pass,Pass,Pass,Pass,Pass,
REC0339,338,338,Benthic Habitat Maps for the Insular Shelf South of St. Thomas and St. John,"St. John, USVI",AA,Accuracy Assessment,HD Seaviewer Drop Camera,AA2017_361,2017-02-05,12:16:46,2017,2,18.24720772,-64.683627,2066504.164,-7200548.42,2066504.164,-7200548.42,0.0,-42.09199905,42.092,https://nccospublicstor.blob.core.windows.net/biomapper/usviinsularshelf2017/videos/low/AA2017_361.mp4,Present,Absent,Absent,Present,Present,Absent,Present,Present,Absent,Absent,Absent,,1,0,0,1,1,0,1,1,0,0,0,2,3,5,Pass,Pass,Pass,Pass,Pass,Pass,Pass,Pass,Pass,Pass,Pass,
REC0340,339,339,Benthic Habitat Maps for the Insular Shelf South of St. Thomas and St. John,"St. John, USVI",AA,Accuracy Assessment,HD Seaviewer Drop Camera,AA2017_363,2017-02-05,10:15:39,2017,2,18.29164468,-64.68024344,2071713.449,-7200171.764,2071713.449,-7200171.764,0.0,-32.59189987,32.592,https://nccospublicstor.blob.core.windows.net/biomapper/usviinsularshelf2017/videos/low/AA2017_363.mp4,Absent,Absent,Present,Present,Absent,Absent,Present,Present,Absent,Absent,Absent,,0,0,1,1,0,0,1,1,0,0,0,2,2,4,Pass,Pass,Pass,Pass,Pass,Pass,Pass,Pass,Pass,Pass,Pass,
REC0341,340,340,Benthic Habitat Maps for the Insular Shelf South of St. Thomas and St. John,"St. John, USVI",AA,Accuracy Assessment,HD Seaviewer Drop Camera,AA2017_364,2017-02-05,10:51:14,2017,2,18.28390863,-64.67745905,2070806.466,-7199861.807,2070806.466,-7199861.807,0.0,-38.59189987,38.592,https://nccospublicstor.blob.core.windows.net/biomapper/usviinsularshelf2017/videos/low/AA2017_364.mp4,Absent,Absent,Present,Absent,Absent,Absent,Present,Present,Absent,Absent,Absent,,0,0,1,0,0,0,1,1,0,0,0,1,2,3,Pass,Pass,Pass,Pass,Pass,Pass,Pass,Pass,Pass,Pass,Pass,
REC0342,341,341,Benthic Habitat Maps for the Insular Shelf South of St. Thomas and St. John,"St. John, USVI",AA,Accuracy Assessment,HD Seaviewer Drop Camera,AA2017_366,2017-02-05,11:19:09,2017,2,18.27032868,-64.67424372,2069214.437,-7199503.878,2069214.437,-7199503.878,0.001,-43.83209991,43.832,https://nccospublicstor.blob.core.windows.net/biomapper/usviinsularshelf2017/videos/low/AA2017_366.mp4,Absent,Absent,Present,Absent,Absent,Absent,Absent,Present,Absent,Absent,Absent,macroalgae close to  >20%,0,0,1,0,0,0,0,1,0,0,0,1,1,2,Pass,Pass,Pass,Pass,Pass,Pass,Pass,Pass,Pass,Pass,Pass,
REC0343,342,342,Benthic Habitat Maps for the Insular Shelf South of St. Thomas and St. John,"St. John, USVI",AA,Accuracy Assessment,HD Seaviewer Drop Camera,AA2017_367,2017-02-05,10:43:34,2017,2,18.28513842,-64.67208278,2070950.646,-7199263.324,2070950.646,-7199263.324,0.001,-36.26990128,36.27,https://nccospublicstor.blob.core.windows.net/biomapper/usviinsularshelf2017/videos/low/AA2017_367.mp4,Absent,Absent,Present,Present,Absent,Absent,Absent,Absent,Absent,Absent,Absent,macroalgae close to  >20%,0,0,1,1,0,0,0,0,0,0,0,2,0,2,Pass,Pass,Pass,Pass,Pass,Pass,Pass,Pass,Pass,Pass,Pass,
REC0344,343,343,Benthic Habitat Maps for the Insular Shelf South of St. Thomas and St. John,"St. John, USVI",AA,Accuracy Assessment,HD Seaviewer Drop Camera,AA2017_368,2017-02-05,11:27:51,2017,2,18.2684178,-64.67126447,2068990.427,-7199172.23,2068990.427,-7199172.23,0.0,-44.11159897,44.112,https://nccospublicstor.blob.core.windows.net/biomapper/usviinsularshelf2017/videos/low/AA2017_368.mp4,Absent,Absent,Present,Absent,Absent,Absent,Present,Present,Absent,Absent,Absent,"macroalgae just >20%, mostly uncolonized rhodo",0,0,1,0,0,0,1,1,0,0,0,1,2,3,Pass,Pass,Pass,Pass,Pass,Pass,Pass,Pass,Pass,Pass,Pass,
REC0345,344,344,Benthic Habitat Maps for the Insular Shelf South of St. Thomas and St. John,"St. John, USVI",AA,Accuracy Assessment,HD Seaviewer Drop Camera,AA2017_369,2017-02-05,11:12:50,2017,2,18.27591152,-64.67215402,2069868.919,-7199271.254,2069868.919,-7199271.254,0.0,-43.87450027,43.875,https://nccospublicstor.blob.core.windows.net/biomapper/usviinsularshelf2017/videos/low/AA2017_369.mp4,Absent,Absent,Present,Absent,Absent,Absent,Present,Absent,Absent,Absent,Absent,sand close to >20%,0,0,1,0,0,0,1,0,0,0,0,1,1,2,Pass,Pass,Pass,Pass,Pass,Pass,Pass,Pass,Pass,Pass,Pass,
REC0346,345,345,Benthic Habitat Maps for the Insular Shelf South of St. Thomas and St. John,"St. John, USVI",AA,Accuracy Assessment,HD Seaviewer Drop Camera,AA2017_370,2017-02-05,10:24:58,2017,2,18.29030917,-64.67022612,2071556.87,-7199056.641,2071556.87,-7199056.641,0.0,-32.02529907,32.025,https://nccospublicstor.blob.core.windows.net/biomapper/usviinsularshelf2017/videos/low/AA2017_370.mp4,Absent,Absent,Absent,Present,Absent,Absent,Absent,Absent,Absent,Absent,Absent,,0,0,0,1,0,0,0,0,0,0,0,1,0,1,Pass,Pass,Pass,Pass,Pass,Pass,Pass,Pass,Pass,Pass,Pass,
REC0347,346,346,Benthic Habitat Maps for the Insular Shelf South of St. Thomas and St. John,"St. John, USVI",AA,Accuracy Assessment,HD Seaviewer Drop Camera,AA2017_373,2017-02-05,10:34:54,2017,2,18.28835796,-64.6630196,2071328.106,-7198254.415,2071328.106,-7198254.415,0.0,-35.43109894,35.431,https://nccospublicstor.blob.core.windows.net/biomapper/usviinsularshelf2017/videos/low/AA2017_373.mp4,Absent,Absent,Present,Present,Absent,Absent,Present,Present,Absent,Absent,Absent,,0,0,1,1,0,0,1,1,0,0,0,2,2,4,Pass,Pass,Pass,Pass,Pass,Pass,Pass,Pass,Pass,Pass,Pass,
REC0348,347,347,Benthic Habitat Maps for the Insular Shelf South of St. Thomas and St. John,"St. Thomas, USVI",AA,Accuracy Assessment,HD Seaviewer Drop Camera,AA2017_950,2017-02-04,08:49:09,2017,2,18.18896052,-64.95982451,2059677.94,-7231294.587,2059677.94,-7231294.586,0.001,-43.59230042,43.592,https://nccospublicstor.blob.core.windows.net/biomapper/usviinsularshelf2017/videos/low/AA2017_950.mp4,Present,Absent,Absent,Present,Present,Present,Present,Present,Absent,Absent,Absent,big snapper in video,1,0,0,1,1,1,1,1,0,0,0,2,4,6,Pass,Pass,Pass,Pass,Pass,Pass,Pass,Pass,Pass,Pass,Pass,
REC0349,348,348,Benthic Habitat Maps for the Insular Shelf South of St. Thomas and St. John,Puerto Rico,GV,Ground Validation,Seaviewer Drop Camera,GV2010_003,2010-03-21,09:12:53,2010,3,18.16352465,-65.25917381,2056697.723,-7264617.998,2056697.723,-7264617.998,0.0,-28.65500259,28.655,https://nccospublicstor.blob.core.windows.net/biomapper/usviinsularshelf2017/videos/low/GV2010_003.mp4,Absent,Absent,Present,Absent,Present,Absent,Present,Present,Absent,Absent,Absent,,0,0,1,0,1,0,1,1,0,0,0,1,3,4,Pass,Pass,Pass,Pass,Pass,Pass,Pass,Pass,Pass,Pass,Pass,
REC0350,349,349,Benthic Habitat Maps for the Insular Shelf South of St. Thomas and St. John,Puerto Rico,GV,Ground Validation,Seaviewer Drop Camera,GV2010_004,2010-03-21,09:42:24,2010,3,18.15104315,-65.25681088,2055235.476,-7264354.958,2055235.476,-7264354.958,0.0,-23.78967667,23.79,https://nccospublicstor.blob.core.windows.net/biomapper/usviinsularshelf2017/videos/low/GV2010_004.mp4,Absent,Present,Absent,Absent,Present,Present,Present,Present,Absent,Absent,Absent,,0,1,0,0,1,1,1,1,0,0,0,1,4,5,Pass,Pass,Pass,Pass,Pass,Pass,Pass,Pass,Pass,Pass,Pass,
REC0351,350,350,Benthic Habitat Maps for the Insular Shelf South of St. Thomas and St. John,Puerto Rico,GV,Ground Validation,Seaviewer Drop Camera,GV2010_005,2010-03-21,10:10:18,2010,3,18.13829983,-65.25664266,2053742.663,-7264336.232,2053742.663,-7264336.232,0.0,-33.00410461,33.004,https://nccospublicstor.blob.core.windows.net/biomapper/usviinsularshelf2017/videos/low/GV2010_005.mp4,Absent,Absent,Present,Absent,Absent,Absent,Present,Present,Absent,Absent,Absent,,0,0,1,0,0,0,1,1,0,0,0,1,2,3,Pass,Pass,Pass,Pass,Pass,Pass,Pass,Pass,Pass,Pass,Pass,
REC0352,351,351,Benthic Habitat Maps for the Insular Shelf South of St. Thomas and St. John,Puerto Rico,GV,Ground Validation,Seaviewer Drop Camera,GV2010_009,2010-03-21,08:00:29,2010,3,18.17165412,-65.24221245,2057650.173,-7262729.868,2057650.173,-7262729.868,0.0,-31.90306854,31.903,https://nccospublicstor.blob.core.windows.net/biomapper/usviinsularshelf2017/videos/low/GV2010_009.mp4,Absent,Absent,Present,Absent,Absent,Absent,Present,Present,Absent,Absent,Absent,,0,0,1,0,0,0,1,1,0,0,0,1,2,3,Pass,Pass,Pass,Pass,Pass,Pass,Pass,Pass,Pass,Pass,Pass,
REC0353,352,352,Benthic Habitat Maps for the Insular Shelf South of St. Thomas and St. John,Puerto Rico,GV,Ground Validation,Seaviewer Drop Camera,GV2010_010,2010-03-21,08:16:25,2010,3,18.1752989,-65.2428473,2058077.21,-7262800.539,2058077.21,-7262800.539,0.0,-33.04420853,33.044,https://nccospublicstor.blob.core.windows.net/biomapper/usviinsularshelf2017/videos/low/GV2010_010.mp4,Present,Absent,Absent,Present,Present,Absent,Present,Present,Absent,Absent,Absent,,1,0,0,1,1,0,1,1,0,0,0,2,3,5,Pass,Pass,Pass,Pass,Pass,Pass,Pass,Pass,Pass,Pass,Pass,
REC0354,353,353,Benthic Habitat Maps for the Insular Shelf South of St. Thomas and St. John,Puerto Rico,GV,Ground Validation,Seaviewer Drop Camera,GV2010_033,2010-03-21,09:52:31,2010,3,18.14725437,-65.25699605,2054791.629,-7264375.571,2054791.629,-7264375.571,0.0,-26.63964653,26.64,https://nccospublicstor.blob.core.windows.net/biomapper/usviinsularshelf2017/videos/low/GV2010_033.mp4,Absent,Present,Absent,Absent,Present,Absent,Present,Present,Absent,Absent,Absent,,0,1,0,0,1,0,1,1,0,0,0,1,3,4,Pass,Pass,Pass,Pass,Pass,Pass,Pass,Pass,Pass,Pass,Pass,
REC0355,354,354,Benthic Habitat Maps for the Insular Shelf South of St. Thomas and St. John,Puerto Rico,GV,Ground Validation,Seaviewer Drop Camera,GV2010_034,2010-03-21,09:59:21,2010,3,18.14634556,-65.25791038,2054685.165,-7264477.354,2054685.165,-7264477.354,0.001,-25.03116798,25.031,https://nccospublicstor.blob.core.windows.net/biomapper/usviinsularshelf2017/videos/low/GV2010_034.mp4,Absent,Present,Absent,Absent,Present,Absent,Present,Present,Absent,Absent,Absent,,0,1,0,0,1,0,1,1,0,0,0,1,3,4,Pass,Pass,Pass,Pass,Pass,Pass,Pass,Pass,Pass,Pass,Pass,
REC0356,355,355,Benthic Habitat Maps for the Insular Shelf South of St. Thomas and St. John,Puerto Rico,GV,Ground Validation,Seaviewer Drop Camera,GV2010_039,2010-03-21,09:01:39,2010,3,18.17238565,-65.25143859,2057735.881,-7263756.917,2057735.881,-7263756.917,0.0,-29.66038895,29.66,https://nccospublicstor.blob.core.windows.net/biomapper/usviinsularshelf2017/videos/low/GV2010_039.mp4,Absent,Absent,Present,Absent,Present,Absent,Present,Present,Absent,Absent,Absent,,0,0,1,0,1,0,1,1,0,0,0,1,3,4,Pass,Pass,Pass,Pass,Pass,Pass,Pass,Pass,Pass,Pass,Pass,
REC0357,356,356,Benthic Habitat Maps for the Insular Shelf South of St. Thomas and St. John,Puerto Rico,GV,Ground Validation,Seaviewer Drop Camera,GV2010_040,2010-03-21,10:28:00,2010,3,18.1445337,-65.24881528,2054472.915,-7263464.892,2054472.915,-7263464.892,0.0,-32.82523346,32.825,https://nccospublicstor.blob.core.windows.net/biomapper/usviinsularshelf2017/videos/low/GV2010_040.mp4,Absent,Absent,Present,Absent,Present,Absent,Present,Present,Absent,Absent,Absent,,0,0,1,0,1,0,1,1,0,0,0,1,3,4,Pass,Pass,Pass,Pass,Pass,Pass,Pass,Pass,Pass,Pass,Pass,
REC0358,357,357,Benthic Habitat Maps for the Insular Shelf South of St. Thomas and St. John,Puerto Rico,GV,Ground Validation,Seaviewer Drop Camera,GV2010_044,2010-03-21,09:31:47,2010,3,18.15868916,-65.24995219,2056131.218,-7263591.452,2056131.218,-7263591.452,0.0,-30.44246674,30.442,https://nccospublicstor.blob.core.windows.net/biomapper/usviinsularshelf2017/videos/low/GV2010_044.mp4,Absent,Present,Absent,Absent,Present,Absent,Present,Present,Absent,Absent,Absent,,0,1,0,0,1,0,1,1,0,0,0,1,3,4,Pass,Pass,Pass,Pass,Pass,Pass,Pass,Pass,Pass,Pass,Pass,
REC0359,358,358,Benthic Habitat Maps for the Insular Shelf South of St. Thomas and St. John,Puerto Rico,GV,Ground Validation,Seaviewer Drop Camera,GV2010_045,2010-03-21,08:25:45,2010,3,18.17951382,-65.25035237,2058571.058,-7263636.0,2058571.058,-7263636.0,0.0,-29.81762695,29.818,https://nccospublicstor.blob.core.windows.net/biomapper/usviinsularshelf2017/videos/low/GV2010_045.mp4,Absent,Absent,Present,Absent,Absent,Absent,Present,Present,Absent,Absent,Absent,,0,0,1,0,0,0,1,1,0,0,0,1,2,3,Pass,Pass,Pass,Pass,Pass,Pass,Pass,Pass,Pass,Pass,Pass,
REC0360,359,359,Benthic Habitat Maps for the Insular Shelf South of St. Thomas and St. John,"St. Thomas, USVI",GV,Ground Validation,Seaviewer Drop Camera,GV2010_073,2010-03-20,09:53:43,2010,3,18.25626955,-65.04044426,2067566.362,-7240269.136,2067566.362,-7240269.136,0.0,-34.69897079,34.699,https://nccospublicstor.blob.core.windows.net/biomapper/usviinsularshelf2017/videos/low/GV2010_073.mp4,Absent,Absent,Present,Present,Absent,Absent,Present,Present,Absent,Absent,Absent,,0,0,1,1,0,0,1,1,0,0,0,2,2,4,Pass,Pass,Pass,Pass,Pass,Pass,Pass,Pass,Pass,Pass,Pass,
REC0361,360,360,Benthic Habitat Maps for the Insular Shelf South of St. Thomas and St. John,"St. Thomas, USVI",GV,Ground Validation,Seaviewer Drop Camera,GV2010_094,2010-03-20,10:11:29,2010,3,18.25628349,-65.05641357,2067567.996,-7242046.831,2067567.996,-7242046.831,0.0,-35.08916473,35.089,https://nccospublicstor.blob.core.windows.net/biomapper/usviinsularshelf2017/videos/low/GV2010_094.mp4,Absent,Absent,Present,Present,Absent,Absent,Present,Present,Absent,Absent,Absent,,0,0,1,1,0,0,1,1,0,0,0,2,2,4,Pass,Pass,Pass,Pass,Pass,Pass,Pass,Pass,Pass,Pass,Pass,
REC0362,361,361,Benthic Habitat Maps for the Insular Shelf South of St. Thomas and St. John,Puerto Rico,GV,Ground Validation,Seaviewer Drop Camera,GV2010_271,2010-03-21,08:32:18,2010,3,18.17935368,-65.25168427,2058552.295,-7263784.266,2058552.295,-7263784.266,0.0,-26.07807541,26.078,https://nccospublicstor.blob.core.windows.net/biomapper/usviinsularshelf2017/videos/low/GV2010_271.mp4,Absent,Present,Absent,Absent,Present,Absent,Present,Present,Absent,Absent,Absent,,0,1,0,0,1,0,1,1,0,0,0,1,3,4,Pass,Pass,Pass,Pass,Pass,Pass,Pass,Pass,Pass,Pass,Pass,
REC0363,362,362,Benthic Habitat Maps for the Insular Shelf South of St. Thomas and St. John,Puerto Rico,GV,Ground Validation,Seaviewer Drop Camera,GV2010_272,2010-03-21,08:44:17,2010,3,18.17894474,-65.25985419,2058504.38,-7264693.738,2058504.38,-7264693.738,0.0,-29.63885689,29.639,https://nccospublicstor.blob.core.windows.net/biomapper/usviinsularshelf2017/videos/low/GV2010_272.mp4,Absent,Absent,Present,Absent,Absent,Absent,Present,Present,Absent,Absent,Absent,,0,0,1,0,0,0,1,1,0,0,0,1,2,3,Pass,Pass,Pass,Pass,Pass,Pass,Pass,Pass,Pass,Pass,Pass,
REC0364,363,363,Benthic Habitat Maps for the Insular Shelf South of St. Thomas and St. John,Puerto Rico,GV,Ground Validation,Seaviewer Drop Camera,GV2010_280,2010-03-21,13:37:11,2010,3,18.1526825,-65.21615165,2055427.525,-7259828.793,2055427.525,-7259828.793,0.0,-39.92437363,39.924,https://nccospublicstor.blob.core.windows.net/biomapper/usviinsularshelf2017/videos/low/GV2010_280.mp4,Present,Absent,Absent,Absent,Present,Absent,Present,Present,Absent,Absent,Absent,,1,0,0,0,1,0,1,1,0,0,0,1,3,4,Pass,Pass,Pass,Pass,Pass,Pass,Pass,Pass,Pass,Pass,Pass,
REC0365,364,364,Benthic Habitat Maps for the Insular Shelf South of St. Thomas and St. John,Puerto Rico,GV,Ground Validation,Seaviewer Drop Camera,GV2010_281,2010-03-21,13:10:45,2010,3,18.15156838,-65.22678486,2055297.006,-7261012.477,2055297.006,-7261012.477,0.0,-37.9344368,37.934,https://nccospublicstor.blob.core.windows.net/biomapper/usviinsularshelf2017/videos/low/GV2010_281.mp4,Absent,Absent,Absent,Present,Absent,Absent,Absent,Absent,Absent,Absent,Absent,,0,0,0,1,0,0,0,0,0,0,0,1,0,1,Pass,Pass,Pass,Pass,Pass,Pass,Pass,Pass,Pass,Pass,Pass,
REC0366,365,365,Benthic Habitat Maps for the Insular Shelf South of St. Thomas and St. John,Puerto Rico,GV,Ground Validation,Seaviewer Drop Camera,GV2010_282,2010-03-21,13:25:44,2010,3,18.14990506,-65.22227442,2055102.15,-7260510.377,2055102.15,-7260510.377,0.0,-39.48267365,39.483,https://nccospublicstor.blob.core.windows.net/biomapper/usviinsularshelf2017/videos/low/GV2010_282.mp4,Absent,Absent,Present,Absent,Absent,Absent,Present,Present,Absent,Absent,Absent,,0,0,1,0,0,0,1,1,0,0,0,1,2,3,Pass,Pass,Pass,Pass,Pass,Pass,Pass,Pass,Pass,Pass,Pass,
REC0367,366,366,Benthic Habitat Maps for the Insular Shelf South of St. Thomas and St. John,Puerto Rico,GV,Ground Validation,Seaviewer Drop Camera,GV2010_283,2010-03-21,13:46:36,2010,3,18.14802361,-65.214882,2054881.743,-7259687.456,2054881.743,-7259687.456,0.0,-37.04233933,37.042,https://nccospublicstor.blob.core.windows.net/biomapper/usviinsularshelf2017/videos/low/GV2010_283.mp4,Present,Absent,Absent,Absent,Present,Absent,Present,Present,Absent,Absent,Absent,,1,0,0,0,1,0,1,1,0,0,0,1,3,4,Pass,Pass,Pass,Pass,Pass,Pass,Pass,Pass,Pass,Pass,Pass,
REC0368,367,367,Benthic Habitat Maps for the Insular Shelf South of St. Thomas and St. John,Puerto Rico,GV,Ground Validation,Seaviewer Drop Camera,GV2010_323,2010-03-21,07:45:20,2010,3,18.16493091,-65.20528644,2056862.478,-7258619.283,2056862.478,-7258619.284,0.001,-34.3527565,34.353,https://nccospublicstor.blob.core.windows.net/biomapper/usviinsularshelf2017/videos/low/GV2010_323.mp4,Present,Absent,Absent,Absent,Present,Absent,Present,Present,Absent,Absent,Absent,,1,0,0,0,1,0,1,1,0,0,0,1,3,4,Pass,Pass,Pass,Pass,Pass,Pass,Pass,Pass,Pass,Pass,Pass,
REC0369,368,368,Benthic Habitat Maps for the Insular Shelf South of St. Thomas and St. John,Puerto Rico,GV,Ground Validation,Seaviewer Drop Camera,GV2010_324_1,2010-03-25,07:25:17,2010,3,18.22630949,-65.17581746,2064054.754,-7255338.812,2064054.754,-7255338.812,0.001,-35.07536316,35.075,https://nccospublicstor.blob.core.windows.net/biomapper/usviinsularshelf2017/videos/low/GV2010_324_1.mp4,Present,Absent,Absent,Absent,Present,Present,Present,Present,Absent,Absent,Absent,,1,0,0,0,1,1,1,1,0,0,0,1,4,5,Pass,Pass,Pass,Pass,Pass,Pass,Pass,Pass,Pass,Pass,Pass,
REC0370,369,369,Benthic Habitat Maps for the Insular Shelf South of St. Thomas and St. John,"St. John, USVI",GV,Ground Validation,Seaviewer Drop Camera,GV2010_324_2,2010-04-02,09:36:28,2010,4,18.19602543,-64.76391229,2060505.783,-7209485.738,2060505.784,-7209485.738,0.001,-56.37593842,56.376,https://nccospublicstor.blob.core.windows.net/biomapper/usviinsularshelf2017/videos/low/GV2010_324_2.mp4,Absent,Absent,Present,Absent,Present,Absent,Present,Present,Absent,Absent,Absent,,0,0,1,0,1,0,1,1,0,0,0,1,3,4,Pass,Pass,Pass,Pass,Pass,Pass,Pass,Pass,Pass,Pass,Pass,
REC0371,370,370,Benthic Habitat Maps for the Insular Shelf South of St. Thomas and St. John,Puerto Rico,GV,Ground Validation,Seaviewer Drop Camera,GV2010_325,2010-03-25,07:32:25,2010,3,18.22408418,-65.17808535,2063793.95,-7255591.272,2063793.95,-7255591.272,0.0,-36.14702225,36.147,https://nccospublicstor.blob.core.windows.net/biomapper/usviinsularshelf2017/videos/low/GV2010_325.mp4,Present,Absent,Absent,Absent,Present,Present,Present,Present,Absent,Absent,Absent,,1,0,0,0,1,1,1,1,0,0,0,1,4,5,Pass,Pass,Pass,Pass,Pass,Pass,Pass,Pass,Pass,Pass,Pass,
REC0372,371,371,Benthic Habitat Maps for the Insular Shelf South of St. Thomas and St. John,Puerto Rico,GV,Ground Validation,Seaviewer Drop Camera,GV2010_326_1,2010-03-25,07:38:59,2010,3,18.22516013,-65.18051924,2063920.05,-7255862.211,2063920.049,-7255862.211,0.001,-32.45309067,32.453,https://nccospublicstor.blob.core.windows.net/biomapper/usviinsularshelf2017/videos/low/GV2010_326_1.mp4,Present,Absent,Absent,Present,Present,Absent,Present,Present,Absent,Absent,Absent,,1,0,0,1,1,0,1,1,0,0,0,2,3,5,Pass,Pass,Pass,Pass,Pass,Pass,Pass,Pass,Pass,Pass,Pass,
REC0373,372,372,Benthic Habitat Maps for the Insular Shelf South of St. Thomas and St. John,"St. John, USVI",GV,Ground Validation,Seaviewer Drop Camera,GV2010_326_2,2010-04-02,09:14:33,2010,4,18.18904594,-64.74902128,2059687.949,-7207828.078,2059687.949,-7207828.078,0.0,-56.02442551,56.024,https://nccospublicstor.blob.core.windows.net/biomapper/usviinsularshelf2017/videos/low/GV2010_326_2.mp4,Absent,Absent,Present,Absent,Present,Absent,Present,Present,Absent,Absent,Absent,,0,0,1,0,1,0,1,1,0,0,0,1,3,4,Pass,Pass,Pass,Pass,Pass,Pass,Pass,Pass,Pass,Pass,Pass,
REC0374,373,373,Benthic Habitat Maps for the Insular Shelf South of St. Thomas and St. John,Puerto Rico,GV,Ground Validation,Seaviewer Drop Camera,GV2010_327,2010-03-25,07:43:46,2010,3,18.22372597,-65.18286332,2063751.968,-7256123.153,2063751.968,-7256123.153,0.0,-31.42589951,31.426,https://nccospublicstor.blob.core.windows.net/biomapper/usviinsularshelf2017/videos/low/GV2010_327.mp4,Present,Absent,Absent,Absent,Present,Present,Present,Present,Absent,Absent,Absent,,1,0,0,0,1,1,1,1,0,0,0,1,4,5,Pass,Pass,Pass,Pass,Pass,Pass,Pass,Pass,Pass,Pass,Pass,
REC0375,374,374,Benthic Habitat Maps for the Insular Shelf South of St. Thomas and St. John,Puerto Rico,GV,Ground Validation,Seaviewer Drop Camera,GV2010_328_1,2010-03-25,07:52:51,2010,3,18.22015598,-65.18393142,2063333.578,-7256242.054,2063333.578,-7256242.054,0.001,-36.23884964,36.239,https://nccospublicstor.blob.core.windows.net/biomapper/usviinsularshelf2017/videos/low/GV2010_328_1.mp4,Present,Absent,Absent,Absent,Present,Present,Present,Present,Absent,Absent,Absent,,1,0,0,0,1,1,1,1,0,0,0,1,4,5,Pass,Pass,Pass,Pass,Pass,Pass,Pass,Pass,Pass,Pass,Pass,
REC0376,375,375,Benthic Habitat Maps for the Insular Shelf South of St. Thomas and St. John,"St. John, USVI",GV,Ground Validation,Seaviewer Drop Camera,GV2010_328_2,2010-04-02,09:02:22,2010,4,18.20414673,-64.74025668,2061457.453,-7206852.407,2061457.453,-7206852.407,0.0,-45.52774811,45.528,https://nccospublicstor.blob.core.windows.net/biomapper/usviinsularshelf2017/videos/low/GV2010_328_2.mp4,Absent,Present,Present,Absent,Present,Absent,Present,Present,Absent,Absent,Absent,,0,1,1,0,1,0,1,1,0,0,0,2,3,5,Pass,Pass,Pass,Pass,Pass,Pass,Pass,Pass,Pass,Pass,Pass,
REC0377,376,376,Benthic Habitat Maps for the Insular Shelf South of St. Thomas and St. John,Puerto Rico,GV,Ground Validation,Seaviewer Drop Camera,GV2010_329_1,2010-03-25,08:00:02,2010,3,18.21753218,-65.18310421,2063026.083,-7256149.969,2063026.083,-7256149.969,0.0,-32.2222786,32.222,https://nccospublicstor.blob.core.windows.net/biomapper/usviinsularshelf2017/videos/low/GV2010_329_1.mp4,Present,Absent,Absent,Absent,Present,Present,Present,Present,Absent,Absent,Absent,,1,0,0,0,1,1,1,1,0,0,0,1,4,5,Pass,Pass,Pass,Pass,Pass,Pass,Pass,Pass,Pass,Pass,Pass,
REC0378,377,377,Benthic Habitat Maps for the Insular Shelf South of St. Thomas and St. John,"St. John, USVI",GV,Ground Validation,Seaviewer Drop Camera,GV2010_329_2,2010-04-02,08:51:15,2010,4,18.20597833,-64.73623614,2061672.09,-7206404.843,2061672.09,-7206404.843,0.0,-46.43455124,46.435,https://nccospublicstor.blob.core.windows.net/biomapper/usviinsularshelf2017/videos/low/GV2010_329_2.mp4,Absent,Absent,Present,Absent,Present,Absent,Present,Present,Absent,Absent,Absent,,0,0,1,0,1,0,1,1,0,0,0,1,3,4,Pass,Pass,Pass,Pass,Pass,Pass,Pass,Pass,Pass,Pass,Pass,
REC0379,378,378,Benthic Habitat Maps for the Insular Shelf South of St. Thomas and St. John,Puerto Rico,GV,Ground Validation,Seaviewer Drop Camera,GV2010_330_1,2010-03-25,08:06:20,2010,3,18.21485675,-65.18239142,2062712.542,-7256070.622,2062712.542,-7256070.622,0.001,-34.37319946,34.373,https://nccospublicstor.blob.core.windows.net/biomapper/usviinsularshelf2017/videos/low/GV2010_330_1.mp4,Present,Absent,Absent,Absent,Present,Absent,Present,Present,Absent,Absent,Absent,,1,0,0,0,1,0,1,1,0,0,0,1,3,4,Pass,Pass,Pass,Pass,Pass,Pass,Pass,Pass,Pass,Pass,Pass,
REC0380,379,379,Benthic Habitat Maps for the Insular Shelf South of St. Thomas and St. John,"St. John, USVI",GV,Ground Validation,Seaviewer Drop Camera,GV2010_330_2,2010-04-02,08:43:47,2010,4,18.20543954,-64.73168667,2061608.951,-7205898.398,2061608.951,-7205898.398,0.0,-51.51446533,51.514,https://nccospublicstor.blob.core.windows.net/biomapper/usviinsularshelf2017/videos/low/GV2010_330_2.mp4,Absent,Absent,Present,Absent,Absent,Absent,Present,Present,Absent,Absent,Absent,,0,0,1,0,0,0,1,1,0,0,0,1,2,3,Pass,Pass,Pass,Pass,Pass,Pass,Pass,Pass,Pass,Pass,Pass,
REC0381,380,380,Benthic Habitat Maps for the Insular Shelf South of St. Thomas and St. John,Puerto Rico,GV,Ground Validation,Seaviewer Drop Camera,GV2010_331,2010-03-25,08:13:24,2010,3,18.21274098,-65.18233449,2062464.592,-7256064.284,2062464.592,-7256064.284,0.0,-39.69593048,39.696,https://nccospublicstor.blob.core.windows.net/biomapper/usviinsularshelf2017/videos/low/GV2010_331.mp4,Present,Absent,Absent,Absent,Present,Absent,Present,Present,Absent,Absent,Absent,,1,0,0,0,1,0,1,1,0,0,0,1,3,4,Pass,Pass,Pass,Pass,Pass,Pass,Pass,Pass,Pass,Pass,Pass,
REC0382,381,381,Benthic Habitat Maps for the Insular Shelf South of St. Thomas and St. John,Puerto Rico,GV,Ground Validation,Seaviewer Drop Camera,GV2010_332,2010-03-25,08:19:24,2010,3,18.2114995,-65.18413513,2062319.103,-7256264.73,2062319.103,-7256264.73,0.0,-31.44373894,31.444,https://nccospublicstor.blob.core.windows.net/biomapper/usviinsularshelf2017/videos/low/GV2010_332.mp4,Present,Absent,Absent,Absent,Present,Absent,Present,Present,Absent,Absent,Absent,,1,0,0,0,1,0,1,1,0,0,0,1,3,4,Pass,Pass,Pass,Pass,Pass,Pass,Pass,Pass,Pass,Pass,Pass,
REC0383,382,382,Benthic Habitat Maps for the Insular Shelf South of St. Thomas and St. John,Puerto Rico,GV,Ground Validation,Seaviewer Drop Camera,GV2010_333,2010-03-25,08:26:53,2010,3,18.20753713,-65.18801886,2061854.76,-7256697.065,2061854.76,-7256697.065,0.0,-31.82413673,31.824,https://nccospublicstor.blob.core.windows.net/biomapper/usviinsularshelf2017/videos/low/GV2010_333.mp4,Present,Absent,Absent,Absent,Present,Present,Present,Present,Absent,Absent,Absent,,1,0,0,0,1,1,1,1,0,0,0,1,4,5,Pass,Pass,Pass,Pass,Pass,Pass,Pass,Pass,Pass,Pass,Pass,
REC0384,383,383,Benthic Habitat Maps for the Insular Shelf South of St. Thomas and St. John,Puerto Rico,GV,Ground Validation,Seaviewer Drop Camera,GV2010_334,2010-03-25,08:33:23,2010,3,18.2045859,-65.1847132,2061508.917,-7256329.081,2061508.917,-7256329.081,0.0,-34.81267166,34.813,https://nccospublicstor.blob.core.windows.net/biomapper/usviinsularshelf2017/videos/low/GV2010_334.mp4,Present,Absent,Absent,Absent,Present,Present,Present,Present,Absent,Absent,Absent,,1,0,0,0,1,1,1,1,0,0,0,1,4,5,Pass,Pass,Pass,Pass,Pass,Pass,Pass,Pass,Pass,Pass,Pass,
REC0385,384,384,Benthic Habitat Maps for the Insular Shelf South of St. Thomas and St. John,"St. John, USVI",GV,Ground Validation,Seaviewer Drop Camera,GV2010_335_1,2010-04-02,08:06:14,2010,4,18.21578618,-64.6955945,2062821.463,-7201880.636,2062821.463,-7201880.636,0.001,-54.01376724,54.014,https://nccospublicstor.blob.core.windows.net/biomapper/usviinsularshelf2017/videos/low/GV2010_335_1.mp4,Absent,Present,Present,Absent,Present,Absent,Present,Present,Absent,Absent,Absent,,0,1,1,0,1,0,1,1,0,0,0,2,3,5,Pass,Pass,Pass,Pass,Pass,Pass,Pass,Pass,Pass,Pass,Pass,
REC0386,385,385,Benthic Habitat Maps for the Insular Shelf South of St. Thomas and St. John,Puerto Rico,GV,Ground Validation,Seaviewer Drop Camera,GV2010_335_2,2010-03-25,08:40:16,2010,3,18.2028001,-65.18029313,2061299.649,-7255837.041,2061299.649,-7255837.041,0.0,-34.10871124,34.109,https://nccospublicstor.blob.core.windows.net/biomapper/usviinsularshelf2017/videos/low/GV2010_335_2.mp4,Present,Absent,Absent,Absent,Present,Absent,Present,Present,Absent,Absent,Absent,,1,0,0,0,1,0,1,1,0,0,0,1,3,4,Pass,Pass,Pass,Pass,Pass,Pass,Pass,Pass,Pass,Pass,Pass,
REC0387,386,386,Benthic Habitat Maps for the Insular Shelf South of St. Thomas and St. John,Puerto Rico,GV,Ground Validation,Seaviewer Drop Camera,GV2010_336,2010-03-25,08:46:47,2010,3,18.20007128,-65.17573038,2060979.878,-7255329.118,2060979.878,-7255329.118,0.0,-40.30649948,40.306,https://nccospublicstor.blob.core.windows.net/biomapper/usviinsularshelf2017/videos/low/GV2010_336.mp4,Present,Absent,Absent,Absent,Present,Absent,Present,Present,Absent,Absent,Absent,,1,0,0,0,1,0,1,1,0,0,0,1,3,4,Pass,Pass,Pass,Pass,Pass,Pass,Pass,Pass,Pass,Pass,Pass,
REC0388,387,387,Benthic Habitat Maps for the Insular Shelf South of St. Thomas and St. John,Puerto Rico,GV,Ground Validation,Seaviewer Drop Camera,GV2010_337_1,2010-03-25,08:54:15,2010,3,18.19777225,-65.17420655,2060710.475,-7255159.486,2060710.475,-7255159.486,0.0,-33.85456467,33.855,https://nccospublicstor.blob.core.windows.net/biomapper/usviinsularshelf2017/videos/low/GV2010_337_1.mp4,Present,Absent,Absent,Absent,Present,Present,Present,Present,Absent,Absent,Absent,,1,0,0,0,1,1,1,1,0,0,0,1,4,5,Pass,Pass,Pass,Pass,Pass,Pass,Pass,Pass,Pass,Pass,Pass,
REC0389,388,388,Benthic Habitat Maps for the Insular Shelf South of St. Thomas and St. John,"St. John, USVI",GV,Ground Validation,Seaviewer Drop Camera,GV2010_337_2,2010-04-02,10:56:18,2010,4,18.21638726,-64.77056587,2062891.906,-7210226.411,2062891.906,-7210226.411,0.0,-52.98085785,52.981,https://nccospublicstor.blob.core.windows.net/biomapper/usviinsularshelf2017/videos/low/GV2010_337_2.mp4,Absent,Absent,Present,Absent,Absent,Absent,Present,Present,Absent,Absent,Absent,,0,0,1,0,0,0,1,1,0,0,0,1,2,3,Pass,Pass,Pass,Pass,Pass,Pass,Pass,Pass,Pass,Pass,Pass,
REC0390,389,389,Benthic Habitat Maps for the Insular Shelf South of St. Thomas and St. John,Puerto Rico,GV,Ground Validation,Seaviewer Drop Camera,GV2010_338,2010-03-25,08:59:40,2010,3,18.19618887,-65.17375891,2060524.935,-7255109.655,2060524.935,-7255109.655,0.0,-33.2844429,33.284,https://nccospublicstor.blob.core.windows.net/biomapper/usviinsularshelf2017/videos/low/GV2010_338.mp4,Present,Absent,Absent,Absent,Present,Present,Present,Present,Absent,Absent,Absent,,1,0,0,0,1,1,1,1,0,0,0,1,4,5,Pass,Pass,Pass,Pass,Pass,Pass,Pass,Pass,Pass,Pass,Pass,
REC0391,390,390,Benthic Habitat Maps for the Insular Shelf South of St. Thomas and St. John,Puerto Rico,GV,Ground Validation,Seaviewer Drop Camera,GV2010_339,2010-03-25,09:06:32,2010,3,18.19459834,-65.17389647,2060338.559,-7255124.968,2060338.559,-7255124.968,0.0,-42.4935379,42.494,https://nccospublicstor.blob.core.windows.net/biomapper/usviinsularshelf2017/videos/low/GV2010_339.mp4,Absent,Present,Present,Present,Present,Absent,Present,Present,Absent,Absent,Absent,,0,1,1,1,1,0,1,1,0,0,0,3,3,6,Pass,Pass,Pass,Pass,Pass,Pass,Pass,Pass,Pass,Pass,Pass,
REC0392,391,391,Benthic Habitat Maps for the Insular Shelf South of St. Thomas and St. John,Puerto Rico,GV,Ground Validation,Seaviewer Drop Camera,GV2010_340,2010-03-25,09:10:59,2010,3,18.19382803,-65.17293411,2060248.296,-7255017.839,2060248.296,-7255017.839,0.001,-36.08395386,36.084,https://nccospublicstor.blob.core.windows.net/biomapper/usviinsularshelf2017/videos/low/GV2010_340.mp4,Present,Absent,Absent,Absent,Present,Absent,Present,Present,Absent,Absent,Absent,,1,0,0,0,1,0,1,1,0,0,0,1,3,4,Pass,Pass,Pass,Pass,Pass,Pass,Pass,Pass,Pass,Pass,Pass,
REC0393,392,392,Benthic Habitat Maps for the Insular Shelf South of St. Thomas and St. John,Puerto Rico,GV,Ground Validation,Seaviewer Drop Camera,GV2010_341,2010-03-25,09:14:49,2010,3,18.19268882,-65.173038,2060114.806,-7255029.404,2060114.806,-7255029.404,0.0,-40.61714172,40.617,https://nccospublicstor.blob.core.windows.net/biomapper/usviinsularshelf2017/videos/low/GV2010_341.mp4,Present,Absent,Absent,Absent,Present,Absent,Present,Present,Absent,Absent,Absent,,1,0,0,0,1,0,1,1,0,0,0,1,3,4,Pass,Pass,Pass,Pass,Pass,Pass,Pass,Pass,Pass,Pass,Pass,
REC0394,393,393,Benthic Habitat Maps for the Insular Shelf South of St. Thomas and St. John,Puerto Rico,GV,Ground Validation,Seaviewer Drop Camera,GV2010_342,2010-03-25,09:18:47,2010,3,18.19153134,-65.1732677,2059979.177,-7255054.974,2059979.176,-7255054.974,0.001,-37.63261795,37.633,https://nccospublicstor.blob.core.windows.net/biomapper/usviinsularshelf2017/videos/low/GV2010_342.mp4,Present,Absent,Absent,Absent,Present,Present,Present,Present,Absent,Absent,Absent,,1,0,0,0,1,1,1,1,0,0,0,1,4,5,Pass,Pass,Pass,Pass,Pass,Pass,Pass,Pass,Pass,Pass,Pass,
REC0395,394,394,Benthic Habitat Maps for the Insular Shelf South of St. Thomas and St. John,Puerto Rico,GV,Ground Validation,Seaviewer Drop Camera,GV2010_343,2010-03-25,09:22:50,2010,3,18.18997827,-65.17320498,2059797.195,-7255047.992,2059797.195,-7255047.992,0.001,-42.123909,42.124,https://nccospublicstor.blob.core.windows.net/biomapper/usviinsularshelf2017/videos/low/GV2010_343.mp4,Present,Absent,Absent,Present,Present,Absent,Present,Present,Absent,Absent,Absent,,1,0,0,1,1,0,1,1,0,0,0,2,3,5,Pass,Pass,Pass,Pass,Pass,Pass,Pass,Pass,Pass,Pass,Pass,
REC0396,395,395,Benthic Habitat Maps for the Insular Shelf South of St. Thomas and St. John,Puerto Rico,GV,Ground Validation,Seaviewer Drop Camera,GV2010_344,2010-03-25,09:27:47,2010,3,18.18815326,-65.17367231,2059583.35,-7255100.015,2059583.35,-7255100.015,0.0,-37.39719009,37.397,https://nccospublicstor.blob.core.windows.net/biomapper/usviinsularshelf2017/videos/low/GV2010_344.mp4,Present,Absent,Absent,Absent,Present,Present,Present,Present,Absent,Absent,Absent,,1,0,0,0,1,1,1,1,0,0,0,1,4,5,Pass,Pass,Pass,Pass,Pass,Pass,Pass,Pass,Pass,Pass,Pass,
REC0397,396,396,Benthic Habitat Maps for the Insular Shelf South of St. Thomas and St. John,Puerto Rico,GV,Ground Validation,Seaviewer Drop Camera,GV2010_345,2010-03-25,09:34:07,2010,3,18.18844804,-65.18008803,2059617.89,-7255814.209,2059617.89,-7255814.209,0.001,-37.4726181,37.473,https://nccospublicstor.blob.core.windows.net/biomapper/usviinsularshelf2017/videos/low/GV2010_345.mp4,Present,Absent,Absent,Absent,Present,Present,Present,Present,Absent,Absent,Absent,,1,0,0,0,1,1,1,1,0,0,0,1,4,5,Pass,Pass,Pass,Pass,Pass,Pass,Pass,Pass,Pass,Pass,Pass,
REC0398,397,397,Benthic Habitat Maps for the Insular Shelf South of St. Thomas and St. John,Puerto Rico,GV,Ground Validation,Seaviewer Drop Camera,GV2010_346,2010-03-25,09:40:28,2010,3,18.18629086,-65.18524429,2059365.126,-7256388.202,2059365.126,-7256388.202,0.001,-40.3862648,40.386,https://nccospublicstor.blob.core.windows.net/biomapper/usviinsularshelf2017/videos/low/GV2010_346.mp4,Present,Absent,Absent,Absent,Present,Present,Present,Present,Absent,Absent,Absent,,1,0,0,0,1,1,1,1,0,0,0,1,4,5,Pass,Pass,Pass,Pass,Pass,Pass,Pass,Pass,Pass,Pass,Pass,
REC0399,398,398,Benthic Habitat Maps for the Insular Shelf South of St. Thomas and St. John,Puerto Rico,GV,Ground Validation,Seaviewer Drop Camera,GV2010_347,2010-03-25,10:02:22,2010,3,18.18944873,-65.1880531,2059735.146,-7256700.877,2059735.146,-7256700.877,0.0,-36.41913605,36.419,https://nccospublicstor.blob.core.windows.net/biomapper/usviinsularshelf2017/videos/low/GV2010_347.mp4,Present,Absent,Absent,Absent,Present,Present,Present,Present,Absent,Absent,Absent,,1,0,0,0,1,1,1,1,0,0,0,1,4,5,Pass,Pass,Pass,Pass,Pass,Pass,Pass,Pass,Pass,Pass,Pass,
REC0400,399,399,Benthic Habitat Maps for the Insular Shelf South of St. Thomas and St. John,Puerto Rico,GV,Ground Validation,Seaviewer Drop Camera,GV2010_348,2010-03-25,09:47:11,2010,3,18.18929606,-65.18398288,2059717.257,-7256247.782,2059717.257,-7256247.782,0.0,-37.54097366,37.541,https://nccospublicstor.blob.core.windows.net/biomapper/usviinsularshelf2017/videos/low/GV2010_348.mp4,Present,Absent,Absent,Absent,Present,Present,Present,Present,Absent,Absent,Absent,,1,0,0,0,1,1,1,1,0,0,0,1,4,5,Pass,Pass,Pass,Pass,Pass,Pass,Pass,Pass,Pass,Pass,Pass,
REC0401,400,400,Benthic Habitat Maps for the Insular Shelf South of St. Thomas and St. John,Puerto Rico,GV,Ground Validation,Seaviewer Drop Camera,GV2010_349,2010-03-25,10:54:47,2010,3,18.18942952,-65.19326776,2059732.895,-7257281.37,2059732.895,-7257281.37,0.0,-41.48787689,41.488,https://nccospublicstor.blob.core.windows.net/biomapper/usviinsularshelf2017/videos/low/GV2010_349.mp4,Present,Absent,Absent,Present,Present,Present,Present,Present,Absent,Absent,Absent,,1,0,0,1,1,1,1,1,0,0,0,2,4,6,Pass,Pass,Pass,Pass,Pass,Pass,Pass,Pass,Pass,Pass,Pass,
REC0402,401,401,Benthic Habitat Maps for the Insular Shelf South of St. Thomas and St. John,Puerto Rico,GV,Ground Validation,Seaviewer Drop Camera,GV2010_350,2010-03-25,11:00:14,2010,3,18.18756746,-65.19677643,2059514.71,-7257671.954,2059514.71,-7257671.954,0.001,-36.72521591,36.725,https://nccospublicstor.blob.core.windows.net/biomapper/usviinsularshelf2017/videos/low/GV2010_350.mp4,Present,Absent,Absent,Absent,Present,Present,Present,Present,Absent,Absent,Absent,,1,0,0,0,1,1,1,1,0,0,0,1,4,5,Pass,Pass,Pass,Pass,Pass,Pass,Pass,Pass,Pass,Pass,Pass,
REC0403,402,402,Benthic Habitat Maps for the Insular Shelf South of St. Thomas and St. John,Puerto Rico,GV,Ground Validation,Seaviewer Drop Camera,GV2010_351,2010-03-25,11:05:03,2010,3,18.19013387,-65.19857376,2059815.427,-7257872.031,2059815.427,-7257872.031,0.0,-37.32163239,37.322,https://nccospublicstor.blob.core.windows.net/biomapper/usviinsularshelf2017/videos/low/GV2010_351.mp4,Present,Absent,Absent,Present,Present,Absent,Present,Present,Absent,Absent,Absent,Reef Shark,1,0,0,1,1,0,1,1,0,0,0,2,3,5,Pass,Pass,Pass,Pass,Pass,Pass,Pass,Pass,Pass,Pass,Pass,
REC0404,403,403,Benthic Habitat Maps for the Insular Shelf South of St. Thomas and St. John,Puerto Rico,GV,Ground Validation,Seaviewer Drop Camera,GV2010_352,2010-03-25,11:11:37,2010,3,18.1878737,-65.20336506,2059550.593,-7258405.396,2059550.593,-7258405.396,0.001,-38.31938934,38.319,https://nccospublicstor.blob.core.windows.net/biomapper/usviinsularshelf2017/videos/low/GV2010_352.mp4,Present,Absent,Absent,Absent,Present,Present,Present,Present,Absent,Absent,Absent,,1,0,0,0,1,1,1,1,0,0,0,1,4,5,Pass,Pass,Pass,Pass,Pass,Pass,Pass,Pass,Pass,Pass,Pass,
REC0405,404,404,Benthic Habitat Maps for the Insular Shelf South of St. Thomas and St. John,Puerto Rico,GV,Ground Validation,Seaviewer Drop Camera,GV2010_353,2010-03-25,11:17:03,2010,3,18.1886956,-65.20896757,2059646.898,-7259029.065,2059646.898,-7259029.065,0.0,-38.34828949,38.348,https://nccospublicstor.blob.core.windows.net/biomapper/usviinsularshelf2017/videos/low/GV2010_353.mp4,Present,Absent,Absent,Absent,Present,Present,Present,Present,Absent,Absent,Absent,,1,0,0,0,1,1,1,1,0,0,0,1,4,5,Pass,Pass,Pass,Pass,Pass,Pass,Pass,Pass,Pass,Pass,Pass,
REC0406,405,405,Benthic Habitat Maps for the Insular Shelf South of St. Thomas and St. John,Puerto Rico,GV,Ground Validation,Seaviewer Drop Camera,GV2010_354,2010-03-25,11:22:36,2010,3,18.18588459,-65.21332581,2059317.523,-7259514.222,2059317.523,-7259514.222,0.0,-37.87902832,37.879,https://nccospublicstor.blob.core.windows.net/biomapper/usviinsularshelf2017/videos/low/GV2010_354.mp4,Present,Absent,Absent,Absent,Present,Present,Present,Present,Absent,Absent,Absent,,1,0,0,0,1,1,1,1,0,0,0,1,4,5,Pass,Pass,Pass,Pass,Pass,Pass,Pass,Pass,Pass,Pass,Pass,
REC0407,406,406,Benthic Habitat Maps for the Insular Shelf South of St. Thomas and St. John,Puerto Rico,GV,Ground Validation,Seaviewer Drop Camera,GV2010_355,2010-03-25,11:27:25,2010,3,18.18745605,-65.21539149,2059501.655,-7259744.173,2059501.655,-7259744.173,0.0,-37.16347504,37.163,https://nccospublicstor.blob.core.windows.net/biomapper/usviinsularshelf2017/videos/low/GV2010_355.mp4,Present,Absent,Absent,Present,Present,Present,Present,Present,Absent,Absent,Absent,,1,0,0,1,1,1,1,1,0,0,0,2,4,6,Pass,Pass,Pass,Pass,Pass,Pass,Pass,Pass,Pass,Pass,Pass,
REC0408,407,407,Benthic Habitat Maps for the Insular Shelf South of St. Thomas and St. John,Puerto Rico,GV,Ground Validation,Seaviewer Drop Camera,GV2010_356,2010-03-25,11:32:53,2010,3,18.18495726,-65.2182964,2059208.866,-7260067.546,2059208.866,-7260067.546,0.001,-38.09259796,38.093,https://nccospublicstor.blob.core.windows.net/biomapper/usviinsularshelf2017/videos/low/GV2010_356.mp4,Present,Absent,Present,Present,Present,Absent,Present,Present,Absent,Absent,Absent,,1,0,1,1,1,0,1,1,0,0,0,3,3,6,Pass,Pass,Pass,Pass,Pass,Pass,Pass,Pass,Pass,Pass,Pass,
REC0409,408,408,Benthic Habitat Maps for the Insular Shelf South of St. Thomas and St. John,Puerto Rico,GV,Ground Validation,Seaviewer Drop Camera,GV2010_357,2010-03-25,11:37:57,2010,3,18.18705523,-65.21882079,2059454.69,-7260125.921,2059454.69,-7260125.92,0.001,-39.61769104,39.618,https://nccospublicstor.blob.core.windows.net/biomapper/usviinsularshelf2017/videos/low/GV2010_357.mp4,Absent,Absent,Present,Present,Present,Absent,Present,Present,Absent,Absent,Absent,,0,0,1,1,1,0,1,1,0,0,0,2,3,5,Pass,Pass,Pass,Pass,Pass,Pass,Pass,Pass,Pass,Pass,Pass,
REC0410,409,409,Benthic Habitat Maps for the Insular Shelf South of St. Thomas and St. John,Puerto Rico,GV,Ground Validation,Seaviewer Drop Camera,GV2010_358,2010-03-25,11:43:37,2010,3,18.18714807,-65.22350741,2059465.568,-7260647.633,2059465.568,-7260647.633,0.0,-33.36265945,33.363,https://nccospublicstor.blob.core.windows.net/biomapper/usviinsularshelf2017/videos/low/GV2010_358.mp4,Present,Absent,Absent,Present,Present,Absent,Present,Present,Absent,Absent,Absent,,1,0,0,1,1,0,1,1,0,0,0,2,3,5,Pass,Pass,Pass,Pass,Pass,Pass,Pass,Pass,Pass,Pass,Pass,
REC0411,410,410,Benthic Habitat Maps for the Insular Shelf South of St. Thomas and St. John,Puerto Rico,GV,Ground Validation,Seaviewer Drop Camera,GV2010_359,2010-03-25,11:49:00,2010,3,18.18764007,-65.22798692,2059523.218,-7261146.289,2059523.217,-7261146.289,0.001,-35.02544022,35.025,https://nccospublicstor.blob.core.windows.net/biomapper/usviinsularshelf2017/videos/low/GV2010_359.mp4,Present,Absent,Absent,Absent,Present,Absent,Present,Present,Absent,Absent,Absent,,1,0,0,0,1,0,1,1,0,0,0,1,3,4,Pass,Pass,Pass,Pass,Pass,Pass,Pass,Pass,Pass,Pass,Pass,
REC0412,411,411,Benthic Habitat Maps for the Insular Shelf South of St. Thomas and St. John,Puerto Rico,GV,Ground Validation,Seaviewer Drop Camera,GV2010_360,2010-03-25,11:53:05,2010,3,18.18940142,-65.22664896,2059729.602,-7260997.348,2059729.602,-7260997.348,0.0,-37.34012985,37.34,https://nccospublicstor.blob.core.windows.net/biomapper/usviinsularshelf2017/videos/low/GV2010_360.mp4,Present,Absent,Absent,Absent,Present,Present,Present,Present,Absent,Absent,Absent,,1,0,0,0,1,1,1,1,0,0,0,1,4,5,Pass,Pass,Pass,Pass,Pass,Pass,Pass,Pass,Pass,Pass,Pass,
REC0413,412,412,Benthic Habitat Maps for the Insular Shelf South of St. Thomas and St. John,Puerto Rico,GV,Ground Validation,Seaviewer Drop Camera,GV2010_361,2010-03-25,12:00:05,2010,3,18.18884868,-65.23359018,2059664.835,-7261770.042,2059664.835,-7261770.041,0.001,-32.41293335,32.413,https://nccospublicstor.blob.core.windows.net/biomapper/usviinsularshelf2017/videos/low/GV2010_361.mp4,Present,Absent,Absent,Present,Present,Present,Present,Present,Absent,Absent,Absent,,1,0,0,1,1,1,1,1,0,0,0,2,4,6,Pass,Pass,Pass,Pass,Pass,Pass,Pass,Pass,Pass,Pass,Pass,
REC0414,413,413,Benthic Habitat Maps for the Insular Shelf South of St. Thomas and St. John,Puerto Rico,GV,Ground Validation,Seaviewer Drop Camera,GV2010_362,2010-03-25,13:41:52,2010,3,18.21487172,-65.18488022,2062714.296,-7256347.673,2062714.296,-7256347.674,0.001,-40.31651306,40.317,https://nccospublicstor.blob.core.windows.net/biomapper/usviinsularshelf2017/videos/low/GV2010_362.mp4,Present,Absent,Absent,Present,Present,Present,Present,Present,Absent,Absent,Absent,,1,0,0,1,1,1,1,1,0,0,0,2,4,6,Pass,Pass,Pass,Pass,Pass,Pass,Pass,Pass,Pass,Pass,Pass,
REC0415,414,414,Benthic Habitat Maps for the Insular Shelf South of St. Thomas and St. John,Puerto Rico,GV,Ground Validation,Seaviewer Drop Camera,GV2010_363,2010-03-25,13:48:41,2010,3,18.21369762,-65.18667158,2062576.701,-7256547.087,2062576.701,-7256547.087,0.0,-31.32422066,31.324,https://nccospublicstor.blob.core.windows.net/biomapper/usviinsularshelf2017/videos/low/GV2010_363.mp4,Present,Absent,Absent,Absent,Present,Present,Present,Present,Absent,Absent,Absent,,1,0,0,0,1,1,1,1,0,0,0,1,4,5,Pass,Pass,Pass,Pass,Pass,Pass,Pass,Pass,Pass,Pass,Pass,
REC0416,415,415,Benthic Habitat Maps for the Insular Shelf South of St. Thomas and St. John,Puerto Rico,GV,Ground Validation,Seaviewer Drop Camera,GV2010_364,2010-03-25,13:55:02,2010,3,18.21571939,-65.18752297,2062813.636,-7256641.863,2062813.636,-7256641.863,0.0,-32.95455933,32.955,https://nccospublicstor.blob.core.windows.net/biomapper/usviinsularshelf2017/videos/low/GV2010_364.mp4,Present,Absent,Absent,Absent,Present,Absent,Present,Present,Absent,Absent,Absent,,1,0,0,0,1,0,1,1,0,0,0,1,3,4,Pass,Pass,Pass,Pass,Pass,Pass,Pass,Pass,Pass,Pass,Pass,
REC0417,416,416,Benthic Habitat Maps for the Insular Shelf South of St. Thomas and St. John,Puerto Rico,GV,Ground Validation,Seaviewer Drop Camera,GV2010_365,2010-03-25,14:01:42,2010,3,18.2147558,-65.1898243,2062700.711,-7256898.046,2062700.711,-7256898.046,0.0,-32.4218483,32.422,https://nccospublicstor.blob.core.windows.net/biomapper/usviinsularshelf2017/videos/low/GV2010_365.mp4,Present,Absent,Absent,Absent,Present,Absent,Present,Present,Absent,Absent,Absent,,1,0,0,0,1,0,1,1,0,0,0,1,3,4,Pass,Pass,Pass,Pass,Pass,Pass,Pass,Pass,Pass,Pass,Pass,
REC0418,417,417,Benthic Habitat Maps for the Insular Shelf South of St. Thomas and St. John,Puerto Rico,GV,Ground Validation,Seaviewer Drop Camera,GV2010_366,2010-03-25,14:06:36,2010,3,18.21633581,-65.19053932,2062885.876,-7256977.642,2062885.876,-7256977.642,0.0,-33.26387024,33.264,https://nccospublicstor.blob.core.windows.net/biomapper/usviinsularshelf2017/videos/low/GV2010_366.mp4,Present,Absent,Absent,Absent,Present,Present,Present,Present,Absent,Absent,Absent,,1,0,0,0,1,1,1,1,0,0,0,1,4,5,Pass,Pass,Pass,Pass,Pass,Pass,Pass,Pass,Pass,Pass,Pass,
REC0419,418,418,Benthic Habitat Maps for the Insular Shelf South of St. Thomas and St. John,Puerto Rico,GV,Ground Validation,Seaviewer Drop Camera,GV2010_367,2010-03-25,14:15:05,2010,3,18.21561246,-65.19301608,2062801.105,-7257253.353,2062801.105,-7257253.353,0.0,-33.96629334,33.966,https://nccospublicstor.blob.core.windows.net/biomapper/usviinsularshelf2017/videos/low/GV2010_367.mp4,Present,Absent,Absent,Absent,Present,Absent,Present,Present,Absent,Absent,Absent,,1,0,0,0,1,0,1,1,0,0,0,1,3,4,Pass,Pass,Pass,Pass,Pass,Pass,Pass,Pass,Pass,Pass,Pass,
REC0420,419,419,Benthic Habitat Maps for the Insular Shelf South of St. Thomas and St. John,Puerto Rico,GV,Ground Validation,Seaviewer Drop Camera,GV2010_368,2010-03-25,14:21:43,2010,3,18.21536957,-65.19387973,2062772.64,-7257349.494,2062772.64,-7257349.494,0.0,-37.87940216,37.879,https://nccospublicstor.blob.core.windows.net/biomapper/usviinsularshelf2017/videos/low/GV2010_368.mp4,Present,Absent,Absent,Absent,Present,Absent,Present,Present,Absent,Absent,Absent,,1,0,0,0,1,0,1,1,0,0,0,1,3,4,Pass,Pass,Pass,Pass,Pass,Pass,Pass,Pass,Pass,Pass,Pass,
REC0421,420,420,Benthic Habitat Maps for the Insular Shelf South of St. Thomas and St. John,Puerto Rico,GV,Ground Validation,Seaviewer Drop Camera,GV2010_371,2010-03-25,14:29:38,2010,3,18.21855875,-65.1919149,2063146.39,-7257130.77,2063146.39,-7257130.771,0.001,-36.08018494,36.08,https://nccospublicstor.blob.core.windows.net/biomapper/usviinsularshelf2017/videos/low/GV2010_371.mp4,Present,Absent,Absent,Absent,Present,Present,Present,Present,Absent,Absent,Absent,,1,0,0,0,1,1,1,1,0,0,0,1,4,5,Pass,Pass,Pass,Pass,Pass,Pass,Pass,Pass,Pass,Pass,Pass,
REC0422,421,421,Benthic Habitat Maps for the Insular Shelf South of St. Thomas and St. John,"St. John, USVI",GV,Ground Validation,Seaviewer Drop Camera,GV2010_525,2010-04-02,09:55:14,2010,4,18.18675926,-64.76780237,2059420.01,-7209918.78,2059420.01,-7209918.78,0.0,-55.98918915,55.989,https://nccospublicstor.blob.core.windows.net/biomapper/usviinsularshelf2017/videos/low/GV2010_525.mp4,Absent,Absent,Present,Absent,Absent,Absent,Present,Present,Absent,Absent,Absent,,0,0,1,0,0,0,1,1,0,0,0,1,2,3,Pass,Pass,Pass,Pass,Pass,Pass,Pass,Pass,Pass,Pass,Pass,
REC0423,422,422,Benthic Habitat Maps for the Insular Shelf South of St. Thomas and St. John,"St. John, USVI",GV,Ground Validation,Seaviewer Drop Camera,GV2010_527,2010-04-02,10:05:56,2010,4,18.19258894,-64.77823434,2060103.102,-7211080.061,2060103.102,-7211080.061,0.0,-56.54693604,56.547,https://nccospublicstor.blob.core.windows.net/biomapper/usviinsularshelf2017/videos/low/GV2010_527.mp4,Absent,Absent,Present,Absent,Present,Absent,Present,Present,Absent,Absent,Absent,,0,0,1,0,1,0,1,1,0,0,0,1,3,4,Pass,Pass,Pass,Pass,Pass,Pass,Pass,Pass,Pass,Pass,Pass,
REC0424,423,423,Benthic Habitat Maps for the Insular Shelf South of St. Thomas and St. John,"St. John, USVI",GV,Ground Validation,Seaviewer Drop Camera,GV2010_531,2010-04-02,08:33:30,2010,4,18.20805546,-64.72259183,2061915.501,-7204885.965,2061915.501,-7204885.965,0.0,-54.07953262,54.08,https://nccospublicstor.blob.core.windows.net/biomapper/usviinsularshelf2017/videos/low/GV2010_531.mp4,Absent,Absent,Present,Absent,Present,Absent,Present,Present,Absent,Absent,Absent,,0,0,1,0,1,0,1,1,0,0,0,1,3,4,Pass,Pass,Pass,Pass,Pass,Pass,Pass,Pass,Pass,Pass,Pass,
REC0425,424,424,Benthic Habitat Maps for the Insular Shelf South of St. Thomas and St. John,"St. John, USVI",GV,Ground Validation,Seaviewer Drop Camera,GV2010_532,2010-04-02,08:25:23,2010,4,18.21081891,-64.71260244,2062239.345,-7203773.952,2062239.345,-7203773.952,0.0,-57.1121254,57.112,https://nccospublicstor.blob.core.windows.net/biomapper/usviinsularshelf2017/videos/low/GV2010_532.mp4,Absent,Absent,Present,Absent,Present,Absent,Present,Present,Absent,Absent,Absent,,0,0,1,0,1,0,1,1,0,0,0,1,3,4,Pass,Pass,Pass,Pass,Pass,Pass,Pass,Pass,Pass,Pass,Pass,
REC0426,425,425,Benthic Habitat Maps for the Insular Shelf South of St. Thomas and St. John,"St. John, USVI",GV,Ground Validation,Seaviewer Drop Camera,GV2010_534,2010-04-02,08:16:27,2010,4,18.21564954,-64.70354945,2062805.45,-7202766.177,2062805.45,-7202766.177,0.0,-55.35141754,55.351,https://nccospublicstor.blob.core.windows.net/biomapper/usviinsularshelf2017/videos/low/GV2010_534.mp4,Absent,Absent,Present,Absent,Present,Absent,Present,Present,Absent,Absent,Absent,,0,0,1,0,1,0,1,1,0,0,0,1,3,4,Pass,Pass,Pass,Pass,Pass,Pass,Pass,Pass,Pass,Pass,Pass,
REC0427,426,426,Benthic Habitat Maps for the Insular Shelf South of St. Thomas and St. John,"St. John, USVI",GV,Ground Validation,Seaviewer Drop Camera,GV2010_536,2010-04-02,10:42:27,2010,4,18.21340448,-64.78032692,2062542.348,-7211313.006,2062542.348,-7211313.006,0.0,-52.09211731,52.092,https://nccospublicstor.blob.core.windows.net/biomapper/usviinsularshelf2017/videos/low/GV2010_536.mp4,Absent,Absent,Present,Absent,Present,Absent,Present,Present,Absent,Absent,Absent,,0,0,1,0,1,0,1,1,0,0,0,1,3,4,Pass,Pass,Pass,Pass,Pass,Pass,Pass,Pass,Pass,Pass,Pass,
REC0428,427,427,Benthic Habitat Maps for the Insular Shelf South of St. Thomas and St. John,"St. John, USVI",GV,Ground Validation,Seaviewer Drop Camera,GV2010_539,2010-04-02,11:06:01,2010,4,18.22061249,-64.76181499,2063387.079,-7209252.268,2063387.079,-7209252.268,0.001,-54.8833313,54.883,https://nccospublicstor.blob.core.windows.net/biomapper/usviinsularshelf2017/videos/low/GV2010_539.mp4,Absent,Absent,Present,Present,Absent,Absent,Present,Present,Absent,Absent,Absent,,0,0,1,1,0,0,1,1,0,0,0,2,2,4,Pass,Pass,Pass,Pass,Pass,Pass,Pass,Pass,Pass,Pass,Pass,
REC0429,428,428,Benthic Habitat Maps for the Insular Shelf South of St. Thomas and St. John,"St. John, USVI",GV,Ground Validation,Seaviewer Drop Camera,GV2010_549,2010-04-02,10:13:54,2010,4,18.19029087,-64.78659578,2059833.823,-7212010.853,2059833.823,-7212010.852,0.001,-58.88199997,58.882,https://nccospublicstor.blob.core.windows.net/biomapper/usviinsularshelf2017/videos/low/GV2010_549.mp4,Absent,Absent,Present,Absent,Present,Absent,Present,Present,Absent,Absent,Absent,,0,0,1,0,1,0,1,1,0,0,0,1,3,4,Pass,Pass,Pass,Pass,Pass,Pass,Pass,Pass,Pass,Pass,Pass,
REC0430,429,429,Benthic Habitat Maps for the Insular Shelf South of St. Thomas and St. John,"St. John, USVI",GV,Ground Validation,Seaviewer Drop Camera,GV2010_550,2010-04-02,09:22:58,2010,4,18.18149494,-64.7570543,2058803.184,-7208722.31,2058803.183,-7208722.31,0.001,-55.41646194,55.416,https://nccospublicstor.blob.core.windows.net/biomapper/usviinsularshelf2017/videos/low/GV2010_550.mp4,Absent,Absent,Present,Absent,Absent,Absent,Present,Present,Absent,Absent,Absent,,0,0,1,0,0,0,1,1,0,0,0,1,2,3,Pass,Pass,Pass,Pass,Pass,Pass,Pass,Pass,Pass,Pass,Pass,
REC0431,430,430,Benthic Habitat Maps for the Insular Shelf South of St. Thomas and St. John,"St. John, USVI",GV,Ground Validation,Seaviewer Drop Camera,GV2010_590,2010-04-05,08:29:09,2010,4,18.2347901,-64.71254086,2065048.702,-7203767.097,2065048.702,-7203767.096,0.001,-49.96586609,49.966,https://nccospublicstor.blob.core.windows.net/biomapper/usviinsularshelf2017/videos/low/GV2010_590.mp4,Absent,Absent,Present,Absent,Absent,Absent,Present,Present,Absent,Absent,Absent,,0,0,1,0,0,0,1,1,0,0,0,1,2,3,Pass,Pass,Pass,Pass,Pass,Pass,Pass,Pass,Pass,Pass,Pass,
REC0432,431,431,Benthic Habitat Maps for the Insular Shelf South of St. Thomas and St. John,"St. John, USVI",GV,Ground Validation,Seaviewer Drop Camera,GV2010_591,2010-04-05,08:46:00,2010,4,18.23412871,-64.7213275,2064971.183,-7204745.221,2064971.183,-7204745.221,0.0,-48.5777092,48.578,https://nccospublicstor.blob.core.windows.net/biomapper/usviinsularshelf2017/videos/low/GV2010_591.mp4,Absent,Present,Present,Present,Absent,Absent,Present,Present,Absent,Absent,Absent,,0,1,1,1,0,0,1,1,0,0,0,3,2,5,Pass,Pass,Pass,Pass,Pass,Pass,Pass,Pass,Pass,Pass,Pass,
REC0433,432,432,Benthic Habitat Maps for the Insular Shelf South of St. Thomas and St. John,"St. John, USVI",GV,Ground Validation,Seaviewer Drop Camera,GV2010_592,2010-04-05,09:00:14,2010,4,18.23200521,-64.72963216,2064722.3,-7205669.691,2064722.3,-7205669.691,0.0,-48.54450226,48.545,https://nccospublicstor.blob.core.windows.net/biomapper/usviinsularshelf2017/videos/low/GV2010_592.mp4,Absent,Present,Absent,Absent,Present,Absent,Present,Present,Absent,Absent,Absent,,0,1,0,0,1,0,1,1,0,0,0,1,3,4,Pass,Pass,Pass,Pass,Pass,Pass,Pass,Pass,Pass,Pass,Pass,
REC0434,433,433,Benthic Habitat Maps for the Insular Shelf South of St. Thomas and St. John,"St. John, USVI",GV,Ground Validation,Seaviewer Drop Camera,GV2010_593,2010-04-05,08:51:56,2010,4,18.22891766,-64.720935,2064360.432,-7204701.528,2064360.432,-7204701.528,0.0,-54.33072662,54.331,https://nccospublicstor.blob.core.windows.net/biomapper/usviinsularshelf2017/videos/low/GV2010_593.mp4,Absent,Absent,Present,Absent,Present,Absent,Present,Present,Absent,Absent,Absent,,0,0,1,0,1,0,1,1,0,0,0,1,3,4,Pass,Pass,Pass,Pass,Pass,Pass,Pass,Pass,Pass,Pass,Pass,
REC0435,434,434,Benthic Habitat Maps for the Insular Shelf South of St. Thomas and St. John,"St. John, USVI",GV,Ground Validation,Seaviewer Drop Camera,GV2010_594,2010-04-05,09:23:56,2010,4,18.22800301,-64.73763562,2064253.234,-7206560.632,2064253.234,-7206560.632,0.0,-53.83512878,53.835,https://nccospublicstor.blob.core.windows.net/biomapper/usviinsularshelf2017/videos/low/GV2010_594.mp4,Absent,Present,Present,Absent,Present,Absent,Present,Present,Absent,Absent,Absent,,0,1,1,0,1,0,1,1,0,0,0,2,3,5,Pass,Pass,Pass,Pass,Pass,Pass,Pass,Pass,Pass,Pass,Pass,
REC0436,435,435,Benthic Habitat Maps for the Insular Shelf South of St. Thomas and St. John,"St. John, USVI",GV,Ground Validation,Seaviewer Drop Camera,GV2010_595,2010-04-05,09:31:59,2010,4,18.22562874,-64.75250291,2063974.97,-7208215.651,2063974.97,-7208215.652,0.001,-53.88299179,53.883,https://nccospublicstor.blob.core.windows.net/biomapper/usviinsularshelf2017/videos/low/GV2010_595.mp4,Absent,Absent,Present,Absent,Present,Absent,Present,Present,Absent,Absent,Absent,,0,0,1,0,1,0,1,1,0,0,0,1,3,4,Pass,Pass,Pass,Pass,Pass,Pass,Pass,Pass,Pass,Pass,Pass,
REC0437,436,436,Benthic Habitat Maps for the Insular Shelf South of St. Thomas and St. John,"St. John, USVI",GV,Ground Validation,Seaviewer Drop Camera,GV2010_598,2010-04-05,09:54:08,2010,4,18.20806287,-64.7695247,2061916.37,-7210110.509,2061916.37,-7210110.509,0.001,-53.95735168,53.957,https://nccospublicstor.blob.core.windows.net/biomapper/usviinsularshelf2017/videos/low/GV2010_598.mp4,Absent,Absent,Present,Absent,Present,Absent,Present,Present,Absent,Absent,Absent,,0,0,1,0,1,0,1,1,0,0,0,1,3,4,Pass,Pass,Pass,Pass,Pass,Pass,Pass,Pass,Pass,Pass,Pass,
REC0438,437,437,Benthic Habitat Maps for the Insular Shelf South of St. Thomas and St. John,"St. John, USVI",GV,Ground Validation,Seaviewer Drop Camera,GV2010_599,2010-04-05,10:30:51,2010,4,18.20493293,-64.78000995,2061549.584,-7211277.721,2061549.584,-7211277.721,0.0,-55.79801941,55.798,https://nccospublicstor.blob.core.windows.net/biomapper/usviinsularshelf2017/videos/low/GV2010_599.mp4,Absent,Absent,Present,Absent,Present,Absent,Present,Present,Absent,Absent,Absent,,0,0,1,0,1,0,1,1,0,0,0,1,3,4,Pass,Pass,Pass,Pass,Pass,Pass,Pass,Pass,Pass,Pass,Pass,
REC0439,438,438,Benthic Habitat Maps for the Insular Shelf South of St. Thomas and St. John,"St. John, USVI",GV,Ground Validation,Seaviewer Drop Camera,GV2010_613,2010-04-05,09:16:04,2010,4,18.23558926,-64.74373444,2065142.367,-7207239.55,2065142.368,-7207239.55,0.001,-51.98915482,51.989,https://nccospublicstor.blob.core.windows.net/biomapper/usviinsularshelf2017/videos/low/GV2010_613.mp4,Absent,Absent,Present,Present,Absent,Absent,Present,Present,Absent,Absent,Absent,,0,0,1,1,0,0,1,1,0,0,0,2,2,4,Pass,Pass,Pass,Pass,Pass,Pass,Pass,Pass,Pass,Pass,Pass,
REC0440,439,439,Benthic Habitat Maps for the Insular Shelf South of St. Thomas and St. John,"St. John, USVI",GV,Ground Validation,Seaviewer Drop Camera,GV2010_614,2010-04-05,09:10:11,2010,4,18.2372083,-64.73892316,2065332.129,-7206703.961,2065332.129,-7206703.961,0.0,-54.74577332,54.746,https://nccospublicstor.blob.core.windows.net/biomapper/usviinsularshelf2017/videos/low/GV2010_614.mp4,Absent,Absent,Present,Present,Absent,Absent,Present,Present,Absent,Absent,Absent,,0,0,1,1,0,0,1,1,0,0,0,2,2,4,Pass,Pass,Pass,Pass,Pass,Pass,Pass,Pass,Pass,Pass,Pass,
REC0441,440,440,Benthic Habitat Maps for the Insular Shelf South of St. Thomas and St. John,"St. John, USVI",GV,Ground Validation,Seaviewer Drop Camera,GV2010_622,2010-04-05,10:22:33,2010,4,18.20758194,-64.78110291,2061860.011,-7211399.389,2061860.011,-7211399.389,0.0,-48.0026474,48.003,https://nccospublicstor.blob.core.windows.net/biomapper/usviinsularshelf2017/videos/low/GV2010_622.mp4,Absent,Present,Present,Absent,Absent,Absent,Present,Present,Absent,Absent,Absent,,0,1,1,0,0,0,1,1,0,0,0,2,2,4,Pass,Pass,Pass,Pass,Pass,Pass,Pass,Pass,Pass,Pass,Pass,
REC0442,441,441,Benthic Habitat Maps for the Insular Shelf South of St. Thomas and St. John,"St. John, USVI",GV,Ground Validation,Seaviewer Drop Camera,GV2010_623,2010-04-05,10:01:59,2010,4,18.21032482,-64.77358015,2062181.443,-7210561.959,2062181.443,-7210561.959,0.0,-46.83738327,46.837,https://nccospublicstor.blob.core.windows.net/biomapper/usviinsularshelf2017/videos/low/GV2010_623.mp4,Absent,Present,Present,Present,Absent,Absent,Present,Present,Absent,Absent,Absent,,0,1,1,1,0,0,1,1,0,0,0,3,2,5,Pass,Pass,Pass,Pass,Pass,Pass,Pass,Pass,Pass,Pass,Pass,
REC0443,442,442,Benthic Habitat Maps for the Insular Shelf South of St. Thomas and St. John,"St. John, USVI",GV,Ground Validation,Seaviewer Drop Camera,GV2010_624,2010-04-05,10:08:41,2010,4,18.21152545,-64.77535622,2062322.144,-7210759.67,2062322.144,-7210759.67,0.0,-52.80713654,52.807,https://nccospublicstor.blob.core.windows.net/biomapper/usviinsularshelf2017/videos/low/GV2010_624.mp4,Absent,Present,Present,Present,Present,Absent,Present,Present,Absent,Absent,Absent,,0,1,1,1,1,0,1,1,0,0,0,3,3,6,Pass,Pass,Pass,Pass,Pass,Pass,Pass,Pass,Pass,Pass,Pass,
REC0444,443,443,Benthic Habitat Maps for the Insular Shelf South of St. Thomas and St. John,"St. John, USVI",GV,Ground Validation,Seaviewer Drop Camera,GV2010_625,2010-04-05,07:52:06,2010,4,18.22272989,-64.71101885,2063635.23,-7203597.667,2063635.23,-7203597.667,0.0,-52.57994843,52.58,https://nccospublicstor.blob.core.windows.net/biomapper/usviinsularshelf2017/videos/low/GV2010_625.mp4,Absent,Absent,Present,Present,Present,Absent,Present,Present,Absent,Absent,Absent,School of Bar Jacks,0,0,1,1,1,0,1,1,0,0,0,2,3,5,Pass,Pass,Pass,Pass,Pass,Pass,Pass,Pass,Pass,Pass,Pass,
REC0445,444,444,Benthic Habitat Maps for the Insular Shelf South of St. Thomas and St. John,"St. John, USVI",GV,Ground Validation,Seaviewer Drop Camera,GV2010_627,2010-04-05,08:12:49,2010,4,18.2285796,-64.71255879,2064320.811,-7203769.092,2064320.811,-7203769.092,0.0,-55.37336731,55.373,https://nccospublicstor.blob.core.windows.net/biomapper/usviinsularshelf2017/videos/low/GV2010_627.mp4,Absent,Absent,Present,Absent,Present,Absent,Present,Present,Absent,Absent,Absent,,0,0,1,0,1,0,1,1,0,0,0,1,3,4,Pass,Pass,Pass,Pass,Pass,Pass,Pass,Pass,Pass,Pass,Pass,
REC0446,445,445,Benthic Habitat Maps for the Insular Shelf South of St. Thomas and St. John,"St. John, USVI",GV,Ground Validation,Seaviewer Drop Camera,GV2010_628,2010-04-05,08:23:05,2010,4,18.2354852,-64.70863026,2065130.171,-7203331.77,2065130.171,-7203331.77,0.0,-45.58688354,45.587,https://nccospublicstor.blob.core.windows.net/biomapper/usviinsularshelf2017/videos/low/GV2010_628.mp4,Absent,Present,Absent,Present,Present,Absent,Present,Present,Absent,Absent,Absent,,0,1,0,1,1,0,1,1,0,0,0,2,3,5,Pass,Pass,Pass,Pass,Pass,Pass,Pass,Pass,Pass,Pass,Pass,
REC0447,446,446,Benthic Habitat Maps for the Insular Shelf South of St. Thomas and St. John,"St. John, USVI",GV,Ground Validation,Seaviewer Drop Camera,GV2010_639,2010-04-05,11:08:08,2010,4,18.21651072,-64.71826453,2062906.374,-7204404.253,2062906.374,-7204404.253,0.001,-56.1287117,56.129,https://nccospublicstor.blob.core.windows.net/biomapper/usviinsularshelf2017/videos/low/GV2010_639.mp4,Absent,Absent,Present,Absent,Absent,Absent,Present,Present,Absent,Absent,Absent,,0,0,1,0,0,0,1,1,0,0,0,1,2,3,Pass,Pass,Pass,Pass,Pass,Pass,Pass,Pass,Pass,Pass,Pass,
REC0448,447,447,Benthic Habitat Maps for the Insular Shelf South of St. Thomas and St. John,"St. John, USVI",GV,Ground Validation,Seaviewer Drop Camera,GV2010_640,2010-04-05,11:16:27,2010,4,18.22125231,-64.7198081,2063462.063,-7204576.082,2063462.063,-7204576.082,0.0,-51.22186279,51.222,https://nccospublicstor.blob.core.windows.net/biomapper/usviinsularshelf2017/videos/low/GV2010_640.mp4,Absent,Present,Present,Absent,Present,Absent,Present,Present,Absent,Absent,Absent,,0,1,1,0,1,0,1,1,0,0,0,2,3,5,Pass,Pass,Pass,Pass,Pass,Pass,Pass,Pass,Pass,Pass,Pass,
REC0449,448,448,Benthic Habitat Maps for the Insular Shelf South of St. Thomas and St. John,"St. John, USVI",GV,Ground Validation,Seaviewer Drop Camera,GV2010_642,2010-04-05,08:04:10,2010,4,18.22691948,-64.70895808,2064126.244,-7203368.263,2064126.244,-7203368.263,0.0,-54.25544739,54.255,https://nccospublicstor.blob.core.windows.net/biomapper/usviinsularshelf2017/videos/low/GV2010_642.mp4,Absent,Absent,Present,Absent,Absent,Absent,Present,Present,Absent,Absent,Absent,,0,0,1,0,0,0,1,1,0,0,0,1,2,3,Pass,Pass,Pass,Pass,Pass,Pass,Pass,Pass,Pass,Pass,Pass,
REC0450,449,449,Benthic Habitat Maps for the Insular Shelf South of St. Thomas and St. John,"St. John, USVI",GV,Ground Validation,Seaviewer Drop Camera,GV2010_644,2010-04-05,10:15:47,2010,4,18.2099781,-64.78190493,2062140.812,-7211488.669,2062140.811,-7211488.669,0.001,-50.73273087,50.733,https://nccospublicstor.blob.core.windows.net/biomapper/usviinsularshelf2017/videos/low/GV2010_644.mp4,Absent,Absent,Present,Absent,Absent,Absent,Present,Present,Absent,Absent,Absent,,0,0,1,0,0,0,1,1,0,0,0,1,2,3,Pass,Pass,Pass,Pass,Pass,Pass,Pass,Pass,Pass,Pass,Pass,
REC0451,450,450,Benthic Habitat Maps for the Insular Shelf South of St. Thomas and St. John,"St. John, USVI",GV,Ground Validation,Seaviewer Drop Camera,GV2010_645,2010-04-05,09:39:45,2010,4,18.21666631,-64.74813484,2062924.608,-7207729.4,2062924.608,-7207729.4,0.0,-51.8290863,51.829,https://nccospublicstor.blob.core.windows.net/biomapper/usviinsularshelf2017/videos/low/GV2010_645.mp4,Absent,Absent,Present,Absent,Present,Absent,Present,Present,Absent,Absent,Absent,,0,0,1,0,1,0,1,1,0,0,0,1,3,4,Pass,Pass,Pass,Pass,Pass,Pass,Pass,Pass,Pass,Pass,Pass,
REC0452,451,451,Benthic Habitat Maps for the Insular Shelf South of St. Thomas and St. John,"St. John, USVI",GV,Ground Validation,Seaviewer Drop Camera,GV2010_647,2010-04-05,08:38:37,2010,4,18.24466626,-64.71779717,2066206.273,-7204352.226,2066206.272,-7204352.226,0.001,-46.78488541,46.785,https://nccospublicstor.blob.core.windows.net/biomapper/usviinsularshelf2017/videos/low/GV2010_647.mp4,Absent,Present,Present,Present,Present,Present,Present,Present,Absent,Absent,Absent,,0,1,1,1,1,1,1,1,0,0,0,3,4,7,Pass,Pass,Pass,Pass,Pass,Pass,Pass,Pass,Pass,Pass,Pass,
REC0453,452,452,Benthic Habitat Maps for the Insular Shelf South of St. Thomas and St. John,"St. Thomas, USVI",GV,Ground Validation,Seaviewer Drop Camera,GV2011_002,2011-04-11,13:23:00,2011,4,18.2672611,-65.10094965,2068854.83,-7247004.565,2068854.83,-7247004.565,0.0,-26.7042675,26.704,https://nccospublicstor.blob.core.windows.net/biomapper/usviinsularshelf2017/videos/low/GV2011_002.mp4,Present,Absent,Absent,Absent,Present,Absent,Present,Present,Absent,Absent,Absent,,1,0,0,0,1,0,1,1,0,0,0,1,3,4,Pass,Pass,Pass,Pass,Pass,Pass,Pass,Pass,Pass,Pass,Pass,
REC0454,453,453,Benthic Habitat Maps for the Insular Shelf South of St. Thomas and St. John,"St. Thomas, USVI",GV,Ground Validation,Seaviewer Drop Camera,GV2011_003,2011-04-11,13:52:01,2011,4,18.23908596,-65.09111737,2065552.205,-7245910.041,2065552.205,-7245910.041,0.0,-31.88175964,31.882,https://nccospublicstor.blob.core.windows.net/biomapper/usviinsularshelf2017/videos/low/GV2011_003.mp4,Present,Absent,Absent,Absent,Present,Absent,Present,Present,Absent,Absent,Absent,,1,0,0,0,1,0,1,1,0,0,0,1,3,4,Pass,Pass,Pass,Pass,Pass,Pass,Pass,Pass,Pass,Pass,Pass,
REC0455,454,454,Benthic Habitat Maps for the Insular Shelf South of St. Thomas and St. John,"St. Thomas, USVI",GV,Ground Validation,Seaviewer Drop Camera,GV2011_005,2011-04-11,14:32:48,2011,4,18.23171863,-65.11407017,2064688.712,-7248465.135,2064688.712,-7248465.135,0.0,-35.13011169,35.13,https://nccospublicstor.blob.core.windows.net/biomapper/usviinsularshelf2017/videos/low/GV2011_005.mp4,Present,Absent,Absent,Present,Present,Absent,Present,Present,Absent,Absent,Absent,,1,0,0,1,1,0,1,1,0,0,0,2,3,5,Pass,Pass,Pass,Pass,Pass,Pass,Pass,Pass,Pass,Pass,Pass,
REC0456,455,455,Benthic Habitat Maps for the Insular Shelf South of St. Thomas and St. John,"St. Thomas, USVI",GV,Ground Validation,Seaviewer Drop Camera,GV2011_006,2011-04-11,14:27:56,2011,4,18.23093021,-65.11367165,2064596.307,-7248420.772,2064596.307,-7248420.772,0.0,-37.53202438,37.532,https://nccospublicstor.blob.core.windows.net/biomapper/usviinsularshelf2017/videos/low/GV2011_006.mp4,Present,Absent,Absent,Absent,Present,Absent,Present,Present,Absent,Absent,Absent,,1,0,0,0,1,0,1,1,0,0,0,1,3,4,Pass,Pass,Pass,Pass,Pass,Pass,Pass,Pass,Pass,Pass,Pass,
REC0457,456,456,Benthic Habitat Maps for the Insular Shelf South of St. Thomas and St. John,"St. Thomas, USVI",GV,Ground Validation,Seaviewer Drop Camera,GV2011_009,2011-04-11,12:36:52,2011,4,18.27161349,-65.0604169,2069365.055,-7242492.48,2069365.055,-7242492.48,0.0,-34.05979156,34.06,https://nccospublicstor.blob.core.windows.net/biomapper/usviinsularshelf2017/videos/low/GV2011_009.mp4,Absent,Absent,Present,Absent,Absent,Absent,Present,Present,Absent,Absent,Absent,,0,0,1,0,0,0,1,1,0,0,0,1,2,3,Pass,Pass,Pass,Pass,Pass,Pass,Pass,Pass,Pass,Pass,Pass,
REC0458,457,457,Benthic Habitat Maps for the Insular Shelf South of St. Thomas and St. John,"St. Thomas, USVI",GV,Ground Validation,Seaviewer Drop Camera,GV2011_010,2011-04-11,12:55:08,2011,4,18.2815063,-65.07295049,2070524.823,-7243887.713,2070524.823,-7243887.713,0.0,-33.34936905,33.349,https://nccospublicstor.blob.core.windows.net/biomapper/usviinsularshelf2017/videos/low/GV2011_010.mp4,Absent,Present,Present,Absent,Absent,Absent,Present,Present,Absent,Absent,Absent,,0,1,1,0,0,0,1,1,0,0,0,2,2,4,Pass,Pass,Pass,Pass,Pass,Pass,Pass,Pass,Pass,Pass,Pass,
REC0459,458,458,Benthic Habitat Maps for the Insular Shelf South of St. Thomas and St. John,"St. Thomas, USVI",GV,Ground Validation,Seaviewer Drop Camera,GV2011_011,2011-04-11,13:12:32,2011,4,18.27305191,-65.09171494,2069533.681,-7245976.562,2069533.681,-7245976.562,0.0,-34.0766983,34.077,https://nccospublicstor.blob.core.windows.net/biomapper/usviinsularshelf2017/videos/low/GV2011_011.mp4,Present,Absent,Absent,Present,Present,Absent,Present,Present,Absent,Absent,Absent,,1,0,0,1,1,0,1,1,0,0,0,2,3,5,Pass,Pass,Pass,Pass,Pass,Pass,Pass,Pass,Pass,Pass,Pass,
REC0460,459,459,Benthic Habitat Maps for the Insular Shelf South of St. Thomas and St. John,"St. Thomas, USVI",GV,Ground Validation,Seaviewer Drop Camera,GV2011_012,2011-04-11,13:04:54,2011,4,18.27497196,-65.08506428,2069758.772,-7245236.214,2069758.772,-7245236.214,0.0,-34.45940399,34.459,https://nccospublicstor.blob.core.windows.net/biomapper/usviinsularshelf2017/videos/low/GV2011_012.mp4,Absent,Present,Absent,Absent,Absent,Absent,Present,Absent,Absent,Absent,Absent,,0,1,0,0,0,0,1,0,0,0,0,1,1,2,Pass,Pass,Pass,Pass,Pass,Pass,Pass,Pass,Pass,Pass,Pass,
REC0461,460,460,Benthic Habitat Maps for the Insular Shelf South of St. Thomas and St. John,"St. Thomas, USVI",GV,Ground Validation,Seaviewer Drop Camera,GV2011_013,2011-04-11,13:38:11,2011,4,18.25631069,-65.09115318,2067571.184,-7245914.027,2067571.184,-7245914.027,0.0,-28.46836281,28.468,https://nccospublicstor.blob.core.windows.net/biomapper/usviinsularshelf2017/videos/low/GV2011_013.mp4,Present,Absent,Absent,Absent,Present,Present,Present,Present,Absent,Absent,Absent,,1,0,0,0,1,1,1,1,0,0,0,1,4,5,Pass,Pass,Pass,Pass,Pass,Pass,Pass,Pass,Pass,Pass,Pass,
REC0462,461,461,Benthic Habitat Maps for the Insular Shelf South of St. Thomas and St. John,"St. Thomas, USVI",GV,Ground Validation,Seaviewer Drop Camera,GV2011_015,2011-04-01,14:41:52,2011,4,18.24937429,-65.06296432,2066758.117,-7242776.058,2066758.117,-7242776.058,0.0,-35.82651901,35.827,https://nccospublicstor.blob.core.windows.net/biomapper/usviinsularshelf2017/videos/low/GV2011_015.mp4,Absent,Absent,Present,Absent,Absent,Absent,Present,Present,Absent,Absent,Absent,,0,0,1,0,0,0,1,1,0,0,0,1,2,3,Pass,Pass,Pass,Pass,Pass,Pass,Pass,Pass,Pass,Pass,Pass,
REC0463,462,462,Benthic Habitat Maps for the Insular Shelf South of St. Thomas and St. John,"St. Thomas, USVI",GV,Ground Validation,Seaviewer Drop Camera,GV2011_016,2011-04-01,14:05:57,2011,4,18.2383361,-65.0336633,2065464.316,-7239514.283,2065464.316,-7239514.283,0.0,-39.63744736,39.637,https://nccospublicstor.blob.core.windows.net/biomapper/usviinsularshelf2017/videos/low/GV2011_016.mp4,Absent,Absent,Present,Present,Absent,Absent,Present,Present,Absent,Absent,Absent,,0,0,1,1,0,0,1,1,0,0,0,2,2,4,Pass,Pass,Pass,Pass,Pass,Pass,Pass,Pass,Pass,Pass,Pass,
REC0464,463,463,Benthic Habitat Maps for the Insular Shelf South of St. Thomas and St. John,"St. Thomas, USVI",GV,Ground Validation,Seaviewer Drop Camera,GV2011_019,2011-04-11,14:00:06,2011,4,18.22946493,-65.09052515,2064424.573,-7245844.115,2064424.573,-7245844.115,0.0,-33.72268295,33.723,https://nccospublicstor.blob.core.windows.net/biomapper/usviinsularshelf2017/videos/low/GV2011_019.mp4,Present,Absent,Absent,Absent,Present,Present,Present,Present,Absent,Absent,Absent,,1,0,0,0,1,1,1,1,0,0,0,1,4,5,Pass,Pass,Pass,Pass,Pass,Pass,Pass,Pass,Pass,Pass,Pass,
REC0465,464,464,Benthic Habitat Maps for the Insular Shelf South of St. Thomas and St. John,"St. Thomas, USVI",GV,Ground Validation,Seaviewer Drop Camera,GV2011_022,2011-04-09,13:48:13,2011,4,18.21281933,-65.0335204,2062473.774,-7239498.375,2062473.774,-7239498.375,0.0,-44.14769745,44.148,https://nccospublicstor.blob.core.windows.net/biomapper/usviinsularshelf2017/videos/low/GV2011_022.mp4,Absent,Absent,Present,Absent,Absent,Absent,Present,Absent,Absent,Absent,Absent,,0,0,1,0,0,0,1,0,0,0,0,1,1,2,Pass,Pass,Pass,Pass,Pass,Pass,Pass,Pass,Pass,Pass,Pass,
REC0466,465,465,Benthic Habitat Maps for the Insular Shelf South of St. Thomas and St. John,"St. Thomas, USVI",GV,Ground Validation,Seaviewer Drop Camera,GV2011_025_1,2011-04-01,13:23:33,2011,4,18.2124014,-65.01567146,2062424.796,-7237511.44,2062424.797,-7237511.441,0.001,-44.62040329,44.62,https://nccospublicstor.blob.core.windows.net/biomapper/usviinsularshelf2017/videos/low/GV2011_025_1.mp4,Absent,Absent,Present,Present,Absent,Absent,Present,Absent,Absent,Present,Absent,Cable  or Trap Line,0,0,1,1,0,0,1,0,0,1,0,2,1,4,Pass,Pass,Pass,Pass,Pass,Pass,Pass,Pass,Pass,Pass,Pass,
REC0467,466,466,Benthic Habitat Maps for the Insular Shelf South of St. Thomas and St. John,"St. Thomas, USVI",GV,Ground Validation,Seaviewer Drop Camera,GV2011_025_2,2011-04-09,13:31:33,2011,4,18.21204031,-65.01552087,2062382.48,-7237494.677,2062382.48,-7237494.677,0.0,-44.48617172,44.486,https://nccospublicstor.blob.core.windows.net/biomapper/usviinsularshelf2017/videos/low/GV2011_025_2.mp4,Absent,Absent,Present,Present,Absent,Absent,Present,Present,Absent,Present,Absent,Cable or Trap Line,0,0,1,1,0,0,1,1,0,1,0,2,2,5,Pass,Pass,Pass,Pass,Pass,Pass,Pass,Pass,Pass,Pass,Pass,
REC0468,467,467,Benthic Habitat Maps for the Insular Shelf South of St. Thomas and St. John,"St. Thomas, USVI",GV,Ground Validation,Seaviewer Drop Camera,GV2011_026_1,2011-04-01,12:37:36,2011,4,18.21712094,-65.00439588,2062977.888,-7236256.249,2062977.888,-7236256.249,0.0,-42.61746597,42.617,https://nccospublicstor.blob.core.windows.net/biomapper/usviinsularshelf2017/videos/low/GV2011_026_1.mp4,Absent,Absent,Absent,Present,Absent,Absent,Present,Present,Absent,Absent,Absent,,0,0,0,1,0,0,1,1,0,0,0,1,2,3,Pass,Pass,Pass,Pass,Pass,Pass,Pass,Pass,Pass,Pass,Pass,
REC0469,468,468,Benthic Habitat Maps for the Insular Shelf South of St. Thomas and St. John,"St. Thomas, USVI",GV,Ground Validation,Seaviewer Drop Camera,GV2011_026_2,2011-04-09,12:56:12,2011,4,18.21695161,-65.00416833,2062958.043,-7236230.918,2062958.044,-7236230.918,0.001,-42.57261658,42.573,https://nccospublicstor.blob.core.windows.net/biomapper/usviinsularshelf2017/videos/low/GV2011_026_2.mp4,Absent,Absent,Absent,Present,Absent,Absent,Present,Present,Absent,Absent,Absent,,0,0,0,1,0,0,1,1,0,0,0,1,2,3,Pass,Pass,Pass,Pass,Pass,Pass,Pass,Pass,Pass,Pass,Pass,
REC0470,469,469,Benthic Habitat Maps for the Insular Shelf South of St. Thomas and St. John,"St. Thomas, USVI",GV,Ground Validation,Seaviewer Drop Camera,GV2011_027_1,2011-04-01,11:29:38,2011,4,18.2175635,-64.98628219,2063029.753,-7234239.842,2063029.753,-7234239.842,0.0,-41.89408875,41.894,https://nccospublicstor.blob.core.windows.net/biomapper/usviinsularshelf2017/videos/low/GV2011_027_1.mp4,Absent,Absent,Present,Present,Absent,Absent,Present,Present,Absent,Absent,Absent,,0,0,1,1,0,0,1,1,0,0,0,2,2,4,Pass,Pass,Pass,Pass,Pass,Pass,Pass,Pass,Pass,Pass,Pass,
REC0471,470,470,Benthic Habitat Maps for the Insular Shelf South of St. Thomas and St. John,"St. Thomas, USVI",GV,Ground Validation,Seaviewer Drop Camera,GV2011_027_2,2011-04-09,12:03:58,2011,4,18.217393,-64.98606332,2063009.772,-7234215.477,2063009.772,-7234215.477,0.001,-41.94522476,41.945,https://nccospublicstor.blob.core.windows.net/biomapper/usviinsularshelf2017/videos/low/GV2011_027_2.mp4,Absent,Absent,Present,Present,Absent,Absent,Present,Present,Absent,Absent,Absent,,0,0,1,1,0,0,1,1,0,0,0,2,2,4,Pass,Pass,Pass,Pass,Pass,Pass,Pass,Pass,Pass,Pass,Pass,
REC0472,471,471,Benthic Habitat Maps for the Insular Shelf South of St. Thomas and St. John,"St. Thomas, USVI",GV,Ground Validation,Seaviewer Drop Camera,GV2011_028_1,2011-04-01,12:26:27,2011,4,18.21199007,-64.99423055,2062376.593,-7235124.649,2062376.593,-7235124.649,0.0,-44.49560165,44.496,https://nccospublicstor.blob.core.windows.net/biomapper/usviinsularshelf2017/videos/low/GV2011_028_1.mp4,Absent,Present,Present,Absent,Present,Present,Present,Present,Absent,Absent,Absent,,0,1,1,0,1,1,1,1,0,0,0,2,4,6,Pass,Pass,Pass,Pass,Pass,Pass,Pass,Pass,Pass,Pass,Pass,
REC0473,472,472,Benthic Habitat Maps for the Insular Shelf South of St. Thomas and St. John,"St. Thomas, USVI",GV,Ground Validation,Seaviewer Drop Camera,GV2011_028_2,2011-04-09,12:47:33,2011,4,18.21173267,-64.99413449,2062346.428,-7235113.956,2062346.428,-7235113.956,0.0,-44.56513214,44.565,https://nccospublicstor.blob.core.windows.net/biomapper/usviinsularshelf2017/videos/low/GV2011_028_2.mp4,Absent,Present,Present,Absent,Present,Present,Present,Present,Absent,Absent,Absent,,0,1,1,0,1,1,1,1,0,0,0,2,4,6,Pass,Pass,Pass,Pass,Pass,Pass,Pass,Pass,Pass,Pass,Pass,
REC0474,473,473,Benthic Habitat Maps for the Insular Shelf South of St. Thomas and St. John,"St. Thomas, USVI",GV,Ground Validation,Seaviewer Drop Camera,GV2011_029_1,2011-04-01,13:42:58,2011,4,18.2221007,-65.01597904,2063561.491,-7237545.68,2063561.491,-7237545.68,0.0,-39.93834305,39.938,https://nccospublicstor.blob.core.windows.net/biomapper/usviinsularshelf2017/videos/low/GV2011_029_1.mp4,Present,Absent,Absent,Present,Present,Absent,Present,Present,Absent,Absent,Absent,,1,0,0,1,1,0,1,1,0,0,0,2,3,5,Pass,Pass,Pass,Pass,Pass,Pass,Pass,Pass,Pass,Pass,Pass,
REC0475,474,474,Benthic Habitat Maps for the Insular Shelf South of St. Thomas and St. John,"St. Thomas, USVI",GV,Ground Validation,Seaviewer Drop Camera,GV2011_029_2,2011-04-09,14:04:09,2011,4,18.22069343,-65.02224682,2063396.564,-7238243.406,2063396.564,-7238243.406,0.0,-38.55401611,38.554,https://nccospublicstor.blob.core.windows.net/biomapper/usviinsularshelf2017/videos/low/GV2011_029_2.mp4,Present,Absent,Absent,Present,Present,Present,Present,Present,Absent,Absent,Absent,,1,0,0,1,1,1,1,1,0,0,0,2,4,6,Pass,Pass,Pass,Pass,Pass,Pass,Pass,Pass,Pass,Pass,Pass,
REC0476,475,475,Benthic Habitat Maps for the Insular Shelf South of St. Thomas and St. John,Puerto Rico,GV,Ground Validation,Seaviewer Drop Camera,GV2011_030,2011-04-03,07:16:21,2011,4,18.1895949,-65.15385426,2059752.273,-7252893.879,2059752.273,-7252893.879,0.0,-38.66797638,38.668,https://nccospublicstor.blob.core.windows.net/biomapper/usviinsularshelf2017/videos/low/GV2011_030.mp4,Present,Absent,Absent,Absent,Present,Present,Present,Present,Absent,Absent,Absent,,1,0,0,0,1,1,1,1,0,0,0,1,4,5,Pass,Pass,Pass,Pass,Pass,Pass,Pass,Pass,Pass,Pass,Pass,
REC0477,476,476,Benthic Habitat Maps for the Insular Shelf South of St. Thomas and St. John,Puerto Rico,GV,Ground Validation,Seaviewer Drop Camera,GV2011_031,2011-04-03,07:21:50,2011,4,18.18689962,-65.15455465,2059436.457,-7252971.847,2059436.457,-7252971.847,0.001,-38.89867401,38.899,https://nccospublicstor.blob.core.windows.net/biomapper/usviinsularshelf2017/videos/low/GV2011_031.mp4,Present,Absent,Absent,Absent,Present,Absent,Present,Present,Absent,Absent,Absent,,1,0,0,0,1,0,1,1,0,0,0,1,3,4,Pass,Pass,Pass,Pass,Pass,Pass,Pass,Pass,Pass,Pass,Pass,
REC0478,477,477,Benthic Habitat Maps for the Insular Shelf South of St. Thomas and St. John,Puerto Rico,GV,Ground Validation,Seaviewer Drop Camera,GV2011_032,2011-04-03,07:28:06,2011,4,18.18452454,-65.15542771,2059158.163,-7253069.035,2059158.163,-7253069.035,0.0,-40.7066536,40.707,https://nccospublicstor.blob.core.windows.net/biomapper/usviinsularshelf2017/videos/low/GV2011_032.mp4,Present,Absent,Absent,Absent,Present,Absent,Present,Present,Absent,Absent,Absent,Coral colonies with bleaching,1,0,0,0,1,0,1,1,0,0,0,1,3,4,Pass,Pass,Pass,Pass,Pass,Pass,Pass,Pass,Pass,Pass,Pass,
REC0479,478,478,Benthic Habitat Maps for the Insular Shelf South of St. Thomas and St. John,Puerto Rico,GV,Ground Validation,Seaviewer Drop Camera,GV2011_034,2011-04-03,07:35:01,2011,4,18.17976473,-65.15701512,2058600.457,-7253245.745,2058600.457,-7253245.745,0.0,-45.25990677,45.26,https://nccospublicstor.blob.core.windows.net/biomapper/usviinsularshelf2017/videos/low/GV2011_034.mp4,Present,Absent,Absent,Present,Present,Absent,Present,Present,Absent,Absent,Absent,,1,0,0,1,1,0,1,1,0,0,0,2,3,5,Pass,Pass,Pass,Pass,Pass,Pass,Pass,Pass,Pass,Pass,Pass,
REC0480,479,479,Benthic Habitat Maps for the Insular Shelf South of St. Thomas and St. John,Puerto Rico,GV,Ground Validation,Seaviewer Drop Camera,GV2011_035,2011-04-03,07:42:37,2011,4,18.17637289,-65.15473394,2058203.045,-7252991.805,2058203.045,-7252991.805,0.0,-49.20606995,49.206,https://nccospublicstor.blob.core.windows.net/biomapper/usviinsularshelf2017/videos/low/GV2011_035.mp4,Present,Absent,Absent,Present,Present,Absent,Present,Present,Absent,Absent,Absent,,1,0,0,1,1,0,1,1,0,0,0,2,3,5,Pass,Pass,Pass,Pass,Pass,Pass,Pass,Pass,Pass,Pass,Pass,
REC0481,480,480,Benthic Habitat Maps for the Insular Shelf South of St. Thomas and St. John,Puerto Rico,GV,Ground Validation,Seaviewer Drop Camera,GV2011_036,2011-04-03,07:55:05,2011,4,18.17258697,-65.16004079,2057759.468,-7253582.561,2057759.468,-7253582.561,0.0,-47.46080399,47.461,https://nccospublicstor.blob.core.windows.net/biomapper/usviinsularshelf2017/videos/low/GV2011_036.mp4,Present,Present,Present,Absent,Present,Absent,Present,Present,Absent,Absent,Absent,,1,1,1,0,1,0,1,1,0,0,0,3,3,6,Pass,Pass,Pass,Pass,Pass,Pass,Pass,Pass,Pass,Pass,Pass,
REC0482,481,481,Benthic Habitat Maps for the Insular Shelf South of St. Thomas and St. John,Puerto Rico,GV,Ground Validation,Seaviewer Drop Camera,GV2011_037,2011-04-03,07:49:31,2011,4,18.17460934,-65.15903499,2057996.418,-7253470.596,2057996.418,-7253470.596,0.001,-44.36846924,44.368,https://nccospublicstor.blob.core.windows.net/biomapper/usviinsularshelf2017/videos/low/GV2011_037.mp4,Present,Absent,Absent,Present,Present,Absent,Present,Present,Absent,Absent,Absent,,1,0,0,1,1,0,1,1,0,0,0,2,3,5,Pass,Pass,Pass,Pass,Pass,Pass,Pass,Pass,Pass,Pass,Pass,
REC0483,482,482,Benthic Habitat Maps for the Insular Shelf South of St. Thomas and St. John,Puerto Rico,GV,Ground Validation,Seaviewer Drop Camera,GV2011_038,2011-04-03,08:01:44,2011,4,18.17018749,-65.16250054,2057478.339,-7253856.379,2057478.339,-7253856.379,0.0,-45.69415283,45.694,https://nccospublicstor.blob.core.windows.net/biomapper/usviinsularshelf2017/videos/low/GV2011_038.mp4,Present,Absent,Absent,Present,Present,Absent,Present,Present,Absent,Absent,Absent,,1,0,0,1,1,0,1,1,0,0,0,2,3,5,Pass,Pass,Pass,Pass,Pass,Pass,Pass,Pass,Pass,Pass,Pass,
REC0484,483,483,Benthic Habitat Maps for the Insular Shelf South of St. Thomas and St. John,Puerto Rico,GV,Ground Validation,Seaviewer Drop Camera,GV2011_039,2011-04-03,08:08:08,2011,4,18.17302476,-65.16460818,2057810.761,-7254091.0,2057810.761,-7254091.0,0.001,-44.99902344,44.999,https://nccospublicstor.blob.core.windows.net/biomapper/usviinsularshelf2017/videos/low/GV2011_039.mp4,Present,Absent,Absent,Absent,Present,Absent,Present,Present,Absent,Absent,Absent,,1,0,0,0,1,0,1,1,0,0,0,1,3,4,Pass,Pass,Pass,Pass,Pass,Pass,Pass,Pass,Pass,Pass,Pass,
REC0485,484,484,Benthic Habitat Maps for the Insular Shelf South of St. Thomas and St. John,Puerto Rico,GV,Ground Validation,Seaviewer Drop Camera,GV2011_040,2011-04-03,08:14:52,2011,4,18.1769304,-65.16674747,2058268.366,-7254329.145,2058268.366,-7254329.145,0.0,-42.21643066,42.216,https://nccospublicstor.blob.core.windows.net/biomapper/usviinsularshelf2017/videos/low/GV2011_040.mp4,Present,Absent,Absent,Absent,Present,Present,Present,Present,Absent,Absent,Absent,,1,0,0,0,1,1,1,1,0,0,0,1,4,5,Pass,Pass,Pass,Pass,Pass,Pass,Pass,Pass,Pass,Pass,Pass,
REC0486,485,485,Benthic Habitat Maps for the Insular Shelf South of St. Thomas and St. John,Puerto Rico,GV,Ground Validation,Seaviewer Drop Camera,GV2011_041,2011-04-03,08:31:58,2011,4,18.18452075,-65.17085943,2059157.719,-7254786.886,2059157.719,-7254786.886,0.0,-38.76401138,38.764,https://nccospublicstor.blob.core.windows.net/biomapper/usviinsularshelf2017/videos/low/GV2011_041.mp4,Present,Absent,Absent,Absent,Present,Absent,Present,Present,Absent,Absent,Absent,,1,0,0,0,1,0,1,1,0,0,0,1,3,4,Pass,Pass,Pass,Pass,Pass,Pass,Pass,Pass,Pass,Pass,Pass,
REC0487,486,486,Benthic Habitat Maps for the Insular Shelf South of St. Thomas and St. John,Puerto Rico,GV,Ground Validation,Seaviewer Drop Camera,GV2011_044,2011-04-03,08:22:37,2011,4,18.18158842,-65.16951437,2058814.137,-7254637.155,2058814.136,-7254637.155,0.001,-38.90138626,38.901,https://nccospublicstor.blob.core.windows.net/biomapper/usviinsularshelf2017/videos/low/GV2011_044.mp4,Present,Absent,Absent,Absent,Present,Absent,Present,Present,Absent,Absent,Absent,,1,0,0,0,1,0,1,1,0,0,0,1,3,4,Pass,Pass,Pass,Pass,Pass,Pass,Pass,Pass,Pass,Pass,Pass,
REC0488,487,487,Benthic Habitat Maps for the Insular Shelf South of St. Thomas and St. John,Puerto Rico,GV,Ground Validation,Seaviewer Drop Camera,GV2011_045,2011-04-03,12:40:19,2011,4,18.24057223,-65.17869494,2065726.409,-7255659.131,2065726.409,-7255659.131,0.0,-31.60674858,31.607,https://nccospublicstor.blob.core.windows.net/biomapper/usviinsularshelf2017/videos/low/GV2011_045.mp4,Present,Absent,Absent,Absent,Present,Absent,Present,Present,Absent,Absent,Absent,,1,0,0,0,1,0,1,1,0,0,0,1,3,4,Pass,Pass,Pass,Pass,Pass,Pass,Pass,Pass,Pass,Pass,Pass,
REC0489,488,488,Benthic Habitat Maps for the Insular Shelf South of St. Thomas and St. John,Puerto Rico,GV,Ground Validation,Seaviewer Drop Camera,GV2011_046,2011-04-03,12:29:48,2011,4,18.23732954,-65.17425035,2065346.34,-7255164.362,2065346.339,-7255164.362,0.001,-31.161026,31.161,https://nccospublicstor.blob.core.windows.net/biomapper/usviinsularshelf2017/videos/low/GV2011_046.mp4,Present,Absent,Absent,Absent,Present,Absent,Present,Present,Absent,Absent,Absent,,1,0,0,0,1,0,1,1,0,0,0,1,3,4,Pass,Pass,Pass,Pass,Pass,Pass,Pass,Pass,Pass,Pass,Pass,
REC0490,489,489,Benthic Habitat Maps for the Insular Shelf South of St. Thomas and St. John,Puerto Rico,GV,Ground Validation,Seaviewer Drop Camera,GV2011_047,2011-04-03,12:57:51,2011,4,18.23062106,-65.1849837,2064560.074,-7256359.193,2064560.074,-7256359.193,0.0,-33.07637405,33.076,https://nccospublicstor.blob.core.windows.net/biomapper/usviinsularshelf2017/videos/low/GV2011_047.mp4,Present,Absent,Absent,Present,Present,Present,Present,Present,Absent,Absent,Absent,,1,0,0,1,1,1,1,1,0,0,0,2,4,6,Pass,Pass,Pass,Pass,Pass,Pass,Pass,Pass,Pass,Pass,Pass,
REC0491,490,490,Benthic Habitat Maps for the Insular Shelf South of St. Thomas and St. John,Puerto Rico,GV,Ground Validation,Seaviewer Drop Camera,GV2011_048,2011-04-03,13:09:41,2011,4,18.2274096,-65.19531196,2064183.686,-7257508.929,2064183.686,-7257508.929,0.001,-25.30610085,25.306,https://nccospublicstor.blob.core.windows.net/biomapper/usviinsularshelf2017/videos/low/GV2011_048.mp4,Present,Absent,Absent,Absent,Present,Absent,Present,Present,Absent,Absent,Absent,,1,0,0,0,1,0,1,1,0,0,0,1,3,4,Pass,Pass,Pass,Pass,Pass,Pass,Pass,Pass,Pass,Pass,Pass,
REC0492,491,491,Benthic Habitat Maps for the Insular Shelf South of St. Thomas and St. John,Puerto Rico,GV,Ground Validation,Seaviewer Drop Camera,GV2011_049,2011-04-03,13:21:21,2011,4,18.22476089,-65.18852652,2063873.259,-7256753.578,2063873.259,-7256753.578,0.0,-31.20022583,31.2,https://nccospublicstor.blob.core.windows.net/biomapper/usviinsularshelf2017/videos/low/GV2011_049.mp4,Present,Absent,Absent,Absent,Present,Present,Present,Present,Absent,Absent,Absent,,1,0,0,0,1,1,1,1,0,0,0,1,4,5,Pass,Pass,Pass,Pass,Pass,Pass,Pass,Pass,Pass,Pass,Pass,
REC0493,492,492,Benthic Habitat Maps for the Insular Shelf South of St. Thomas and St. John,Puerto Rico,GV,Ground Validation,Seaviewer Drop Camera,GV2011_050,2011-04-03,11:51:31,2011,4,18.23800557,-65.14996799,2065425.575,-7252461.262,2065425.575,-7252461.262,0.0,-36.4867897,36.487,https://nccospublicstor.blob.core.windows.net/biomapper/usviinsularshelf2017/videos/low/GV2011_050.mp4,Present,Absent,Absent,Absent,Present,Absent,Present,Present,Absent,Absent,Absent,,1,0,0,0,1,0,1,1,0,0,0,1,3,4,Pass,Pass,Pass,Pass,Pass,Pass,Pass,Pass,Pass,Pass,Pass,
REC0494,493,493,Benthic Habitat Maps for the Insular Shelf South of St. Thomas and St. John,Puerto Rico,GV,Ground Validation,Seaviewer Drop Camera,GV2011_051,2011-04-03,12:49:54,2011,4,18.23545823,-65.18188424,2065127.01,-7256014.162,2065127.01,-7256014.163,0.001,-32.69452667,32.695,https://nccospublicstor.blob.core.windows.net/biomapper/usviinsularshelf2017/videos/low/GV2011_051.mp4,Present,Absent,Absent,Present,Present,Present,Present,Present,Absent,Absent,Absent,,1,0,0,1,1,1,1,1,0,0,0,2,4,6,Pass,Pass,Pass,Pass,Pass,Pass,Pass,Pass,Pass,Pass,Pass,
REC0495,494,494,Benthic Habitat Maps for the Insular Shelf South of St. Thomas and St. John,Puerto Rico,GV,Ground Validation,Seaviewer Drop Camera,GV2011_052,2011-04-03,12:16:38,2011,4,18.23331563,-65.16646188,2064875.887,-7254297.353,2064875.887,-7254297.353,0.0,-37.43725586,37.437,https://nccospublicstor.blob.core.windows.net/biomapper/usviinsularshelf2017/videos/low/GV2011_052.mp4,Present,Absent,Absent,Absent,Present,Absent,Present,Present,Absent,Present,Absent,Cable,1,0,0,0,1,0,1,1,0,1,0,1,3,5,Pass,Pass,Pass,Pass,Pass,Pass,Pass,Pass,Pass,Pass,Pass,
REC0496,495,495,Benthic Habitat Maps for the Insular Shelf South of St. Thomas and St. John,Puerto Rico,GV,Ground Validation,Seaviewer Drop Camera,GV2011_053,2011-04-03,11:58:55,2011,4,18.2331905,-65.15415295,2064861.221,-7252927.129,2064861.221,-7252927.129,0.0,-37.20859909,37.209,https://nccospublicstor.blob.core.windows.net/biomapper/usviinsularshelf2017/videos/low/GV2011_053.mp4,Present,Absent,Absent,Absent,Present,Absent,Present,Present,Absent,Absent,Absent,,1,0,0,0,1,0,1,1,0,0,0,1,3,4,Pass,Pass,Pass,Pass,Pass,Pass,Pass,Pass,Pass,Pass,Pass,
REC0497,496,496,Benthic Habitat Maps for the Insular Shelf South of St. Thomas and St. John,Puerto Rico,GV,Ground Validation,Seaviewer Drop Camera,GV2011_054,2011-04-03,12:08:56,2011,4,18.23017254,-65.15980061,2064507.506,-7253555.824,2064507.506,-7253555.824,0.0,-36.21840668,36.218,https://nccospublicstor.blob.core.windows.net/biomapper/usviinsularshelf2017/videos/low/GV2011_054.mp4,Present,Absent,Absent,Absent,Present,Present,Present,Present,Absent,Absent,Absent,,1,0,0,0,1,1,1,1,0,0,0,1,4,5,Pass,Pass,Pass,Pass,Pass,Pass,Pass,Pass,Pass,Pass,Pass,
REC0498,497,497,Benthic Habitat Maps for the Insular Shelf South of St. Thomas and St. John,Puerto Rico,GV,Ground Validation,Seaviewer Drop Camera,GV2011_055,2011-04-03,12:04:24,2011,4,18.23159254,-65.15772866,2064673.934,-7253325.176,2064673.934,-7253325.176,0.0,-36.25719452,36.257,https://nccospublicstor.blob.core.windows.net/biomapper/usviinsularshelf2017/videos/low/GV2011_055.mp4,Present,Absent,Absent,Absent,Present,Absent,Present,Present,Absent,Absent,Absent,,1,0,0,0,1,0,1,1,0,0,0,1,3,4,Pass,Pass,Pass,Pass,Pass,Pass,Pass,Pass,Pass,Pass,Pass,
REC0499,498,498,Benthic Habitat Maps for the Insular Shelf South of St. Thomas and St. John,"St. Thomas, USVI",GV,Ground Validation,Seaviewer Drop Camera,GV2011_073,2011-03-31,14:25:29,2011,3,18.20616606,-64.86257477,2061694.089,-7220468.795,2061694.089,-7220468.795,0.0,-50.36545944,50.365,https://nccospublicstor.blob.core.windows.net/biomapper/usviinsularshelf2017/videos/low/GV2011_073.mp4,Absent,Present,Present,Absent,Present,Absent,Present,Present,Absent,Absent,Absent,,0,1,1,0,1,0,1,1,0,0,0,2,3,5,Pass,Pass,Pass,Pass,Pass,Pass,Pass,Pass,Pass,Pass,Pass,
REC0500,499,499,Benthic Habitat Maps for the Insular Shelf South of St. Thomas and St. John,"St. Thomas, USVI",GV,Ground Validation,Seaviewer Drop Camera,GV2011_082,2011-03-31,09:08:49,2011,3,18.26866932,-64.8302656,2069019.912,-7216872.155,2069019.912,-7216872.155,0.0,-33.17670822,33.177,https://nccospublicstor.blob.core.windows.net/biomapper/usviinsularshelf2017/videos/low/GV2011_082.mp4,Absent,Absent,Present,Absent,Absent,Absent,Present,Present,Absent,Absent,Absent,,0,0,1,0,0,0,1,1,0,0,0,1,2,3,Pass,Pass,Pass,Pass,Pass,Pass,Pass,Pass,Pass,Pass,Pass,
REC0501,500,500,Benthic Habitat Maps for the Insular Shelf South of St. Thomas and St. John,"St. Thomas, USVI",GV,Ground Validation,Seaviewer Drop Camera,GV2011_089,2011-04-13,07:43:38,2011,4,18.23845653,-64.86484567,2065478.431,-7220721.59,2065478.431,-7220721.59,0.0,-39.94623184,39.946,https://nccospublicstor.blob.core.windows.net/biomapper/usviinsularshelf2017/videos/low/GV2011_089.mp4,Present,Absent,Absent,Present,Present,Absent,Present,Present,Absent,Absent,Absent,,1,0,0,1,1,0,1,1,0,0,0,2,3,5,Pass,Pass,Pass,Pass,Pass,Pass,Pass,Pass,Pass,Pass,Pass,
REC0502,501,501,Benthic Habitat Maps for the Insular Shelf South of St. Thomas and St. John,"St. Thomas, USVI",GV,Ground Validation,Seaviewer Drop Camera,GV2011_090,2011-04-13,07:38:19,2011,4,18.23849496,-64.86156152,2065482.935,-7220356.001,2065482.935,-7220356.0,0.001,-38.60772324,38.608,https://nccospublicstor.blob.core.windows.net/biomapper/usviinsularshelf2017/videos/low/GV2011_090.mp4,Present,Absent,Absent,Absent,Present,Absent,Present,Present,Absent,Absent,Absent,,1,0,0,0,1,0,1,1,0,0,0,1,3,4,Pass,Pass,Pass,Pass,Pass,Pass,Pass,Pass,Pass,Pass,Pass,
REC0503,502,502,Benthic Habitat Maps for the Insular Shelf South of St. Thomas and St. John,"St. Thomas, USVI",GV,Ground Validation,Seaviewer Drop Camera,GV2011_098,2011-03-31,14:02:41,2011,3,18.20600998,-64.88565234,2061675.799,-7223037.778,2061675.798,-7223037.778,0.001,-45.86250305,45.863,https://nccospublicstor.blob.core.windows.net/biomapper/usviinsularshelf2017/videos/low/GV2011_098.mp4,Present,Absent,Absent,Absent,Present,Absent,Present,Present,Absent,Absent,Absent,,1,0,0,0,1,0,1,1,0,0,0,1,3,4,Pass,Pass,Pass,Pass,Pass,Pass,Pass,Pass,Pass,Pass,Pass,
REC0504,503,503,Benthic Habitat Maps for the Insular Shelf South of St. Thomas and St. John,"St. Thomas, USVI",GV,Ground Validation,Seaviewer Drop Camera,GV2011_103,2011-03-31,13:50:27,2011,3,18.20935143,-64.87836651,2062067.373,-7222226.723,2062067.373,-7222226.723,0.0,-48.55576324,48.556,https://nccospublicstor.blob.core.windows.net/biomapper/usviinsularshelf2017/videos/low/GV2011_103.mp4,Present,Absent,Absent,Absent,Present,Absent,Present,Present,Absent,Absent,Absent,,1,0,0,0,1,0,1,1,0,0,0,1,3,4,Pass,Pass,Pass,Pass,Pass,Pass,Pass,Pass,Pass,Pass,Pass,
REC0505,504,504,Benthic Habitat Maps for the Insular Shelf South of St. Thomas and St. John,"St. Thomas, USVI",GV,Ground Validation,Seaviewer Drop Camera,GV2011_104,2011-03-31,14:34:05,2011,3,18.21626789,-64.86884532,2062877.916,-7221166.829,2062877.916,-7221166.829,0.0,-44.55153275,44.552,https://nccospublicstor.blob.core.windows.net/biomapper/usviinsularshelf2017/videos/low/GV2011_104.mp4,Absent,Absent,Present,Absent,Absent,Absent,Present,Present,Absent,Absent,Absent,,0,0,1,0,0,0,1,1,0,0,0,1,2,3,Pass,Pass,Pass,Pass,Pass,Pass,Pass,Pass,Pass,Pass,Pass,
REC0506,505,505,Benthic Habitat Maps for the Insular Shelf South of St. Thomas and St. John,"St. Thomas, USVI",GV,Ground Validation,Seaviewer Drop Camera,GV2011_114_1,2011-04-01,13:51:50,2011,4,18.22646253,-65.0217728,2064072.69,-7238190.639,2064072.69,-7238190.639,0.001,-40.967556,40.968,https://nccospublicstor.blob.core.windows.net/biomapper/usviinsularshelf2017/videos/low/GV2011_114_1.mp4,Absent,Absent,Present,Absent,Absent,Absent,Present,Absent,Absent,Absent,Absent,,0,0,1,0,0,0,1,0,0,0,0,1,1,2,Pass,Pass,Pass,Pass,Pass,Pass,Pass,Pass,Pass,Pass,Pass,
REC0507,506,506,Benthic Habitat Maps for the Insular Shelf South of St. Thomas and St. John,"St. Thomas, USVI",GV,Ground Validation,Seaviewer Drop Camera,GV2011_114_2,2011-04-09,14:12:29,2011,4,18.22629929,-65.02129503,2064053.558,-7238137.453,2064053.558,-7238137.453,0.0,-40.68564987,40.686,https://nccospublicstor.blob.core.windows.net/biomapper/usviinsularshelf2017/videos/low/GV2011_114_2.mp4,Absent,Absent,Present,Present,Absent,Absent,Present,Present,Absent,Absent,Absent,,0,0,1,1,0,0,1,1,0,0,0,2,2,4,Pass,Pass,Pass,Pass,Pass,Pass,Pass,Pass,Pass,Pass,Pass,
REC0508,507,507,Benthic Habitat Maps for the Insular Shelf South of St. Thomas and St. John,"St. Thomas, USVI",GV,Ground Validation,Seaviewer Drop Camera,GV2011_115_1,2011-04-01,13:11:51,2011,4,18.20686189,-65.01596494,2061775.631,-7237544.111,2061775.631,-7237544.111,0.001,-46.12440491,46.124,https://nccospublicstor.blob.core.windows.net/biomapper/usviinsularshelf2017/videos/low/GV2011_115_1.mp4,Present,Absent,Absent,Absent,Present,Absent,Present,Present,Absent,Absent,Absent,,1,0,0,0,1,0,1,1,0,0,0,1,3,4,Pass,Pass,Pass,Pass,Pass,Pass,Pass,Pass,Pass,Pass,Pass,
REC0509,508,508,Benthic Habitat Maps for the Insular Shelf South of St. Thomas and St. John,"St. Thomas, USVI",GV,Ground Validation,Seaviewer Drop Camera,GV2011_115_2,2011-04-09,13:22:31,2011,4,18.2064609,-65.01572078,2061728.64,-7237516.931,2061728.64,-7237516.931,0.0,-46.33457565,46.335,https://nccospublicstor.blob.core.windows.net/biomapper/usviinsularshelf2017/videos/low/GV2011_115_2.mp4,Present,Absent,Absent,Absent,Present,Absent,Present,Present,Absent,Absent,Absent,,1,0,0,0,1,0,1,1,0,0,0,1,3,4,Pass,Pass,Pass,Pass,Pass,Pass,Pass,Pass,Pass,Pass,Pass,
REC0510,509,509,Benthic Habitat Maps for the Insular Shelf South of St. Thomas and St. John,"St. Thomas, USVI",GV,Ground Validation,Seaviewer Drop Camera,GV2011_116_1,2011-04-01,12:59:07,2011,4,18.2058556,-65.00437484,2061657.707,-7236253.906,2061657.707,-7236253.907,0.001,-51.85023117,51.85,https://nccospublicstor.blob.core.windows.net/biomapper/usviinsularshelf2017/videos/low/GV2011_116_1.mp4,Absent,Absent,Absent,Present,Absent,Absent,Present,Absent,Absent,Absent,Absent,,0,0,0,1,0,0,1,0,0,0,0,1,1,2,Pass,Pass,Pass,Pass,Pass,Pass,Pass,Pass,Pass,Pass,Pass,
REC0511,510,510,Benthic Habitat Maps for the Insular Shelf South of St. Thomas and St. John,"St. Thomas, USVI",GV,Ground Validation,Seaviewer Drop Camera,GV2011_116_2,2011-04-09,13:13:57,2011,4,18.20560386,-65.00430041,2061628.207,-7236245.621,2061628.207,-7236245.621,0.0,-52.05681992,52.057,https://nccospublicstor.blob.core.windows.net/biomapper/usviinsularshelf2017/videos/low/GV2011_116_2.mp4,Absent,Absent,Absent,Present,Absent,Absent,Present,Absent,Absent,Absent,Absent,,0,0,0,1,0,0,1,0,0,0,0,1,1,2,Pass,Pass,Pass,Pass,Pass,Pass,Pass,Pass,Pass,Pass,Pass,
REC0512,511,511,Benthic Habitat Maps for the Insular Shelf South of St. Thomas and St. John,"St. Thomas, USVI",GV,Ground Validation,Seaviewer Drop Camera,GV2011_117_1,2011-04-01,11:57:27,2011,4,18.20410536,-64.98757104,2061452.605,-7234383.316,2061452.605,-7234383.316,0.0,-55.43173599,55.432,https://nccospublicstor.blob.core.windows.net/biomapper/usviinsularshelf2017/videos/low/GV2011_117_1.mp4,Absent,Absent,Absent,Present,Absent,Absent,Absent,Absent,Absent,Absent,Absent,,0,0,0,1,0,0,0,0,0,0,0,1,0,1,Pass,Pass,Pass,Pass,Pass,Pass,Pass,Pass,Pass,Pass,Pass,
REC0513,512,512,Benthic Habitat Maps for the Insular Shelf South of St. Thomas and St. John,"St. Thomas, USVI",GV,Ground Validation,Seaviewer Drop Camera,GV2011_117_2,2011-04-09,12:22:28,2011,4,18.20344588,-64.98710992,2061375.324,-7234331.984,2061375.324,-7234331.984,0.001,-55.2810173,55.281,https://nccospublicstor.blob.core.windows.net/biomapper/usviinsularshelf2017/videos/low/GV2011_117_2.mp4,Absent,Present,Absent,Present,Absent,Present,Present,Present,Absent,Absent,Absent,,0,1,0,1,0,1,1,1,0,0,0,2,3,5,Pass,Pass,Pass,Pass,Pass,Pass,Pass,Pass,Pass,Pass,Pass,
REC0514,513,513,Benthic Habitat Maps for the Insular Shelf South of St. Thomas and St. John,"St. Thomas, USVI",GV,Ground Validation,Seaviewer Drop Camera,GV2011_118_1,2011-04-01,12:17:47,2011,4,18.20501693,-64.99444313,2061559.427,-7235148.314,2061559.427,-7235148.314,0.001,-46.37451172,46.375,https://nccospublicstor.blob.core.windows.net/biomapper/usviinsularshelf2017/videos/low/GV2011_118_1.mp4,Present,Absent,Absent,Absent,Present,Absent,Present,Present,Absent,Absent,Absent,,1,0,0,0,1,0,1,1,0,0,0,1,3,4,Pass,Pass,Pass,Pass,Pass,Pass,Pass,Pass,Pass,Pass,Pass,
REC0515,514,514,Benthic Habitat Maps for the Insular Shelf South of St. Thomas and St. John,"St. Thomas, USVI",GV,Ground Validation,Seaviewer Drop Camera,GV2011_118_2,2011-04-09,12:38:53,2011,4,18.2045224,-64.9943023,2061501.476,-7235132.637,2061501.476,-7235132.637,0.001,-45.65783691,45.658,https://nccospublicstor.blob.core.windows.net/biomapper/usviinsularshelf2017/videos/low/GV2011_118_2.mp4,Present,Absent,Absent,Present,Present,Present,Present,Present,Absent,Absent,Absent,,1,0,0,1,1,1,1,1,0,0,0,2,4,6,Pass,Pass,Pass,Pass,Pass,Pass,Pass,Pass,Pass,Pass,Pass,
REC0516,515,515,Benthic Habitat Maps for the Insular Shelf South of St. Thomas and St. John,"St. Thomas, USVI",GV,Ground Validation,Seaviewer Drop Camera,GV2011_119_1,2011-04-01,12:32:30,2011,4,18.20025778,-64.99421841,2061001.733,-7235123.298,2061001.733,-7235123.298,0.0,-52.24437714,52.244,https://nccospublicstor.blob.core.windows.net/biomapper/usviinsularshelf2017/videos/low/GV2011_119_1.mp4,Absent,Absent,Present,Present,Absent,Absent,Present,Present,Absent,Absent,Absent,,0,0,1,1,0,0,1,1,0,0,0,2,2,4,Pass,Pass,Pass,Pass,Pass,Pass,Pass,Pass,Pass,Pass,Pass,
REC0517,516,516,Benthic Habitat Maps for the Insular Shelf South of St. Thomas and St. John,"St. Thomas, USVI",GV,Ground Validation,Seaviewer Drop Camera,GV2011_119_2,2011-04-09,12:28:05,2011,4,18.20118385,-64.99369276,2061110.252,-7235064.783,2061110.252,-7235064.783,0.0,-47.3356514,47.336,https://nccospublicstor.blob.core.windows.net/biomapper/usviinsularshelf2017/videos/low/GV2011_119_2.mp4,Absent,Absent,Present,Present,Absent,Absent,Present,Present,Absent,Absent,Absent,,0,0,1,1,0,0,1,1,0,0,0,2,2,4,Pass,Pass,Pass,Pass,Pass,Pass,Pass,Pass,Pass,Pass,Pass,
REC0518,517,517,Benthic Habitat Maps for the Insular Shelf South of St. Thomas and St. John,"St. Thomas, USVI",GV,Ground Validation,Seaviewer Drop Camera,GV2011_122_1,2011-04-01,11:45:10,2011,4,18.20824686,-64.98659652,2061937.931,-7234274.833,2061937.931,-7234274.833,0.0,-46.30667877,46.307,https://nccospublicstor.blob.core.windows.net/biomapper/usviinsularshelf2017/videos/low/GV2011_122_1.mp4,Absent,Absent,Present,Present,Absent,Absent,Present,Present,Absent,Absent,Absent,,0,0,1,1,0,0,1,1,0,0,0,2,2,4,Pass,Pass,Pass,Pass,Pass,Pass,Pass,Pass,Pass,Pass,Pass,
REC0519,518,518,Benthic Habitat Maps for the Insular Shelf South of St. Thomas and St. John,"St. Thomas, USVI",GV,Ground Validation,Seaviewer Drop Camera,GV2011_122_2,2011-04-09,12:13:57,2011,4,18.20787414,-64.98644438,2061894.253,-7234257.897,2061894.253,-7234257.897,0.0,-46.47760773,46.478,https://nccospublicstor.blob.core.windows.net/biomapper/usviinsularshelf2017/videos/low/GV2011_122_2.mp4,Absent,Absent,Present,Present,Absent,Absent,Present,Present,Absent,Absent,Absent,,0,0,1,1,0,0,1,1,0,0,0,2,2,4,Pass,Pass,Pass,Pass,Pass,Pass,Pass,Pass,Pass,Pass,Pass,
REC0520,519,519,Benthic Habitat Maps for the Insular Shelf South of St. Thomas and St. John,"St. Thomas, USVI",GV,Ground Validation,Seaviewer Drop Camera,GV2011_123,2011-04-01,14:25:18,2011,4,18.25644418,-65.04927327,2067586.832,-7241251.977,2067586.832,-7241251.977,0.0,-35.3028183,35.303,https://nccospublicstor.blob.core.windows.net/biomapper/usviinsularshelf2017/videos/low/GV2011_123.mp4,Absent,Absent,Present,Present,Absent,Absent,Present,Present,Absent,Absent,Absent,Lionfish,0,0,1,1,0,0,1,1,0,0,0,2,2,4,Pass,Pass,Pass,Pass,Pass,Pass,Pass,Pass,Pass,Pass,Pass,
REC0521,520,520,Benthic Habitat Maps for the Insular Shelf South of St. Thomas and St. John,"St. Thomas, USVI",GV,Ground Validation,Seaviewer Drop Camera,GV2011_124,2011-03-31,12:37:18,2011,3,18.25871038,-64.90811636,2067852.478,-7225538.462,2067852.478,-7225538.462,0.001,-37.22680283,37.227,https://nccospublicstor.blob.core.windows.net/biomapper/usviinsularshelf2017/videos/low/GV2011_124.mp4,Absent,Absent,Present,Present,Absent,Absent,Present,Present,Absent,Absent,Absent,,0,0,1,1,0,0,1,1,0,0,0,2,2,4,Pass,Pass,Pass,Pass,Pass,Pass,Pass,Pass,Pass,Pass,Pass,
REC0522,521,521,Benthic Habitat Maps for the Insular Shelf South of St. Thomas and St. John,"St. Thomas, USVI",GV,Ground Validation,Seaviewer Drop Camera,GV2011_125,2011-03-31,12:27:20,2011,3,18.25881683,-64.89585877,2067864.956,-7224173.953,2067864.956,-7224173.953,0.0,-36.81237793,36.812,https://nccospublicstor.blob.core.windows.net/biomapper/usviinsularshelf2017/videos/low/GV2011_125.mp4,Absent,Absent,Present,Absent,Absent,Absent,Present,Present,Absent,Absent,Absent,,0,0,1,0,0,0,1,1,0,0,0,1,2,3,Pass,Pass,Pass,Pass,Pass,Pass,Pass,Pass,Pass,Pass,Pass,
REC0523,522,522,Benthic Habitat Maps for the Insular Shelf South of St. Thomas and St. John,"St. Thomas, USVI",GV,Ground Validation,Seaviewer Drop Camera,GV2011_126,2011-03-31,12:15:07,2011,3,18.25906747,-64.88354338,2067894.336,-7222803.01,2067894.336,-7222803.01,0.0,-37.93624878,37.936,https://nccospublicstor.blob.core.windows.net/biomapper/usviinsularshelf2017/videos/low/GV2011_126.mp4,Absent,Absent,Present,Present,Absent,Absent,Present,Present,Absent,Absent,Absent,,0,0,1,1,0,0,1,1,0,0,0,2,2,4,Pass,Pass,Pass,Pass,Pass,Pass,Pass,Pass,Pass,Pass,Pass,
REC0524,523,523,Benthic Habitat Maps for the Insular Shelf South of St. Thomas and St. John,"St. Thomas, USVI",GV,Ground Validation,Seaviewer Drop Camera,GV2011_127,2011-03-31,13:01:36,2011,3,18.26785338,-64.89197947,2068924.261,-7223742.111,2068924.261,-7223742.111,0.0,-29.93868256,29.939,https://nccospublicstor.blob.core.windows.net/biomapper/usviinsularshelf2017/videos/low/GV2011_127.mp4,Absent,Absent,Present,Present,Absent,Absent,Present,Present,Absent,Absent,Absent,,0,0,1,1,0,0,1,1,0,0,0,2,2,4,Pass,Pass,Pass,Pass,Pass,Pass,Pass,Pass,Pass,Pass,Pass,
REC0525,524,524,Benthic Habitat Maps for the Insular Shelf South of St. Thomas and St. John,"St. Thomas, USVI",GV,Ground Validation,Seaviewer Drop Camera,GV2011_128,2011-03-31,12:45:52,2011,3,18.26659461,-64.90726478,2068776.699,-7225443.664,2068776.699,-7225443.664,0.0,-29.7437706,29.744,https://nccospublicstor.blob.core.windows.net/biomapper/usviinsularshelf2017/videos/low/GV2011_128.mp4,Absent,Absent,Absent,Present,Absent,Absent,Present,Absent,Absent,Absent,Absent,,0,0,0,1,0,0,1,0,0,0,0,1,1,2,Pass,Pass,Pass,Pass,Pass,Pass,Pass,Pass,Pass,Pass,Pass,
REC0526,525,525,Benthic Habitat Maps for the Insular Shelf South of St. Thomas and St. John,"St. Thomas, USVI",GV,Ground Validation,Seaviewer Drop Camera,GV2011_130_1,2011-04-01,12:51:42,2011,4,18.20857837,-65.00456874,2061976.78,-7236275.491,2061976.78,-7236275.491,0.0,-46.49858093,46.499,https://nccospublicstor.blob.core.windows.net/biomapper/usviinsularshelf2017/videos/low/GV2011_130_1.mp4,Present,Absent,Absent,Present,Present,Absent,Present,Present,Absent,Absent,Absent,,1,0,0,1,1,0,1,1,0,0,0,2,3,5,Pass,Pass,Pass,Pass,Pass,Pass,Pass,Pass,Pass,Pass,Pass,
REC0527,526,526,Benthic Habitat Maps for the Insular Shelf South of St. Thomas and St. John,"St. Thomas, USVI",GV,Ground Validation,Seaviewer Drop Camera,GV2011_130_2,2011-04-09,13:07:10,2011,4,18.20818603,-65.00442631,2061930.802,-7236259.636,2061930.802,-7236259.636,0.0,-45.04117966,45.041,https://nccospublicstor.blob.core.windows.net/biomapper/usviinsularshelf2017/videos/low/GV2011_130_2.mp4,Present,Absent,Absent,Absent,Present,Absent,Present,Present,Absent,Absent,Absent,,1,0,0,0,1,0,1,1,0,0,0,1,3,4,Pass,Pass,Pass,Pass,Pass,Pass,Pass,Pass,Pass,Pass,Pass,
REC0528,527,527,Benthic Habitat Maps for the Insular Shelf South of St. Thomas and St. John,"St. Thomas, USVI",GV,Ground Validation,Seaviewer Drop Camera,GV2011_131_1,2011-04-01,13:31:14,2011,4,18.21655084,-65.01951093,2062911.076,-7237938.848,2062911.076,-7237938.848,0.0,-40.38983154,40.39,https://nccospublicstor.blob.core.windows.net/biomapper/usviinsularshelf2017/videos/low/GV2011_131_1.mp4,Present,Absent,Absent,Present,Present,Present,Present,Present,Absent,Absent,Absent,,1,0,0,1,1,1,1,1,0,0,0,2,4,6,Pass,Pass,Pass,Pass,Pass,Pass,Pass,Pass,Pass,Pass,Pass,
REC0529,528,528,Benthic Habitat Maps for the Insular Shelf South of St. Thomas and St. John,"St. Thomas, USVI",GV,Ground Validation,Seaviewer Drop Camera,GV2011_131_2,2011-04-09,13:38:03,2011,4,18.21617292,-65.0192627,2062866.786,-7237911.215,2062866.787,-7237911.216,0.001,-41.73599625,41.736,https://nccospublicstor.blob.core.windows.net/biomapper/usviinsularshelf2017/videos/low/GV2011_131_2.mp4,Present,Absent,Absent,Present,Present,Absent,Present,Present,Absent,Absent,Absent,,1,0,0,1,1,0,1,1,0,0,0,2,3,5,Pass,Pass,Pass,Pass,Pass,Pass,Pass,Pass,Pass,Pass,Pass,
REC0530,529,529,Benthic Habitat Maps for the Insular Shelf South of St. Thomas and St. John,"St. Thomas, USVI",GV,Ground Validation,Seaviewer Drop Camera,GV2011_137,2011-03-31,14:15:56,2011,3,18.20441928,-64.87082997,2061489.392,-7221387.76,2061489.392,-7221387.76,0.0,-50.95684814,50.957,https://nccospublicstor.blob.core.windows.net/biomapper/usviinsularshelf2017/videos/low/GV2011_137.mp4,Absent,Absent,Present,Absent,Present,Absent,Present,Present,Absent,Absent,Absent,,0,0,1,0,1,0,1,1,0,0,0,1,3,4,Pass,Pass,Pass,Pass,Pass,Pass,Pass,Pass,Pass,Pass,Pass,
REC0531,530,530,Benthic Habitat Maps for the Insular Shelf South of St. Thomas and St. John,"St. Thomas, USVI",GV,Ground Validation,Seaviewer Drop Camera,GV2011_138,2011-03-31,14:41:31,2011,3,18.21944398,-64.862998,2063250.135,-7220515.909,2063250.135,-7220515.909,0.001,-46.52441025,46.524,https://nccospublicstor.blob.core.windows.net/biomapper/usviinsularshelf2017/videos/low/GV2011_138.mp4,Absent,Present,Present,Absent,Absent,Absent,Present,Present,Absent,Absent,Absent,,0,1,1,0,0,0,1,1,0,0,0,2,2,4,Pass,Pass,Pass,Pass,Pass,Pass,Pass,Pass,Pass,Pass,Pass,
REC0532,531,531,Benthic Habitat Maps for the Insular Shelf South of St. Thomas and St. John,"St. Thomas, USVI",GV,Ground Validation,Seaviewer Drop Camera,GV2011_163,2011-03-31,09:26:22,2011,3,18.27391281,-64.85052899,2069634.606,-7219127.865,2069634.606,-7219127.865,0.0,-23.45795441,23.458,https://nccospublicstor.blob.core.windows.net/biomapper/usviinsularshelf2017/videos/low/GV2011_163.mp4,Present,Absent,Absent,Present,Present,Present,Present,Present,Absent,Absent,Absent,,1,0,0,1,1,1,1,1,0,0,0,2,4,6,Pass,Pass,Pass,Pass,Pass,Pass,Pass,Pass,Pass,Pass,Pass,
REC0533,532,532,Benthic Habitat Maps for the Insular Shelf South of St. Thomas and St. John,"St. John, USVI",GV,Ground Validation,Seaviewer Drop Camera,GV2011_168,2011-04-02,12:11:52,2011,4,18.22360829,-64.6897875,2063738.177,-7201234.204,2063738.176,-7201234.204,0.001,-32.19537735,32.195,https://nccospublicstor.blob.core.windows.net/biomapper/usviinsularshelf2017/videos/low/GV2011_168.mp4,Absent,Present,Absent,Absent,Present,Present,Present,Present,Absent,Absent,Absent,Turtle,0,1,0,0,1,1,1,1,0,0,0,1,4,5,Pass,Pass,Pass,Pass,Pass,Pass,Pass,Pass,Pass,Pass,Pass,
REC0534,533,533,Benthic Habitat Maps for the Insular Shelf South of St. Thomas and St. John,"St. John, USVI",GV,Ground Validation,Seaviewer Drop Camera,GV2011_169,2011-04-02,12:19:35,2011,4,18.22152526,-64.69267331,2063494.052,-7201555.451,2063494.052,-7201555.451,0.0,-50.19898224,50.199,https://nccospublicstor.blob.core.windows.net/biomapper/usviinsularshelf2017/videos/low/GV2011_169.mp4,Absent,Absent,Present,Present,Absent,Absent,Present,Present,Absent,Absent,Absent,,0,0,1,1,0,0,1,1,0,0,0,2,2,4,Pass,Pass,Pass,Pass,Pass,Pass,Pass,Pass,Pass,Pass,Pass,
REC0535,534,534,Benthic Habitat Maps for the Insular Shelf South of St. Thomas and St. John,"St. John, USVI",GV,Ground Validation,Seaviewer Drop Camera,GV2011_170,2011-04-02,12:03:56,2011,4,18.22035419,-64.68722137,2063356.807,-7200948.544,2063356.807,-7200948.544,0.0,-55.27718735,55.277,https://nccospublicstor.blob.core.windows.net/biomapper/usviinsularshelf2017/videos/low/GV2011_170.mp4,Absent,Present,Present,Absent,Absent,Absent,Present,Present,Absent,Absent,Absent,,0,1,1,0,0,0,1,1,0,0,0,2,2,4,Pass,Pass,Pass,Pass,Pass,Pass,Pass,Pass,Pass,Pass,Pass,
REC0536,535,535,Benthic Habitat Maps for the Insular Shelf South of St. Thomas and St. John,"St. John, USVI",GV,Ground Validation,Seaviewer Drop Camera,GV2011_171,2011-04-02,12:39:41,2011,4,18.23121332,-64.69634872,2064629.488,-7201964.596,2064629.488,-7201964.596,0.0,-53.62720871,53.627,https://nccospublicstor.blob.core.windows.net/biomapper/usviinsularshelf2017/videos/low/GV2011_171.mp4,Absent,Present,Present,Absent,Present,Absent,Present,Present,Absent,Absent,Absent,,0,1,1,0,1,0,1,1,0,0,0,2,3,5,Pass,Pass,Pass,Pass,Pass,Pass,Pass,Pass,Pass,Pass,Pass,
REC0537,536,536,Benthic Habitat Maps for the Insular Shelf South of St. Thomas and St. John,"St. John, USVI",GV,Ground Validation,Seaviewer Drop Camera,GV2011_173,2011-04-02,14:35:12,2011,4,18.2468841,-64.71317382,2066466.232,-7203837.557,2066466.231,-7203837.557,0.001,-47.33800888,47.338,https://nccospublicstor.blob.core.windows.net/biomapper/usviinsularshelf2017/videos/low/GV2011_173.mp4,Present,Absent,Present,Present,Present,Absent,Present,Present,Absent,Absent,Absent,,1,0,1,1,1,0,1,1,0,0,0,3,3,6,Pass,Pass,Pass,Pass,Pass,Pass,Pass,Pass,Pass,Pass,Pass,
REC0538,537,537,Benthic Habitat Maps for the Insular Shelf South of St. Thomas and St. John,"St. John, USVI",GV,Ground Validation,Seaviewer Drop Camera,GV2011_174,2011-04-02,14:14:41,2011,4,18.24467182,-64.69610359,2066206.924,-7201937.308,2066206.924,-7201937.308,0.0,-50.83077621,50.831,https://nccospublicstor.blob.core.windows.net/biomapper/usviinsularshelf2017/videos/low/GV2011_174.mp4,Absent,Absent,Present,Absent,Present,Absent,Present,Present,Absent,Absent,Absent,,0,0,1,0,1,0,1,1,0,0,0,1,3,4,Pass,Pass,Pass,Pass,Pass,Pass,Pass,Pass,Pass,Pass,Pass,
REC0539,538,538,Benthic Habitat Maps for the Insular Shelf South of St. Thomas and St. John,"St. John, USVI",GV,Ground Validation,Seaviewer Drop Camera,GV2011_175,2011-04-02,14:19:29,2011,4,18.24606593,-64.69866534,2066370.331,-7202222.481,2066370.331,-7202222.481,0.0,-45.90624237,45.906,https://nccospublicstor.blob.core.windows.net/biomapper/usviinsularshelf2017/videos/low/GV2011_175.mp4,Absent,Present,Absent,Absent,Present,Present,Present,Present,Absent,Absent,Absent,,0,1,0,0,1,1,1,1,0,0,0,1,4,5,Pass,Pass,Pass,Pass,Pass,Pass,Pass,Pass,Pass,Pass,Pass,
REC0540,539,539,Benthic Habitat Maps for the Insular Shelf South of St. Thomas and St. John,"St. John, USVI",GV,Ground Validation,Seaviewer Drop Camera,GV2011_176,2011-04-02,12:56:53,2011,4,18.23651939,-64.68603358,2065251.384,-7200816.32,2065251.384,-7200816.32,0.001,-54.75423431,54.754,https://nccospublicstor.blob.core.windows.net/biomapper/usviinsularshelf2017/videos/low/GV2011_176.mp4,Absent,Present,Present,Absent,Present,Absent,Present,Present,Absent,Absent,Absent,,0,1,1,0,1,0,1,1,0,0,0,2,3,5,Pass,Pass,Pass,Pass,Pass,Pass,Pass,Pass,Pass,Pass,Pass,
REC0541,540,540,Benthic Habitat Maps for the Insular Shelf South of St. Thomas and St. John,"St. John, USVI",GV,Ground Validation,Seaviewer Drop Camera,GV2011_177,2011-04-02,12:28:15,2011,4,18.22561582,-64.69153132,2063973.456,-7201428.325,2063973.456,-7201428.325,0.0,-48.50979996,48.51,https://nccospublicstor.blob.core.windows.net/biomapper/usviinsularshelf2017/videos/low/GV2011_177.mp4,Absent,Absent,Present,Absent,Present,Absent,Present,Present,Absent,Absent,Absent,,0,0,1,0,1,0,1,1,0,0,0,1,3,4,Pass,Pass,Pass,Pass,Pass,Pass,Pass,Pass,Pass,Pass,Pass,
REC0542,541,541,Benthic Habitat Maps for the Insular Shelf South of St. Thomas and St. John,"St. John, USVI",GV,Ground Validation,Seaviewer Drop Camera,GV2011_178,2011-04-02,11:40:10,2011,4,18.22652334,-64.67567899,2064079.817,-7199663.652,2064079.817,-7199663.652,0.0,-53.79509354,53.795,https://nccospublicstor.blob.core.windows.net/biomapper/usviinsularshelf2017/videos/low/GV2011_178.mp4,Absent,Present,Present,Absent,Present,Absent,Present,Present,Absent,Absent,Absent,,0,1,1,0,1,0,1,1,0,0,0,2,3,5,Pass,Pass,Pass,Pass,Pass,Pass,Pass,Pass,Pass,Pass,Pass,
REC0543,542,542,Benthic Habitat Maps for the Insular Shelf South of St. Thomas and St. John,"St. John, USVI",GV,Ground Validation,Seaviewer Drop Camera,GV2011_179,2011-04-02,11:23:57,2011,4,18.2305846,-64.66570388,2064555.801,-7198553.228,2064555.801,-7198553.228,0.0,-52.41914749,52.419,https://nccospublicstor.blob.core.windows.net/biomapper/usviinsularshelf2017/videos/low/GV2011_179.mp4,Absent,Present,Present,Absent,Absent,Absent,Present,Present,Absent,Absent,Absent,,0,1,1,0,0,0,1,1,0,0,0,2,2,4,Pass,Pass,Pass,Pass,Pass,Pass,Pass,Pass,Pass,Pass,Pass,
REC0544,543,543,Benthic Habitat Maps for the Insular Shelf South of St. Thomas and St. John,"St. John, USVI",GV,Ground Validation,Seaviewer Drop Camera,GV2011_180,2011-04-02,11:14:14,2011,4,18.23479805,-64.66790941,2065049.633,-7198798.746,2065049.633,-7198798.746,0.0,-52.07831955,52.078,https://nccospublicstor.blob.core.windows.net/biomapper/usviinsularshelf2017/videos/low/GV2011_180.mp4,Absent,Present,Present,Absent,Present,Absent,Present,Present,Absent,Absent,Absent,,0,1,1,0,1,0,1,1,0,0,0,2,3,5,Pass,Pass,Pass,Pass,Pass,Pass,Pass,Pass,Pass,Pass,Pass,
REC0545,544,544,Benthic Habitat Maps for the Insular Shelf South of St. Thomas and St. John,"St. John, USVI",GV,Ground Validation,Seaviewer Drop Camera,GV2011_181,2011-04-02,10:30:20,2011,4,18.24931729,-64.6658246,2066751.436,-7198566.666,2066751.436,-7198566.666,0.0,-46.05078125,46.051,https://nccospublicstor.blob.core.windows.net/biomapper/usviinsularshelf2017/videos/low/GV2011_181.mp4,Present,Absent,Absent,Absent,Present,Absent,Present,Present,Absent,Absent,Absent,,1,0,0,0,1,0,1,1,0,0,0,1,3,4,Pass,Pass,Pass,Pass,Pass,Pass,Pass,Pass,Pass,Pass,Pass,
REC0546,545,545,Benthic Habitat Maps for the Insular Shelf South of St. Thomas and St. John,"St. John, USVI",GV,Ground Validation,Seaviewer Drop Camera,GV2011_182,2011-04-02,10:52:49,2011,4,18.24298053,-64.65844357,2066008.686,-7197745.014,2066008.686,-7197745.014,0.0,-50.30671692,50.307,https://nccospublicstor.blob.core.windows.net/biomapper/usviinsularshelf2017/videos/low/GV2011_182.mp4,Absent,Present,Present,Absent,Present,Absent,Present,Present,Absent,Absent,Absent,,0,1,1,0,1,0,1,1,0,0,0,2,3,5,Pass,Pass,Pass,Pass,Pass,Pass,Pass,Pass,Pass,Pass,Pass,
REC0547,546,546,Benthic Habitat Maps for the Insular Shelf South of St. Thomas and St. John,"St. John, USVI",GV,Ground Validation,Seaviewer Drop Camera,GV2011_183,2011-04-02,13:36:40,2011,4,18.24276909,-64.66537189,2065983.903,-7198516.271,2065983.903,-7198516.271,0.0,-46.2349472,46.235,https://nccospublicstor.blob.core.windows.net/biomapper/usviinsularshelf2017/videos/low/GV2011_183.mp4,Absent,Present,Absent,Absent,Present,Present,Present,Present,Absent,Absent,Absent,,0,1,0,0,1,1,1,1,0,0,0,1,4,5,Pass,Pass,Pass,Pass,Pass,Pass,Pass,Pass,Pass,Pass,Pass,
REC0548,547,547,Benthic Habitat Maps for the Insular Shelf South of St. Thomas and St. John,"St. John, USVI",GV,Ground Validation,Seaviewer Drop Camera,GV2011_184,2011-04-02,10:02:38,2011,4,18.25996511,-64.66659374,2067999.559,-7198652.287,2067999.559,-7198652.286,0.001,-42.22426605,42.224,https://nccospublicstor.blob.core.windows.net/biomapper/usviinsularshelf2017/videos/low/GV2011_184.mp4,Present,Absent,Absent,Present,Present,Present,Present,Present,Absent,Absent,Absent,,1,0,0,1,1,1,1,1,0,0,0,2,4,6,Pass,Pass,Pass,Pass,Pass,Pass,Pass,Pass,Pass,Pass,Pass,
REC0549,548,548,Benthic Habitat Maps for the Insular Shelf South of St. Thomas and St. John,"St. John, USVI",GV,Ground Validation,Seaviewer Drop Camera,GV2011_185,2011-04-02,09:51:53,2011,4,18.26401701,-64.66026828,2068474.538,-7197948.139,2068474.538,-7197948.139,0.001,-44.71843719,44.718,https://nccospublicstor.blob.core.windows.net/biomapper/usviinsularshelf2017/videos/low/GV2011_185.mp4,Absent,Absent,Present,Absent,Absent,Absent,Present,Absent,Absent,Absent,Absent,,0,0,1,0,0,0,1,0,0,0,0,1,1,2,Pass,Pass,Pass,Pass,Pass,Pass,Pass,Pass,Pass,Pass,Pass,
REC0550,549,549,Benthic Habitat Maps for the Insular Shelf South of St. Thomas and St. John,"St. John, USVI",GV,Ground Validation,Seaviewer Drop Camera,GV2011_186,2011-04-02,11:03:22,2011,4,18.23768507,-64.66009989,2065388.01,-7197929.394,2065388.01,-7197929.394,0.0,-50.95340347,50.953,https://nccospublicstor.blob.core.windows.net/biomapper/usviinsularshelf2017/videos/low/GV2011_186.mp4,Absent,Present,Present,Absent,Present,Absent,Present,Present,Absent,Absent,Absent,,0,1,1,0,1,0,1,1,0,0,0,2,3,5,Pass,Pass,Pass,Pass,Pass,Pass,Pass,Pass,Pass,Pass,Pass,
REC0551,550,550,Benthic Habitat Maps for the Insular Shelf South of St. Thomas and St. John,"St. John, USVI",GV,Ground Validation,Seaviewer Drop Camera,GV2011_187,2011-04-02,14:27:40,2011,4,18.24589576,-64.70593437,2066350.385,-7203031.665,2066350.385,-7203031.665,0.0,-47.1803627,47.18,https://nccospublicstor.blob.core.windows.net/biomapper/usviinsularshelf2017/videos/low/GV2011_187.mp4,Absent,Present,Present,Present,Absent,Absent,Present,Present,Absent,Absent,Absent,,0,1,1,1,0,0,1,1,0,0,0,3,2,5,Pass,Pass,Pass,Pass,Pass,Pass,Pass,Pass,Pass,Pass,Pass,
REC0552,551,551,Benthic Habitat Maps for the Insular Shelf South of St. Thomas and St. John,"St. John, USVI",GV,Ground Validation,Seaviewer Drop Camera,GV2011_188,2011-04-02,10:10:21,2011,4,18.25710938,-64.66956685,2067664.807,-7198983.252,2067664.807,-7198983.252,0.0,-46.48078918,46.481,https://nccospublicstor.blob.core.windows.net/biomapper/usviinsularshelf2017/videos/low/GV2011_188.mp4,Absent,Absent,Present,Absent,Present,Absent,Present,Present,Absent,Absent,Absent,,0,0,1,0,1,0,1,1,0,0,0,1,3,4,Pass,Pass,Pass,Pass,Pass,Pass,Pass,Pass,Pass,Pass,Pass,
REC0553,552,552,Benthic Habitat Maps for the Insular Shelf South of St. Thomas and St. John,"St. John, USVI",GV,Ground Validation,Seaviewer Drop Camera,GV2011_189,2011-04-02,13:14:31,2011,4,18.24271263,-64.67912263,2065977.285,-7200046.996,2065977.285,-7200046.996,0.0,-52.00257111,52.003,https://nccospublicstor.blob.core.windows.net/biomapper/usviinsularshelf2017/videos/low/GV2011_189.mp4,Absent,Absent,Present,Absent,Present,Absent,Present,Present,Absent,Absent,Absent,,0,0,1,0,1,0,1,1,0,0,0,1,3,4,Pass,Pass,Pass,Pass,Pass,Pass,Pass,Pass,Pass,Pass,Pass,
REC0554,553,553,Benthic Habitat Maps for the Insular Shelf South of St. Thomas and St. John,"St. John, USVI",GV,Ground Validation,Seaviewer Drop Camera,GV2011_190,2011-04-02,13:45:26,2011,4,18.2474235,-64.67156752,2066529.457,-7199205.965,2066529.456,-7199205.965,0.001,-50.53902435,50.539,https://nccospublicstor.blob.core.windows.net/biomapper/usviinsularshelf2017/videos/low/GV2011_190.mp4,Absent,Absent,Present,Absent,Present,Absent,Present,Present,Absent,Absent,Absent,,0,0,1,0,1,0,1,1,0,0,0,1,3,4,Pass,Pass,Pass,Pass,Pass,Pass,Pass,Pass,Pass,Pass,Pass,
REC0555,554,554,Benthic Habitat Maps for the Insular Shelf South of St. Thomas and St. John,"St. John, USVI",GV,Ground Validation,Seaviewer Drop Camera,GV2011_191,2011-04-02,13:53:01,2011,4,18.25070969,-64.67727621,2066914.647,-7199841.454,2066914.647,-7199841.454,0.0,-42.94796753,42.948,https://nccospublicstor.blob.core.windows.net/biomapper/usviinsularshelf2017/videos/low/GV2011_191.mp4,Absent,Present,Absent,Absent,Present,Absent,Present,Present,Absent,Absent,Absent,,0,1,0,0,1,0,1,1,0,0,0,1,3,4,Pass,Pass,Pass,Pass,Pass,Pass,Pass,Pass,Pass,Pass,Pass,
REC0556,555,555,Benthic Habitat Maps for the Insular Shelf South of St. Thomas and St. John,"St. John, USVI",GV,Ground Validation,Seaviewer Drop Camera,GV2011_192,2011-04-02,14:01:03,2011,4,18.24825816,-64.68278818,2066627.29,-7200455.043,2066627.29,-7200455.043,0.0,-41.31626892,41.316,https://nccospublicstor.blob.core.windows.net/biomapper/usviinsularshelf2017/videos/low/GV2011_192.mp4,Present,Absent,Absent,Present,Present,Absent,Present,Present,Absent,Absent,Absent,,1,0,0,1,1,0,1,1,0,0,0,2,3,5,Pass,Pass,Pass,Pass,Pass,Pass,Pass,Pass,Pass,Pass,Pass,
REC0557,556,556,Benthic Habitat Maps for the Insular Shelf South of St. Thomas and St. John,"St. John, USVI",GV,Ground Validation,Seaviewer Drop Camera,GV2011_193,2011-04-02,11:49:18,2011,4,18.23003753,-64.68140441,2064491.683,-7200301.003,2064491.683,-7200301.003,0.0,-48.83527756,48.835,https://nccospublicstor.blob.core.windows.net/biomapper/usviinsularshelf2017/videos/low/GV2011_193.mp4,Absent,Absent,Present,Absent,Present,Absent,Present,Present,Absent,Absent,Absent,,0,0,1,0,1,0,1,1,0,0,0,1,3,4,Pass,Pass,Pass,Pass,Pass,Pass,Pass,Pass,Pass,Pass,Pass,
REC0558,557,557,Benthic Habitat Maps for the Insular Shelf South of St. Thomas and St. John,"St. John, USVI",GV,Ground Validation,Seaviewer Drop Camera,GV2011_194,2011-04-02,11:30:25,2011,4,18.22977846,-64.66952449,2064461.319,-7198978.536,2064461.319,-7198978.536,0.0,-53.61642075,53.616,https://nccospublicstor.blob.core.windows.net/biomapper/usviinsularshelf2017/videos/low/GV2011_194.mp4,Absent,Absent,Present,Absent,Absent,Absent,Present,Present,Absent,Absent,Absent,,0,0,1,0,0,0,1,1,0,0,0,1,2,3,Pass,Pass,Pass,Pass,Pass,Pass,Pass,Pass,Pass,Pass,Pass,
REC0559,558,558,Benthic Habitat Maps for the Insular Shelf South of St. Thomas and St. John,"St. Thomas, USVI",GV,Ground Validation,Seaviewer Drop Camera,GV2011_195_1,2011-04-03,11:18:09,2011,4,18.23019624,-65.13100189,2064510.284,-7250349.965,2064510.284,-7250349.965,0.0,-39.04337311,39.043,https://nccospublicstor.blob.core.windows.net/biomapper/usviinsularshelf2017/videos/low/GV2011_195_1.mp4,Present,Absent,Absent,Absent,Present,Absent,Present,Present,Absent,Absent,Absent,,1,0,0,0,1,0,1,1,0,0,0,1,3,4,Pass,Pass,Pass,Pass,Pass,Pass,Pass,Pass,Pass,Pass,Pass,
REC0560,559,559,Benthic Habitat Maps for the Insular Shelf South of St. Thomas and St. John,"St. Thomas, USVI",GV,Ground Validation,Seaviewer Drop Camera,GV2011_195_2,2011-04-10,08:10:58,2011,4,18.26524352,-64.91596172,2068618.316,-7226411.803,2068618.316,-7226411.803,0.0,-32.05917358,32.059,https://nccospublicstor.blob.core.windows.net/biomapper/usviinsularshelf2017/videos/low/GV2011_195_2.mp4,Present,Absent,Absent,Present,Present,Present,Present,Present,Absent,Absent,Absent,School of Grunt,1,0,0,1,1,1,1,1,0,0,0,2,4,6,Pass,Pass,Pass,Pass,Pass,Pass,Pass,Pass,Pass,Pass,Pass,
REC0561,560,560,Benthic Habitat Maps for the Insular Shelf South of St. Thomas and St. John,Puerto Rico,GV,Ground Validation,Seaviewer Drop Camera,GV2011_196_1,2011-04-03,11:26:28,2011,4,18.23273054,-65.1366262,2064807.312,-7250976.061,2064807.312,-7250976.061,0.001,-31.78404236,31.784,https://nccospublicstor.blob.core.windows.net/biomapper/usviinsularshelf2017/videos/low/GV2011_196_1.mp4,Present,Absent,Absent,Absent,Present,Present,Present,Present,Absent,Absent,Absent,,1,0,0,0,1,1,1,1,0,0,0,1,4,5,Pass,Pass,Pass,Pass,Pass,Pass,Pass,Pass,Pass,Pass,Pass,
REC0562,561,561,Benthic Habitat Maps for the Insular Shelf South of St. Thomas and St. John,"St. Thomas, USVI",GV,Ground Validation,Seaviewer Drop Camera,GV2011_196_2,2011-04-10,08:18:48,2011,4,18.26029141,-64.91967818,2068037.809,-7226825.518,2068037.809,-7226825.517,0.001,-34.29069138,34.291,https://nccospublicstor.blob.core.windows.net/biomapper/usviinsularshelf2017/videos/low/GV2011_196_2.mp4,Absent,Absent,Present,Absent,Absent,Absent,Present,Present,Absent,Absent,Absent,,0,0,1,0,0,0,1,1,0,0,0,1,2,3,Pass,Pass,Pass,Pass,Pass,Pass,Pass,Pass,Pass,Pass,Pass,
REC0563,562,562,Benthic Habitat Maps for the Insular Shelf South of St. Thomas and St. John,Puerto Rico,GV,Ground Validation,Seaviewer Drop Camera,GV2011_197_1,2011-04-03,11:35:49,2011,4,18.23904819,-65.14202824,2065547.778,-7251577.413,2065547.778,-7251577.413,0.0,-29.80871201,29.809,https://nccospublicstor.blob.core.windows.net/biomapper/usviinsularshelf2017/videos/low/GV2011_197_1.mp4,Present,Absent,Absent,Absent,Present,Absent,Present,Present,Absent,Absent,Absent,,1,0,0,0,1,0,1,1,0,0,0,1,3,4,Pass,Pass,Pass,Pass,Pass,Pass,Pass,Pass,Pass,Pass,Pass,
REC0564,563,563,Benthic Habitat Maps for the Insular Shelf South of St. Thomas and St. John,"St. Thomas, USVI",GV,Ground Validation,Seaviewer Drop Camera,GV2011_197_2,2011-04-10,08:25:03,2011,4,18.25587567,-64.92232672,2067520.192,-7227120.352,2067520.192,-7227120.352,0.001,-38.67084503,38.671,https://nccospublicstor.blob.core.windows.net/biomapper/usviinsularshelf2017/videos/low/GV2011_197_2.mp4,Absent,Absent,Present,Absent,Absent,Absent,Present,Present,Absent,Absent,Absent,,0,0,1,0,0,0,1,1,0,0,0,1,2,3,Pass,Pass,Pass,Pass,Pass,Pass,Pass,Pass,Pass,Pass,Pass,
REC0565,564,564,Benthic Habitat Maps for the Insular Shelf South of St. Thomas and St. John,Puerto Rico,GV,Ground Validation,Seaviewer Drop Camera,GV2011_198_1,2011-04-03,11:43:28,2011,4,18.2425185,-65.14497619,2065954.531,-7251905.577,2065954.531,-7251905.577,0.0,-36.95172119,36.952,https://nccospublicstor.blob.core.windows.net/biomapper/usviinsularshelf2017/videos/low/GV2011_198_1.mp4,Present,Absent,Absent,Absent,Present,Absent,Present,Present,Absent,Absent,Absent,,1,0,0,0,1,0,1,1,0,0,0,1,3,4,Pass,Pass,Pass,Pass,Pass,Pass,Pass,Pass,Pass,Pass,Pass,
REC0566,565,565,Benthic Habitat Maps for the Insular Shelf South of St. Thomas and St. John,"St. Thomas, USVI",GV,Ground Validation,Seaviewer Drop Camera,GV2011_198_2,2011-04-10,08:37:30,2011,4,18.25144763,-64.9253736,2067001.146,-7227459.529,2067001.146,-7227459.529,0.001,-39.20214462,39.202,https://nccospublicstor.blob.core.windows.net/biomapper/usviinsularshelf2017/videos/low/GV2011_198_2.mp4,Absent,Absent,Present,Present,Absent,Absent,Present,Present,Absent,Absent,Absent,,0,0,1,1,0,0,1,1,0,0,0,2,2,4,Pass,Pass,Pass,Pass,Pass,Pass,Pass,Pass,Pass,Pass,Pass,
REC0567,566,566,Benthic Habitat Maps for the Insular Shelf South of St. Thomas and St. John,"St. Thomas, USVI",GV,Ground Validation,Seaviewer Drop Camera,GV2011_199,2011-04-10,08:44:59,2011,4,18.24934591,-64.92732353,2066754.791,-7227676.594,2066754.791,-7227676.594,0.0,-39.85684586,39.857,https://nccospublicstor.blob.core.windows.net/biomapper/usviinsularshelf2017/videos/low/GV2011_199.mp4,Absent,Absent,Present,Present,Absent,Absent,Present,Present,Absent,Absent,Absent,,0,0,1,1,0,0,1,1,0,0,0,2,2,4,Pass,Pass,Pass,Pass,Pass,Pass,Pass,Pass,Pass,Pass,Pass,
REC0568,567,567,Benthic Habitat Maps for the Insular Shelf South of St. Thomas and St. John,"St. Thomas, USVI",GV,Ground Validation,Seaviewer Drop Camera,GV2011_200,2011-04-10,08:32:04,2011,4,18.25382908,-64.92469789,2067280.293,-7227384.309,2067280.293,-7227384.309,0.0,-39.5476265,39.548,https://nccospublicstor.blob.core.windows.net/biomapper/usviinsularshelf2017/videos/low/GV2011_200.mp4,Absent,Absent,Present,Present,Absent,Absent,Present,Present,Absent,Present,Absent,Wire or rope and trap??,0,0,1,1,0,0,1,1,0,1,0,2,2,5,Pass,Pass,Pass,Pass,Pass,Pass,Pass,Pass,Pass,Pass,Pass,
REC0569,568,568,Benthic Habitat Maps for the Insular Shelf South of St. Thomas and St. John,"St. Thomas, USVI",GV,Ground Validation,Seaviewer Drop Camera,GV2011_201,2011-04-10,08:52:27,2011,4,18.25120557,-64.93313548,2066972.772,-7228323.577,2066972.772,-7228323.577,0.0,-40.10274506,40.103,https://nccospublicstor.blob.core.windows.net/biomapper/usviinsularshelf2017/videos/low/GV2011_201.mp4,Absent,Absent,Absent,Present,Absent,Absent,Present,Present,Absent,Absent,Absent,,0,0,0,1,0,0,1,1,0,0,0,1,2,3,Pass,Pass,Pass,Pass,Pass,Pass,Pass,Pass,Pass,Pass,Pass,
REC0570,569,569,Benthic Habitat Maps for the Insular Shelf South of St. Thomas and St. John,"St. Thomas, USVI",GV,Ground Validation,Seaviewer Drop Camera,GV2011_202,2011-04-10,08:57:35,2011,4,18.25151387,-64.93408194,2067008.91,-7228428.937,2067008.91,-7228428.937,0.0,-39.87363052,39.874,https://nccospublicstor.blob.core.windows.net/biomapper/usviinsularshelf2017/videos/low/GV2011_202.mp4,Absent,Absent,Present,Present,Absent,Absent,Present,Present,Absent,Absent,Absent,,0,0,1,1,0,0,1,1,0,0,0,2,2,4,Pass,Pass,Pass,Pass,Pass,Pass,Pass,Pass,Pass,Pass,Pass,
REC0571,570,570,Benthic Habitat Maps for the Insular Shelf South of St. Thomas and St. John,"St. Thomas, USVI",GV,Ground Validation,Seaviewer Drop Camera,GV2011_203,2011-04-10,09:04:10,2011,4,18.25275395,-64.93650754,2067154.268,-7228698.953,2067154.268,-7228698.953,0.0,-39.62928391,39.629,https://nccospublicstor.blob.core.windows.net/biomapper/usviinsularshelf2017/videos/low/GV2011_203.mp4,Absent,Absent,Present,Present,Absent,Absent,Present,Present,Absent,Present,Absent,Trap,0,0,1,1,0,0,1,1,0,1,0,2,2,5,Pass,Pass,Pass,Pass,Pass,Pass,Pass,Pass,Pass,Pass,Pass,
REC0572,571,571,Benthic Habitat Maps for the Insular Shelf South of St. Thomas and St. John,"St. Thomas, USVI",GV,Ground Validation,Seaviewer Drop Camera,GV2011_204,2011-04-10,09:09:42,2011,4,18.25458513,-64.94132647,2067368.916,-7229235.394,2067368.916,-7229235.394,0.0,-40.05906296,40.059,https://nccospublicstor.blob.core.windows.net/biomapper/usviinsularshelf2017/videos/low/GV2011_204.mp4,Absent,Absent,Absent,Present,Absent,Absent,Present,Absent,Absent,Absent,Absent,,0,0,0,1,0,0,1,0,0,0,0,1,1,2,Pass,Pass,Pass,Pass,Pass,Pass,Pass,Pass,Pass,Pass,Pass,
REC0573,572,572,Benthic Habitat Maps for the Insular Shelf South of St. Thomas and St. John,"St. Thomas, USVI",GV,Ground Validation,Seaviewer Drop Camera,GV2011_205,2011-04-10,09:14:25,2011,4,18.2539964,-64.94250288,2067299.906,-7229366.351,2067299.906,-7229366.351,0.001,-40.04018021,40.04,https://nccospublicstor.blob.core.windows.net/biomapper/usviinsularshelf2017/videos/low/GV2011_205.mp4,Absent,Absent,Present,Present,Absent,Absent,Present,Present,Absent,Absent,Absent,,0,0,1,1,0,0,1,1,0,0,0,2,2,4,Pass,Pass,Pass,Pass,Pass,Pass,Pass,Pass,Pass,Pass,Pass,
REC0574,573,573,Benthic Habitat Maps for the Insular Shelf South of St. Thomas and St. John,"St. Thomas, USVI",GV,Ground Validation,Seaviewer Drop Camera,GV2011_206,2011-04-10,09:20:55,2011,4,18.2506255,-64.94671992,2066904.779,-7229835.79,2066904.779,-7229835.79,0.001,-40.01420593,40.014,https://nccospublicstor.blob.core.windows.net/biomapper/usviinsularshelf2017/videos/low/GV2011_206.mp4,Absent,Absent,Present,Present,Absent,Absent,Present,Present,Absent,Absent,Absent,,0,0,1,1,0,0,1,1,0,0,0,2,2,4,Pass,Pass,Pass,Pass,Pass,Pass,Pass,Pass,Pass,Pass,Pass,
REC0575,574,574,Benthic Habitat Maps for the Insular Shelf South of St. Thomas and St. John,"St. Thomas, USVI",GV,Ground Validation,Seaviewer Drop Camera,GV2011_207,2011-04-10,09:28:21,2011,4,18.24835856,-64.94893151,2066639.059,-7230081.983,2066639.059,-7230081.983,0.0,-40.37830734,40.378,https://nccospublicstor.blob.core.windows.net/biomapper/usviinsularshelf2017/videos/low/GV2011_207.mp4,Absent,Absent,Present,Present,Absent,Absent,Present,Present,Absent,Absent,Absent,,0,0,1,1,0,0,1,1,0,0,0,2,2,4,Pass,Pass,Pass,Pass,Pass,Pass,Pass,Pass,Pass,Pass,Pass,
REC0576,575,575,Benthic Habitat Maps for the Insular Shelf South of St. Thomas and St. John,"St. Thomas, USVI",GV,Ground Validation,Seaviewer Drop Camera,GV2011_208,2011-04-10,09:38:12,2011,4,18.24732476,-64.95009199,2066517.883,-7230211.167,2066517.883,-7230211.167,0.0,-40.62118149,40.621,https://nccospublicstor.blob.core.windows.net/biomapper/usviinsularshelf2017/videos/low/GV2011_208.mp4,Absent,Absent,Absent,Present,Absent,Absent,Present,Present,Absent,Absent,Absent,,0,0,0,1,0,0,1,1,0,0,0,1,2,3,Pass,Pass,Pass,Pass,Pass,Pass,Pass,Pass,Pass,Pass,Pass,
REC0577,576,576,Benthic Habitat Maps for the Insular Shelf South of St. Thomas and St. John,"St. Thomas, USVI",GV,Ground Validation,Seaviewer Drop Camera,GV2011_209,2011-04-10,11:11:59,2011,4,18.24304182,-64.95402062,2066015.87,-7230648.5,2066015.87,-7230648.5,0.001,-41.28564835,41.286,https://nccospublicstor.blob.core.windows.net/biomapper/usviinsularshelf2017/videos/low/GV2011_209.mp4,Absent,Absent,Present,Present,Absent,Absent,Present,Present,Absent,Absent,Absent,,0,0,1,1,0,0,1,1,0,0,0,2,2,4,Pass,Pass,Pass,Pass,Pass,Pass,Pass,Pass,Pass,Pass,Pass,
REC0578,577,577,Benthic Habitat Maps for the Insular Shelf South of St. Thomas and St. John,"St. Thomas, USVI",GV,Ground Validation,Seaviewer Drop Camera,GV2011_210,2011-04-10,11:21:25,2011,4,18.23734766,-64.9599497,2065348.463,-7231308.523,2065348.463,-7231308.523,0.001,-41.38624191,41.386,https://nccospublicstor.blob.core.windows.net/biomapper/usviinsularshelf2017/videos/low/GV2011_210.mp4,Absent,Absent,Present,Present,Absent,Absent,Present,Present,Absent,Absent,Absent,,0,0,1,1,0,0,1,1,0,0,0,2,2,4,Pass,Pass,Pass,Pass,Pass,Pass,Pass,Pass,Pass,Pass,Pass,
REC0579,578,578,Benthic Habitat Maps for the Insular Shelf South of St. Thomas and St. John,"St. Thomas, USVI",GV,Ground Validation,Seaviewer Drop Camera,GV2011_211,2011-04-10,11:28:05,2011,4,18.23474565,-64.96280215,2065043.492,-7231626.056,2065043.492,-7231626.056,0.0,-41.20160675,41.202,https://nccospublicstor.blob.core.windows.net/biomapper/usviinsularshelf2017/videos/low/GV2011_211.mp4,Absent,Absent,Present,Present,Absent,Absent,Present,Absent,Absent,Absent,Absent,,0,0,1,1,0,0,1,0,0,0,0,2,1,3,Pass,Pass,Pass,Pass,Pass,Pass,Pass,Pass,Pass,Pass,Pass,
REC0580,579,579,Benthic Habitat Maps for the Insular Shelf South of St. Thomas and St. John,"St. Thomas, USVI",GV,Ground Validation,Seaviewer Drop Camera,GV2011_212,2011-04-10,11:39:56,2011,4,18.23020697,-64.96788733,2064511.542,-7232192.135,2064511.542,-7232192.135,0.001,-41.67079926,41.671,https://nccospublicstor.blob.core.windows.net/biomapper/usviinsularshelf2017/videos/low/GV2011_212.mp4,Absent,Absent,Present,Present,Absent,Absent,Present,Present,Absent,Absent,Absent,,0,0,1,1,0,0,1,1,0,0,0,2,2,4,Pass,Pass,Pass,Pass,Pass,Pass,Pass,Pass,Pass,Pass,Pass,
REC0581,580,580,Benthic Habitat Maps for the Insular Shelf South of St. Thomas and St. John,"St. Thomas, USVI",GV,Ground Validation,Seaviewer Drop Camera,GV2011_213,2011-04-10,11:46:55,2011,4,18.22667042,-64.97069119,2064097.054,-7232504.26,2064097.054,-7232504.26,0.0,-41.22380066,41.224,https://nccospublicstor.blob.core.windows.net/biomapper/usviinsularshelf2017/videos/low/GV2011_213.mp4,Absent,Absent,Absent,Present,Absent,Absent,Present,Present,Absent,Absent,Absent,School of Grunt,0,0,0,1,0,0,1,1,0,0,0,1,2,3,Pass,Pass,Pass,Pass,Pass,Pass,Pass,Pass,Pass,Pass,Pass,
REC0582,581,581,Benthic Habitat Maps for the Insular Shelf South of St. Thomas and St. John,"St. Thomas, USVI",GV,Ground Validation,Seaviewer Drop Camera,GV2011_214,2011-04-10,11:52:37,2011,4,18.22976093,-64.97157919,2064459.265,-7232603.111,2064459.265,-7232603.111,0.001,-41.15323639,41.153,https://nccospublicstor.blob.core.windows.net/biomapper/usviinsularshelf2017/videos/low/GV2011_214.mp4,Absent,Absent,Present,Present,Absent,Absent,Present,Present,Absent,Absent,Absent,,0,0,1,1,0,0,1,1,0,0,0,2,2,4,Pass,Pass,Pass,Pass,Pass,Pass,Pass,Pass,Pass,Pass,Pass,
REC0583,582,582,Benthic Habitat Maps for the Insular Shelf South of St. Thomas and St. John,"St. Thomas, USVI",GV,Ground Validation,Seaviewer Drop Camera,GV2011_215,2011-04-10,11:57:36,2011,4,18.23209088,-64.97253208,2064732.341,-7232709.187,2064732.341,-7232709.187,0.0,-40.47203827,40.472,https://nccospublicstor.blob.core.windows.net/biomapper/usviinsularshelf2017/videos/low/GV2011_215.mp4,Absent,Absent,Present,Absent,Absent,Absent,Present,Present,Absent,Absent,Absent,,0,0,1,0,0,0,1,1,0,0,0,1,2,3,Pass,Pass,Pass,Pass,Pass,Pass,Pass,Pass,Pass,Pass,Pass,
REC0584,583,583,Benthic Habitat Maps for the Insular Shelf South of St. Thomas and St. John,"St. Thomas, USVI",GV,Ground Validation,Seaviewer Drop Camera,GV2011_216,2011-04-10,12:03:53,2011,4,18.23505398,-64.9739504,2065079.63,-7232867.073,2065079.63,-7232867.073,0.0,-40.22379684,40.224,https://nccospublicstor.blob.core.windows.net/biomapper/usviinsularshelf2017/videos/low/GV2011_216.mp4,Absent,Absent,Present,Present,Absent,Absent,Present,Present,Absent,Absent,Absent,,0,0,1,1,0,0,1,1,0,0,0,2,2,4,Pass,Pass,Pass,Pass,Pass,Pass,Pass,Pass,Pass,Pass,Pass,
REC0585,584,584,Benthic Habitat Maps for the Insular Shelf South of St. Thomas and St. John,"St. Thomas, USVI",GV,Ground Validation,Seaviewer Drop Camera,GV2011_217,2011-04-10,12:10:43,2011,4,18.23829137,-64.97521439,2065459.073,-7233007.78,2065459.073,-7233007.78,0.0,-39.36399078,39.364,https://nccospublicstor.blob.core.windows.net/biomapper/usviinsularshelf2017/videos/low/GV2011_217.mp4,Absent,Present,Absent,Absent,Present,Present,Present,Present,Absent,Absent,Absent,,0,1,0,0,1,1,1,1,0,0,0,1,4,5,Pass,Pass,Pass,Pass,Pass,Pass,Pass,Pass,Pass,Pass,Pass,
REC0586,585,585,Benthic Habitat Maps for the Insular Shelf South of St. Thomas and St. John,"St. Thomas, USVI",GV,Ground Validation,Seaviewer Drop Camera,GV2011_218,2011-04-10,12:16:45,2011,4,18.24001868,-64.97614008,2065661.528,-7233110.827,2065661.528,-7233110.827,0.0,-39.85406113,39.854,https://nccospublicstor.blob.core.windows.net/biomapper/usviinsularshelf2017/videos/low/GV2011_218.mp4,Absent,Absent,Present,Present,Absent,Absent,Present,Present,Absent,Absent,Absent,,0,0,1,1,0,0,1,1,0,0,0,2,2,4,Pass,Pass,Pass,Pass,Pass,Pass,Pass,Pass,Pass,Pass,Pass,
REC0587,586,586,Benthic Habitat Maps for the Insular Shelf South of St. Thomas and St. John,"St. Thomas, USVI",GV,Ground Validation,Seaviewer Drop Camera,GV2011_219,2011-04-10,12:24:36,2011,4,18.24506972,-64.97988656,2066253.563,-7233527.884,2066253.563,-7233527.884,0.0,-40.74295044,40.743,https://nccospublicstor.blob.core.windows.net/biomapper/usviinsularshelf2017/videos/low/GV2011_219.mp4,Absent,Absent,Present,Present,Absent,Absent,Present,Present,Absent,Absent,Absent,,0,0,1,1,0,0,1,1,0,0,0,2,2,4,Pass,Pass,Pass,Pass,Pass,Pass,Pass,Pass,Pass,Pass,Pass,
REC0588,587,587,Benthic Habitat Maps for the Insular Shelf South of St. Thomas and St. John,"St. Thomas, USVI",GV,Ground Validation,Seaviewer Drop Camera,GV2011_220,2011-04-10,13:18:40,2011,4,18.23067896,-64.99751885,2064566.86,-7235490.701,2064566.86,-7235490.701,0.0,-41.61499023,41.615,https://nccospublicstor.blob.core.windows.net/biomapper/usviinsularshelf2017/videos/low/GV2011_220.mp4,Absent,Absent,Present,Present,Absent,Absent,Present,Present,Absent,Absent,Absent,,0,0,1,1,0,0,1,1,0,0,0,2,2,4,Pass,Pass,Pass,Pass,Pass,Pass,Pass,Pass,Pass,Pass,Pass,
REC0589,588,588,Benthic Habitat Maps for the Insular Shelf South of St. Thomas and St. John,"St. Thomas, USVI",GV,Ground Validation,Seaviewer Drop Camera,GV2011_221,2011-04-10,13:26:18,2011,4,18.2361526,-65.00080402,2065208.394,-7235856.405,2065208.394,-7235856.405,0.0,-40.24765015,40.248,https://nccospublicstor.blob.core.windows.net/biomapper/usviinsularshelf2017/videos/low/GV2011_221.mp4,Absent,Absent,Present,Present,Absent,Absent,Present,Present,Absent,Absent,Absent,Almaco Jack,0,0,1,1,0,0,1,1,0,0,0,2,2,4,Pass,Pass,Pass,Pass,Pass,Pass,Pass,Pass,Pass,Pass,Pass,
REC0590,589,589,Benthic Habitat Maps for the Insular Shelf South of St. Thomas and St. John,"St. Thomas, USVI",GV,Ground Validation,Seaviewer Drop Camera,GV2011_222,2011-04-10,13:33:02,2011,4,18.23993976,-65.00328369,2065652.278,-7236132.44,2065652.278,-7236132.44,0.0,-40.8895607,40.89,https://nccospublicstor.blob.core.windows.net/biomapper/usviinsularshelf2017/videos/low/GV2011_222.mp4,Absent,Absent,Absent,Present,Absent,Absent,Present,Present,Absent,Absent,Absent,,0,0,0,1,0,0,1,1,0,0,0,1,2,3,Pass,Pass,Pass,Pass,Pass,Pass,Pass,Pass,Pass,Pass,Pass,
REC0591,590,590,Benthic Habitat Maps for the Insular Shelf South of St. Thomas and St. John,"St. Thomas, USVI",GV,Ground Validation,Seaviewer Drop Camera,GV2011_223,2011-04-10,13:54:08,2011,4,18.24970792,-65.00982482,2066797.224,-7236860.595,2066797.224,-7236860.596,0.001,-39.69584656,39.696,https://nccospublicstor.blob.core.windows.net/biomapper/usviinsularshelf2017/videos/low/GV2011_223.mp4,Absent,Absent,Present,Present,Absent,Absent,Present,Present,Absent,Absent,Absent,,0,0,1,1,0,0,1,1,0,0,0,2,2,4,Pass,Pass,Pass,Pass,Pass,Pass,Pass,Pass,Pass,Pass,Pass,
REC0592,591,591,Benthic Habitat Maps for the Insular Shelf South of St. Thomas and St. John,"St. Thomas, USVI",GV,Ground Validation,Seaviewer Drop Camera,GV2011_224,2011-04-10,13:39:40,2011,4,18.24400899,-65.00510667,2066129.233,-7236335.373,2066129.233,-7236335.373,0.001,-40.28921509,40.289,https://nccospublicstor.blob.core.windows.net/biomapper/usviinsularshelf2017/videos/low/GV2011_224.mp4,Absent,Absent,Present,Present,Absent,Absent,Present,Present,Absent,Absent,Absent,,0,0,1,1,0,0,1,1,0,0,0,2,2,4,Pass,Pass,Pass,Pass,Pass,Pass,Pass,Pass,Pass,Pass,Pass,
REC0593,592,592,Benthic Habitat Maps for the Insular Shelf South of St. Thomas and St. John,"St. Thomas, USVI",GV,Ground Validation,Seaviewer Drop Camera,GV2011_225,2011-04-10,14:01:37,2011,4,18.24297213,-65.01221466,2066007.701,-7237126.631,2066007.701,-7237126.631,0.0,-40.33969879,40.34,https://nccospublicstor.blob.core.windows.net/biomapper/usviinsularshelf2017/videos/low/GV2011_225.mp4,Absent,Absent,Present,Present,Absent,Absent,Present,Present,Absent,Absent,Absent,,0,0,1,1,0,0,1,1,0,0,0,2,2,4,Pass,Pass,Pass,Pass,Pass,Pass,Pass,Pass,Pass,Pass,Pass,
REC0594,593,593,Benthic Habitat Maps for the Insular Shelf South of St. Thomas and St. John,"St. Thomas, USVI",GV,Ground Validation,Seaviewer Drop Camera,GV2011_226,2011-04-10,14:19:26,2011,4,18.23459342,-65.01851953,2065025.65,-7237828.486,2065025.65,-7237828.486,0.0,-40.65205765,40.652,https://nccospublicstor.blob.core.windows.net/biomapper/usviinsularshelf2017/videos/low/GV2011_226.mp4,Absent,Absent,Present,Present,Absent,Absent,Present,Present,Absent,Absent,Absent,,0,0,1,1,0,0,1,1,0,0,0,2,2,4,Pass,Pass,Pass,Pass,Pass,Pass,Pass,Pass,Pass,Pass,Pass,
REC0595,594,594,Benthic Habitat Maps for the Insular Shelf South of St. Thomas and St. John,"St. Thomas, USVI",GV,Ground Validation,Seaviewer Drop Camera,GV2011_227,2011-04-10,14:34:52,2011,4,18.24524472,-65.02489858,2066274.075,-7238538.599,2066274.075,-7238538.599,0.0,-39.10969925,39.11,https://nccospublicstor.blob.core.windows.net/biomapper/usviinsularshelf2017/videos/low/GV2011_227.mp4,Absent,Absent,Present,Present,Absent,Absent,Present,Present,Absent,Absent,Absent,,0,0,1,1,0,0,1,1,0,0,0,2,2,4,Pass,Pass,Pass,Pass,Pass,Pass,Pass,Pass,Pass,Pass,Pass,
REC0596,595,595,Benthic Habitat Maps for the Insular Shelf South of St. Thomas and St. John,"St. Thomas, USVI",GV,Ground Validation,Seaviewer Drop Camera,GV2011_228,2011-04-10,14:48:34,2011,4,18.25488486,-65.03047937,2067404.05,-7239159.849,2067404.05,-7239159.85,0.001,-35.79465103,35.795,https://nccospublicstor.blob.core.windows.net/biomapper/usviinsularshelf2017/videos/low/GV2011_228.mp4,Absent,Absent,Present,Present,Absent,Absent,Present,Present,Absent,Absent,Absent,,0,0,1,1,0,0,1,1,0,0,0,2,2,4,Pass,Pass,Pass,Pass,Pass,Pass,Pass,Pass,Pass,Pass,Pass,
REC0597,596,596,Benthic Habitat Maps for the Insular Shelf South of St. Thomas and St. John,"St. Thomas, USVI",GV,Ground Validation,Seaviewer Drop Camera,GV2011_229,2011-04-10,14:13:39,2011,4,18.23566988,-65.01714033,2065151.817,-7237674.954,2065151.817,-7237674.954,0.001,-41.36426163,41.364,https://nccospublicstor.blob.core.windows.net/biomapper/usviinsularshelf2017/videos/low/GV2011_229.mp4,Absent,Absent,Absent,Present,Absent,Absent,Present,Absent,Absent,Absent,Absent,,0,0,0,1,0,0,1,0,0,0,0,1,1,2,Pass,Pass,Pass,Pass,Pass,Pass,Pass,Pass,Pass,Pass,Pass,
REC0598,597,597,Benthic Habitat Maps for the Insular Shelf South of St. Thomas and St. John,"St. Thomas, USVI",GV,Ground Validation,Seaviewer Drop Camera,GV2011_230,2011-04-10,14:07:44,2011,4,18.23882117,-65.01426973,2065521.17,-7237355.401,2065521.17,-7237355.401,0.0,-40.36431885,40.364,https://nccospublicstor.blob.core.windows.net/biomapper/usviinsularshelf2017/videos/low/GV2011_230.mp4,Absent,Absent,Present,Present,Absent,Absent,Present,Present,Absent,Absent,Absent,,0,0,1,1,0,0,1,1,0,0,0,2,2,4,Pass,Pass,Pass,Pass,Pass,Pass,Pass,Pass,Pass,Pass,Pass,
REC0599,598,598,Benthic Habitat Maps for the Insular Shelf South of St. Thomas and St. John,"St. Thomas, USVI",GV,Ground Validation,Seaviewer Drop Camera,GV2011_231,2011-04-10,14:27:54,2011,4,18.24186504,-65.02285336,2065877.939,-7238310.926,2065877.939,-7238310.926,0.0,-40.44469452,40.445,https://nccospublicstor.blob.core.windows.net/biomapper/usviinsularshelf2017/videos/low/GV2011_231.mp4,Absent,Absent,Present,Present,Absent,Absent,Present,Present,Absent,Absent,Absent,,0,0,1,1,0,0,1,1,0,0,0,2,2,4,Pass,Pass,Pass,Pass,Pass,Pass,Pass,Pass,Pass,Pass,Pass,
REC0600,599,599,Benthic Habitat Maps for the Insular Shelf South of St. Thomas and St. John,"St. Thomas, USVI",GV,Ground Validation,Seaviewer Drop Camera,GV2011_232,2011-04-10,12:52:26,2011,4,18.24041411,-64.98858248,2065707.876,-7234495.909,2065707.876,-7234495.909,0.0,-40.00774384,40.008,https://nccospublicstor.blob.core.windows.net/biomapper/usviinsularshelf2017/videos/low/GV2011_232.mp4,Absent,Absent,Present,Present,Absent,Absent,Present,Present,Absent,Absent,Absent,,0,0,1,1,0,0,1,1,0,0,0,2,2,4,Pass,Pass,Pass,Pass,Pass,Pass,Pass,Pass,Pass,Pass,Pass,
REC0601,600,600,Benthic Habitat Maps for the Insular Shelf South of St. Thomas and St. John,"St. Thomas, USVI",GV,Ground Validation,Seaviewer Drop Camera,GV2011_233,2011-04-10,12:31:46,2011,4,18.24869494,-64.98322373,2066678.487,-7233899.376,2066678.487,-7233899.376,0.0,-41.02608109,41.026,https://nccospublicstor.blob.core.windows.net/biomapper/usviinsularshelf2017/videos/low/GV2011_233.mp4,Absent,Absent,Absent,Present,Absent,Absent,Present,Absent,Absent,Absent,Absent,,0,0,0,1,0,0,1,0,0,0,0,1,1,2,Pass,Pass,Pass,Pass,Pass,Pass,Pass,Pass,Pass,Pass,Pass,
REC0602,601,601,Benthic Habitat Maps for the Insular Shelf South of St. Thomas and St. John,"St. Thomas, USVI",GV,Ground Validation,Seaviewer Drop Camera,GV2011_234,2011-04-10,12:38:05,2011,4,18.24704631,-64.98395788,2066485.245,-7233981.101,2066485.245,-7233981.101,0.0,-40.5920105,40.592,https://nccospublicstor.blob.core.windows.net/biomapper/usviinsularshelf2017/videos/low/GV2011_234.mp4,Absent,Absent,Present,Present,Absent,Absent,Present,Present,Absent,Absent,Absent,,0,0,1,1,0,0,1,1,0,0,0,2,2,4,Pass,Pass,Pass,Pass,Pass,Pass,Pass,Pass,Pass,Pass,Pass,
REC0603,602,602,Benthic Habitat Maps for the Insular Shelf South of St. Thomas and St. John,"St. Thomas, USVI",GV,Ground Validation,Seaviewer Drop Camera,GV2011_235,2011-04-10,12:44:26,2011,4,18.24554279,-64.98505103,2066309.013,-7234102.79,2066309.013,-7234102.79,0.0,-39.86336136,39.863,https://nccospublicstor.blob.core.windows.net/biomapper/usviinsularshelf2017/videos/low/GV2011_235.mp4,Absent,Absent,Present,Absent,Absent,Absent,Present,Present,Absent,Absent,Absent,,0,0,1,0,0,0,1,1,0,0,0,1,2,3,Pass,Pass,Pass,Pass,Pass,Pass,Pass,Pass,Pass,Pass,Pass,
REC0604,603,603,Benthic Habitat Maps for the Insular Shelf South of St. Thomas and St. John,"St. Thomas, USVI",GV,Ground Validation,Seaviewer Drop Camera,GV2011_236,2011-04-10,13:12:57,2011,4,18.23126956,-64.99479474,2064636.08,-7235187.455,2064636.08,-7235187.455,0.0,-41.7029953,41.703,https://nccospublicstor.blob.core.windows.net/biomapper/usviinsularshelf2017/videos/low/GV2011_236.mp4,Absent,Absent,Absent,Present,Absent,Absent,Present,Absent,Absent,Absent,Absent,,0,0,0,1,0,0,1,0,0,0,0,1,1,2,Pass,Pass,Pass,Pass,Pass,Pass,Pass,Pass,Pass,Pass,Pass,
REC0605,604,604,Benthic Habitat Maps for the Insular Shelf South of St. Thomas and St. John,"St. Thomas, USVI",GV,Ground Validation,Seaviewer Drop Camera,GV2011_237,2011-04-10,13:00:22,2011,4,18.23593452,-64.99100829,2065182.834,-7234765.949,2065182.834,-7234765.949,0.0,-39.99750137,39.998,https://nccospublicstor.blob.core.windows.net/biomapper/usviinsularshelf2017/videos/low/GV2011_237.mp4,Absent,Absent,Present,Absent,Absent,Absent,Present,Present,Absent,Absent,Absent,,0,0,1,0,0,0,1,1,0,0,0,1,2,3,Pass,Pass,Pass,Pass,Pass,Pass,Pass,Pass,Pass,Pass,Pass,
REC0606,605,605,Benthic Habitat Maps for the Insular Shelf South of St. Thomas and St. John,"St. Thomas, USVI",GV,Ground Validation,Seaviewer Drop Camera,GV2011_238,2011-04-10,13:06:22,2011,4,18.23381097,-64.99204484,2064933.943,-7234881.337,2064933.943,-7234881.337,0.0,-40.63552475,40.636,https://nccospublicstor.blob.core.windows.net/biomapper/usviinsularshelf2017/videos/low/GV2011_238.mp4,Absent,Absent,Present,Present,Absent,Absent,Present,Present,Absent,Absent,Absent,,0,0,1,1,0,0,1,1,0,0,0,2,2,4,Pass,Pass,Pass,Pass,Pass,Pass,Pass,Pass,Pass,Pass,Pass,
REC0607,606,606,Benthic Habitat Maps for the Insular Shelf South of St. Thomas and St. John,"St. Thomas, USVI",GV,Ground Validation,Seaviewer Drop Camera,GV2011_239,2011-04-10,14:41:15,2011,4,18.24979506,-65.0268285,2066807.438,-7238753.436,2066807.438,-7238753.437,0.001,-38.42968369,38.43,https://nccospublicstor.blob.core.windows.net/biomapper/usviinsularshelf2017/videos/low/GV2011_239.mp4,Absent,Absent,Present,Present,Absent,Absent,Present,Present,Absent,Absent,Absent,,0,0,1,1,0,0,1,1,0,0,0,2,2,4,Pass,Pass,Pass,Pass,Pass,Pass,Pass,Pass,Pass,Pass,Pass,
REC0608,607,607,Benthic Habitat Maps for the Insular Shelf South of St. Thomas and St. John,"St. Thomas, USVI",GV,Ground Validation,Seaviewer Drop Camera,GV2011_240,2011-04-10,11:34:44,2011,4,18.23152027,-64.96598484,2064665.464,-7231980.351,2064665.464,-7231980.351,0.0,-41.69025421,41.69,https://nccospublicstor.blob.core.windows.net/biomapper/usviinsularshelf2017/videos/low/GV2011_240.mp4,Absent,Absent,Absent,Present,Absent,Absent,Present,Absent,Absent,Absent,Absent,,0,0,0,1,0,0,1,0,0,0,0,1,1,2,Pass,Pass,Pass,Pass,Pass,Pass,Pass,Pass,Pass,Pass,Pass,
REC0609,608,608,Benthic Habitat Maps for the Insular Shelf South of St. Thomas and St. John,"St. Thomas, USVI",GV,Ground Validation,Seaviewer Drop Camera,GV2011_241,2011-04-10,09:33:09,2011,4,18.24786413,-64.94958606,2066581.104,-7230154.847,2066581.104,-7230154.847,0.001,-39.7911377,39.791,https://nccospublicstor.blob.core.windows.net/biomapper/usviinsularshelf2017/videos/low/GV2011_241.mp4,Absent,Absent,Present,Present,Absent,Absent,Present,Present,Absent,Absent,Absent,,0,0,1,1,0,0,1,1,0,0,0,2,2,4,Pass,Pass,Pass,Pass,Pass,Pass,Pass,Pass,Pass,Pass,Pass,
REC0610,609,609,Benthic Habitat Maps for the Insular Shelf South of St. Thomas and St. John,"St. Thomas, USVI",GV,Ground Validation,Seaviewer Drop Camera,GV2011_242,2011-04-11,07:56:02,2011,4,18.26259411,-64.92979475,2068307.739,-7227951.689,2068307.739,-7227951.689,0.0,-31.30781937,31.308,https://nccospublicstor.blob.core.windows.net/biomapper/usviinsularshelf2017/videos/low/GV2011_242.mp4,Absent,Present,Absent,Absent,Present,Present,Present,Present,Absent,Absent,Absent,,0,1,0,0,1,1,1,1,0,0,0,1,4,5,Pass,Pass,Pass,Pass,Pass,Pass,Pass,Pass,Pass,Pass,Pass,
REC0611,610,610,Benthic Habitat Maps for the Insular Shelf South of St. Thomas and St. John,"St. Thomas, USVI",GV,Ground Validation,Seaviewer Drop Camera,GV2011_243,2011-04-11,08:02:54,2011,4,18.26687331,-64.93431505,2068809.37,-7228454.886,2068809.37,-7228454.886,0.0,-34.34345245,34.343,https://nccospublicstor.blob.core.windows.net/biomapper/usviinsularshelf2017/videos/low/GV2011_243.mp4,Absent,Absent,Present,Present,Absent,Absent,Present,Present,Absent,Absent,Absent,,0,0,1,1,0,0,1,1,0,0,0,2,2,4,Pass,Pass,Pass,Pass,Pass,Pass,Pass,Pass,Pass,Pass,Pass,
REC0612,611,611,Benthic Habitat Maps for the Insular Shelf South of St. Thomas and St. John,"St. Thomas, USVI",GV,Ground Validation,Seaviewer Drop Camera,GV2011_244,2011-04-11,08:09:33,2011,4,18.27120484,-64.93858819,2069317.148,-7228930.57,2069317.148,-7228930.57,0.0,-33.55866623,33.559,https://nccospublicstor.blob.core.windows.net/biomapper/usviinsularshelf2017/videos/low/GV2011_244.mp4,Absent,Absent,Absent,Present,Absent,Absent,Absent,Absent,Absent,Absent,Absent,,0,0,0,1,0,0,0,0,0,0,0,1,0,1,Pass,Pass,Pass,Pass,Pass,Pass,Pass,Pass,Pass,Pass,Pass,
REC0613,612,612,Benthic Habitat Maps for the Insular Shelf South of St. Thomas and St. John,"St. Thomas, USVI",GV,Ground Validation,Seaviewer Drop Camera,GV2011_245,2011-04-11,08:16:48,2011,4,18.27309333,-64.94300355,2069538.537,-7229422.086,2069538.537,-7229422.086,0.0,-33.26898575,33.269,https://nccospublicstor.blob.core.windows.net/biomapper/usviinsularshelf2017/videos/low/GV2011_245.mp4,Absent,Absent,Present,Absent,Absent,Absent,Present,Present,Absent,Absent,Absent,,0,0,1,0,0,0,1,1,0,0,0,1,2,3,Pass,Pass,Pass,Pass,Pass,Pass,Pass,Pass,Pass,Pass,Pass,
REC0614,613,613,Benthic Habitat Maps for the Insular Shelf South of St. Thomas and St. John,"St. Thomas, USVI",GV,Ground Validation,Seaviewer Drop Camera,GV2011_246,2011-04-11,08:21:25,2011,4,18.2700105,-64.94623906,2069177.137,-7229782.261,2069177.137,-7229782.261,0.0,-33.91885376,33.919,https://nccospublicstor.blob.core.windows.net/biomapper/usviinsularshelf2017/videos/low/GV2011_246.mp4,Absent,Absent,Present,Present,Absent,Absent,Present,Present,Absent,Absent,Absent,,0,0,1,1,0,0,1,1,0,0,0,2,2,4,Pass,Pass,Pass,Pass,Pass,Pass,Pass,Pass,Pass,Pass,Pass,
REC0615,614,614,Benthic Habitat Maps for the Insular Shelf South of St. Thomas and St. John,"St. Thomas, USVI",GV,Ground Validation,Seaviewer Drop Camera,GV2011_247,2011-04-11,08:28:42,2011,4,18.26671846,-64.95286077,2068791.218,-7230519.387,2068791.218,-7230519.386,0.001,-32.81918335,32.819,https://nccospublicstor.blob.core.windows.net/biomapper/usviinsularshelf2017/videos/low/GV2011_247.mp4,Absent,Absent,Present,Present,Absent,Absent,Present,Present,Absent,Absent,Absent,,0,0,1,1,0,0,1,1,0,0,0,2,2,4,Pass,Pass,Pass,Pass,Pass,Pass,Pass,Pass,Pass,Pass,Pass,
REC0616,615,615,Benthic Habitat Maps for the Insular Shelf South of St. Thomas and St. John,"St. Thomas, USVI",GV,Ground Validation,Seaviewer Drop Camera,GV2011_248,2011-04-11,08:32:59,2011,4,18.26517164,-64.95465452,2068609.89,-7230719.066,2068609.89,-7230719.066,0.0,-34.07164001,34.072,https://nccospublicstor.blob.core.windows.net/biomapper/usviinsularshelf2017/videos/low/GV2011_248.mp4,Absent,Absent,Absent,Present,Absent,Absent,Absent,Absent,Absent,Absent,Absent,,0,0,0,1,0,0,0,0,0,0,0,1,0,1,Pass,Pass,Pass,Pass,Pass,Pass,Pass,Pass,Pass,Pass,Pass,
REC0617,616,616,Benthic Habitat Maps for the Insular Shelf South of St. Thomas and St. John,"St. Thomas, USVI",GV,Ground Validation,Seaviewer Drop Camera,GV2011_249,2011-04-11,08:38:12,2011,4,18.26322476,-64.95760272,2068381.666,-7231047.258,2068381.666,-7231047.258,0.0,-34.58974457,34.59,https://nccospublicstor.blob.core.windows.net/biomapper/usviinsularshelf2017/videos/low/GV2011_249.mp4,Absent,Absent,Present,Present,Absent,Absent,Present,Present,Absent,Absent,Absent,,0,0,1,1,0,0,1,1,0,0,0,2,2,4,Pass,Pass,Pass,Pass,Pass,Pass,Pass,Pass,Pass,Pass,Pass,
REC0618,617,617,Benthic Habitat Maps for the Insular Shelf South of St. Thomas and St. John,"St. Thomas, USVI",GV,Ground Validation,Seaviewer Drop Camera,GV2011_250,2011-04-11,08:46:28,2011,4,18.25872471,-64.96251386,2067854.157,-7231593.963,2067854.157,-7231593.964,0.001,-27.61491013,27.615,https://nccospublicstor.blob.core.windows.net/biomapper/usviinsularshelf2017/videos/low/GV2011_250.mp4,Absent,Present,Absent,Absent,Present,Present,Present,Present,Absent,Absent,Absent,,0,1,0,0,1,1,1,1,0,0,0,1,4,5,Pass,Pass,Pass,Pass,Pass,Pass,Pass,Pass,Pass,Pass,Pass,
REC0619,618,618,Benthic Habitat Maps for the Insular Shelf South of St. Thomas and St. John,"St. Thomas, USVI",GV,Ground Validation,Seaviewer Drop Camera,GV2011_251,2011-04-11,08:51:57,2011,4,18.25568971,-64.9651731,2067498.393,-7231889.989,2067498.393,-7231889.989,0.0,-37.17954636,37.18,https://nccospublicstor.blob.core.windows.net/biomapper/usviinsularshelf2017/videos/low/GV2011_251.mp4,Absent,Absent,Present,Present,Absent,Absent,Present,Present,Absent,Absent,Absent,,0,0,1,1,0,0,1,1,0,0,0,2,2,4,Pass,Pass,Pass,Pass,Pass,Pass,Pass,Pass,Pass,Pass,Pass,
REC0620,619,619,Benthic Habitat Maps for the Insular Shelf South of St. Thomas and St. John,"St. Thomas, USVI",GV,Ground Validation,Seaviewer Drop Camera,GV2011_252,2011-04-11,09:19:29,2011,4,18.27078235,-64.97854394,2069267.62,-7233378.424,2069267.62,-7233378.424,0.0,-34.13931274,34.139,https://nccospublicstor.blob.core.windows.net/biomapper/usviinsularshelf2017/videos/low/GV2011_252.mp4,Absent,Absent,Present,Absent,Absent,Absent,Present,Present,Absent,Absent,Absent,,0,0,1,0,0,0,1,1,0,0,0,1,2,3,Pass,Pass,Pass,Pass,Pass,Pass,Pass,Pass,Pass,Pass,Pass,
REC0621,620,620,Benthic Habitat Maps for the Insular Shelf South of St. Thomas and St. John,"St. Thomas, USVI",GV,Ground Validation,Seaviewer Drop Camera,GV2011_253,2011-04-11,09:27:42,2011,4,18.26710717,-64.9876672,2068836.785,-7234394.02,2068836.785,-7234394.021,0.001,-34.0532074,34.053,https://nccospublicstor.blob.core.windows.net/biomapper/usviinsularshelf2017/videos/low/GV2011_253.mp4,Absent,Absent,Present,Present,Absent,Absent,Present,Present,Absent,Absent,Absent,,0,0,1,1,0,0,1,1,0,0,0,2,2,4,Pass,Pass,Pass,Pass,Pass,Pass,Pass,Pass,Pass,Pass,Pass,
REC0622,621,621,Benthic Habitat Maps for the Insular Shelf South of St. Thomas and St. John,"St. Thomas, USVI",GV,Ground Validation,Seaviewer Drop Camera,GV2011_254,2011-04-11,09:35:10,2011,4,18.26278179,-64.99744182,2068329.74,-7235482.126,2068329.74,-7235482.126,0.001,-34.13853836,34.139,https://nccospublicstor.blob.core.windows.net/biomapper/usviinsularshelf2017/videos/low/GV2011_254.mp4,Absent,Absent,Present,Present,Absent,Absent,Present,Present,Absent,Absent,Absent,,0,0,1,1,0,0,1,1,0,0,0,2,2,4,Pass,Pass,Pass,Pass,Pass,Pass,Pass,Pass,Pass,Pass,Pass,
REC0623,622,622,Benthic Habitat Maps for the Insular Shelf South of St. Thomas and St. John,"St. Thomas, USVI",GV,Ground Validation,Seaviewer Drop Camera,GV2011_255,2011-04-11,09:43:44,2011,4,18.26624477,-65.00617099,2068735.688,-7236453.853,2068735.689,-7236453.853,0.001,-33.48929596,33.489,https://nccospublicstor.blob.core.windows.net/biomapper/usviinsularshelf2017/videos/low/GV2011_255.mp4,Absent,Absent,Present,Absent,Absent,Absent,Present,Present,Absent,Absent,Absent,,0,0,1,0,0,0,1,1,0,0,0,1,2,3,Pass,Pass,Pass,Pass,Pass,Pass,Pass,Pass,Pass,Pass,Pass,
REC0624,623,623,Benthic Habitat Maps for the Insular Shelf South of St. Thomas and St. John,"St. Thomas, USVI",GV,Ground Validation,Seaviewer Drop Camera,GV2011_256,2011-04-11,11:47:33,2011,4,18.26854318,-65.01270107,2069005.125,-7237180.778,2069005.125,-7237180.778,0.0,-33.48860168,33.489,https://nccospublicstor.blob.core.windows.net/biomapper/usviinsularshelf2017/videos/low/GV2011_256.mp4,Absent,Absent,Present,Present,Absent,Absent,Present,Present,Absent,Absent,Absent,,0,0,1,1,0,0,1,1,0,0,0,2,2,4,Pass,Pass,Pass,Pass,Pass,Pass,Pass,Pass,Pass,Pass,Pass,
REC0625,624,624,Benthic Habitat Maps for the Insular Shelf South of St. Thomas and St. John,"St. Thomas, USVI",GV,Ground Validation,Seaviewer Drop Camera,GV2011_257,2011-04-11,11:57:11,2011,4,18.27139122,-65.02136355,2069338.998,-7238145.081,2069338.998,-7238145.081,0.0,-33.39946365,33.399,https://nccospublicstor.blob.core.windows.net/biomapper/usviinsularshelf2017/videos/low/GV2011_257.mp4,Absent,Absent,Present,Absent,Absent,Absent,Present,Present,Absent,Absent,Absent,,0,0,1,0,0,0,1,1,0,0,0,1,2,3,Pass,Pass,Pass,Pass,Pass,Pass,Pass,Pass,Pass,Pass,Pass,
REC0626,625,625,Benthic Habitat Maps for the Insular Shelf South of St. Thomas and St. John,"St. Thomas, USVI",GV,Ground Validation,Seaviewer Drop Camera,GV2011_258,2011-04-11,12:10:19,2011,4,18.26860834,-65.03448165,2069012.763,-7239605.381,2069012.763,-7239605.381,0.001,-33.20616913,33.206,https://nccospublicstor.blob.core.windows.net/biomapper/usviinsularshelf2017/videos/low/GV2011_258.mp4,Absent,Absent,Present,Absent,Absent,Absent,Present,Present,Absent,Absent,Absent,,0,0,1,0,0,0,1,1,0,0,0,1,2,3,Pass,Pass,Pass,Pass,Pass,Pass,Pass,Pass,Pass,Pass,Pass,
REC0627,626,626,Benthic Habitat Maps for the Insular Shelf South of St. Thomas and St. John,"St. Thomas, USVI",GV,Ground Validation,Seaviewer Drop Camera,GV2011_259,2011-04-11,12:21:26,2011,4,18.26539844,-65.0463852,2068636.477,-7240930.478,2068636.476,-7240930.478,0.001,-34.57385254,34.574,https://nccospublicstor.blob.core.windows.net/biomapper/usviinsularshelf2017/videos/low/GV2011_259.mp4,Absent,Absent,Present,Present,Absent,Absent,Present,Present,Absent,Absent,Absent,,0,0,1,1,0,0,1,1,0,0,0,2,2,4,Pass,Pass,Pass,Pass,Pass,Pass,Pass,Pass,Pass,Pass,Pass,
REC0628,627,627,Benthic Habitat Maps for the Insular Shelf South of St. Thomas and St. John,"St. Thomas, USVI",GV,Ground Validation,Seaviewer Drop Camera,GV2011_260,2011-04-11,08:58:05,2011,4,18.25202879,-64.96848688,2067069.267,-7232258.877,2067069.267,-7232258.877,0.0,-40.3864212,40.386,https://nccospublicstor.blob.core.windows.net/biomapper/usviinsularshelf2017/videos/low/GV2011_260.mp4,Absent,Absent,Present,Present,Absent,Absent,Present,Present,Absent,Absent,Absent,,0,0,1,1,0,0,1,1,0,0,0,2,2,4,Pass,Pass,Pass,Pass,Pass,Pass,Pass,Pass,Pass,Pass,Pass,
REC0629,628,628,Benthic Habitat Maps for the Insular Shelf South of St. Thomas and St. John,"St. Thomas, USVI",GV,Ground Validation,Seaviewer Drop Camera,GV2011_261,2011-04-11,09:08:14,2011,4,18.25974955,-64.97288557,2067974.291,-7232748.537,2067974.291,-7232748.537,0.0,-28.37078857,28.371,https://nccospublicstor.blob.core.windows.net/biomapper/usviinsularshelf2017/videos/low/GV2011_261.mp4,Present,Absent,Absent,Present,Present,Present,Present,Present,Absent,Absent,Absent,,1,0,0,1,1,1,1,1,0,0,0,2,4,6,Pass,Pass,Pass,Pass,Pass,Pass,Pass,Pass,Pass,Pass,Pass,
REC0630,629,629,Benthic Habitat Maps for the Insular Shelf South of St. Thomas and St. John,"St. Thomas, USVI",GV,Ground Validation,Seaviewer Drop Camera,GV2011_262,2011-04-11,14:08:14,2011,4,18.22471208,-65.09649257,2063867.539,-7246508.405,2063867.539,-7246508.405,0.001,-40.61767578,40.618,https://nccospublicstor.blob.core.windows.net/biomapper/usviinsularshelf2017/videos/low/GV2011_262.mp4,Present,Absent,Absent,Present,Present,Absent,Present,Present,Absent,Absent,Absent,,1,0,0,1,1,0,1,1,0,0,0,2,3,5,Pass,Pass,Pass,Pass,Pass,Pass,Pass,Pass,Pass,Pass,Pass,
REC0631,630,630,Benthic Habitat Maps for the Insular Shelf South of St. Thomas and St. John,"St. Thomas, USVI",GV,Ground Validation,Seaviewer Drop Camera,GV2011_263,2011-04-13,07:51:39,2011,4,18.24325573,-64.86722627,2066040.942,-7220986.598,2066040.942,-7220986.598,0.0,-41.34112167,41.341,https://nccospublicstor.blob.core.windows.net/biomapper/usviinsularshelf2017/videos/low/GV2011_263.mp4,Absent,Absent,Present,Absent,Absent,Absent,Present,Present,Absent,Absent,Absent,,0,0,1,0,0,0,1,1,0,0,0,1,2,3,Pass,Pass,Pass,Pass,Pass,Pass,Pass,Pass,Pass,Pass,Pass,
REC0632,631,631,Benthic Habitat Maps for the Insular Shelf South of St. Thomas and St. John,"St. Thomas, USVI",GV,Ground Validation,Seaviewer Drop Camera,GV2011_264,2011-04-13,08:01:50,2011,4,18.25214915,-64.87350578,2067083.375,-7221685.629,2067083.375,-7221685.629,0.001,-39.57381058,39.574,https://nccospublicstor.blob.core.windows.net/biomapper/usviinsularshelf2017/videos/low/GV2011_264.mp4,Absent,Absent,Present,Present,Absent,Absent,Present,Present,Absent,Absent,Absent,,0,0,1,1,0,0,1,1,0,0,0,2,2,4,Pass,Pass,Pass,Pass,Pass,Pass,Pass,Pass,Pass,Pass,Pass,
REC0633,632,632,Benthic Habitat Maps for the Insular Shelf South of St. Thomas and St. John,"St. Thomas, USVI",GV,Ground Validation,Seaviewer Drop Camera,GV2011_265,2011-04-13,08:09:29,2011,4,18.24687918,-64.87795277,2066465.655,-7222180.666,2066465.655,-7222180.666,0.0,-41.53503418,41.535,https://nccospublicstor.blob.core.windows.net/biomapper/usviinsularshelf2017/videos/low/GV2011_265.mp4,Absent,Absent,Absent,Absent,Absent,Absent,Absent,Absent,Absent,Absent,Present,camera never reached the bottom,0,0,0,0,0,0,0,0,0,0,1,0,0,1,Pass,Pass,Pass,Pass,Pass,Pass,Pass,Review,Review,Review,Review,UNKNOWN class present; No core substrate class marked Present; Source note indicates unusable/missing underwater video
REC0634,633,633,Benthic Habitat Maps for the Insular Shelf South of St. Thomas and St. John,"St. Thomas, USVI",GV,Ground Validation,Seaviewer Drop Camera,GV2011_266,2011-04-13,08:15:43,2011,4,18.24385517,-64.88228774,2066111.203,-7222663.233,2066111.203,-7222663.233,0.0,-41.50777054,41.508,https://nccospublicstor.blob.core.windows.net/biomapper/usviinsularshelf2017/videos/low/GV2011_266.mp4,Absent,Absent,Present,Absent,Absent,Absent,Present,Present,Absent,Absent,Absent,,0,0,1,0,0,0,1,1,0,0,0,1,2,3,Pass,Pass,Pass,Pass,Pass,Pass,Pass,Pass,Pass,Pass,Pass,
REC0635,634,634,Benthic Habitat Maps for the Insular Shelf South of St. Thomas and St. John,"St. Thomas, USVI",GV,Ground Validation,Seaviewer Drop Camera,GV2011_267,2011-04-13,08:24:57,2011,4,18.23544224,-64.88819643,2065125.136,-7223320.985,2065125.136,-7223320.985,0.0,-42.46340942,42.463,https://nccospublicstor.blob.core.windows.net/biomapper/usviinsularshelf2017/videos/low/GV2011_267.mp4,Absent,Absent,Absent,Present,Absent,Absent,Present,Absent,Absent,Present,Absent,Fish Trap,0,0,0,1,0,0,1,0,0,1,0,1,1,3,Pass,Pass,Pass,Pass,Pass,Pass,Pass,Pass,Pass,Pass,Pass,
REC0636,635,635,Benthic Habitat Maps for the Insular Shelf South of St. Thomas and St. John,"St. Thomas, USVI",GV,Ground Validation,Seaviewer Drop Camera,GV2011_268,2011-04-13,08:32:04,2011,4,18.23040178,-64.89099613,2064534.374,-7223632.646,2064534.374,-7223632.646,0.0,-44.10107422,44.101,https://nccospublicstor.blob.core.windows.net/biomapper/usviinsularshelf2017/videos/low/GV2011_268.mp4,Absent,Absent,Present,Present,Absent,Absent,Present,Absent,Absent,Absent,Absent,,0,0,1,1,0,0,1,0,0,0,0,2,1,3,Pass,Pass,Pass,Pass,Pass,Pass,Pass,Pass,Pass,Pass,Pass,
REC0637,636,636,Benthic Habitat Maps for the Insular Shelf South of St. Thomas and St. John,"St. Thomas, USVI",GV,Ground Validation,Seaviewer Drop Camera,GV2011_269,2011-04-13,09:14:30,2011,4,18.23272297,-64.89935486,2064806.424,-7224563.136,2064806.424,-7224563.136,0.0,-42.19148254,42.191,https://nccospublicstor.blob.core.windows.net/biomapper/usviinsularshelf2017/videos/low/GV2011_269.mp4,Absent,Absent,Present,Present,Absent,Absent,Present,Present,Absent,Absent,Absent,"Site 308 and 269 combined into one video, using orignal annotation from site 269",0,0,1,1,0,0,1,1,0,0,0,2,2,4,Pass,Pass,Pass,Pass,Pass,Pass,Pass,Pass,Pass,Pass,Pass,
REC0638,637,637,Benthic Habitat Maps for the Insular Shelf South of St. Thomas and St. John,"St. Thomas, USVI",GV,Ground Validation,Seaviewer Drop Camera,GV2011_270,2011-04-13,13:07:18,2011,4,18.24293627,-64.9004039,2066003.498,-7224679.914,2066003.498,-7224679.914,0.0,-40.53641891,40.536,https://nccospublicstor.blob.core.windows.net/biomapper/usviinsularshelf2017/videos/low/GV2011_270.mp4,Absent,Absent,Absent,Present,Absent,Absent,Absent,Absent,Absent,Absent,Absent,,0,0,0,1,0,0,0,0,0,0,0,1,0,1,Pass,Pass,Pass,Pass,Pass,Pass,Pass,Pass,Pass,Pass,Pass,
REC0639,638,638,Benthic Habitat Maps for the Insular Shelf South of St. Thomas and St. John,"St. Thomas, USVI",GV,Ground Validation,Seaviewer Drop Camera,GV2011_271,2011-04-13,13:20:58,2011,4,18.25332671,-64.91040294,2067221.406,-7225793.003,2067221.406,-7225793.002,0.001,-39.63047409,39.63,https://nccospublicstor.blob.core.windows.net/biomapper/usviinsularshelf2017/videos/low/GV2011_271.mp4,Absent,Absent,Present,Present,Absent,Absent,Present,Present,Absent,Absent,Absent,,0,0,1,1,0,0,1,1,0,0,0,2,2,4,Pass,Pass,Pass,Pass,Pass,Pass,Pass,Pass,Pass,Pass,Pass,
REC0640,639,639,Benthic Habitat Maps for the Insular Shelf South of St. Thomas and St. John,"St. Thomas, USVI",GV,Ground Validation,Seaviewer Drop Camera,GV2011_273,2011-04-13,13:34:18,2011,4,18.23935227,-64.91226781,2065583.419,-7226000.599,2065583.419,-7226000.599,0.0,-41.16756058,41.168,https://nccospublicstor.blob.core.windows.net/biomapper/usviinsularshelf2017/videos/low/GV2011_273.mp4,Absent,Absent,Absent,Absent,Absent,Absent,Absent,Absent,Absent,Absent,Present,No Underwater Video,0,0,0,0,0,0,0,0,0,0,1,0,0,1,Pass,Pass,Pass,Pass,Pass,Pass,Pass,Review,Review,Review,Review,UNKNOWN class present; No core substrate class marked Present; Source note indicates unusable/missing underwater video
REC0641,640,640,Benthic Habitat Maps for the Insular Shelf South of St. Thomas and St. John,"St. Thomas, USVI",GV,Ground Validation,Seaviewer Drop Camera,GV2011_275,2011-04-13,14:47:12,2011,4,18.24607742,-64.94542152,2066371.678,-7229691.253,2066371.678,-7229691.253,0.0,-39.14623261,39.146,https://nccospublicstor.blob.core.windows.net/biomapper/usviinsularshelf2017/videos/low/GV2011_275.mp4,Present,Absent,Absent,Present,Present,Present,Present,Present,Absent,Absent,Absent,,1,0,0,1,1,1,1,1,0,0,0,2,4,6,Pass,Pass,Pass,Pass,Pass,Pass,Pass,Pass,Pass,Pass,Pass,
REC0642,641,641,Benthic Habitat Maps for the Insular Shelf South of St. Thomas and St. John,"St. Thomas, USVI",GV,Ground Validation,Seaviewer Drop Camera,GV2011_276,2011-04-13,14:34:20,2011,4,18.23655407,-64.94429121,2065255.449,-7229565.427,2065255.449,-7229565.427,0.0,-41.56470871,41.565,https://nccospublicstor.blob.core.windows.net/biomapper/usviinsularshelf2017/videos/low/GV2011_276.mp4,Absent,Absent,Present,Present,Absent,Absent,Present,Present,Absent,Absent,Absent,,0,0,1,1,0,0,1,1,0,0,0,2,2,4,Pass,Pass,Pass,Pass,Pass,Pass,Pass,Pass,Pass,Pass,Pass,
REC0643,642,642,Benthic Habitat Maps for the Insular Shelf South of St. Thomas and St. John,"St. Thomas, USVI",GV,Ground Validation,Seaviewer Drop Camera,GV2011_277,2011-04-13,14:25:07,2011,4,18.23108213,-64.94392928,2064614.113,-7229525.138,2064614.113,-7229525.138,0.001,-43.14241791,43.142,https://nccospublicstor.blob.core.windows.net/biomapper/usviinsularshelf2017/videos/low/GV2011_277.mp4,Absent,Absent,Absent,Present,Absent,Absent,Present,Absent,Absent,Absent,Absent,,0,0,0,1,0,0,1,0,0,0,0,1,1,2,Pass,Pass,Pass,Pass,Pass,Pass,Pass,Pass,Pass,Pass,Pass,
REC0644,643,643,Benthic Habitat Maps for the Insular Shelf South of St. Thomas and St. John,"St. Thomas, USVI",GV,Ground Validation,Seaviewer Drop Camera,GV2011_278,2011-04-13,09:26:15,2011,4,18.23004845,-64.91360677,2064492.963,-7226149.651,2064492.963,-7226149.651,0.0,-41.6233139,41.623,https://nccospublicstor.blob.core.windows.net/biomapper/usviinsularshelf2017/videos/low/GV2011_278.mp4,Present,Absent,Absent,Present,Present,Present,Present,Present,Absent,Absent,Absent,,1,0,0,1,1,1,1,1,0,0,0,2,4,6,Pass,Pass,Pass,Pass,Pass,Pass,Pass,Pass,Pass,Pass,Pass,
REC0645,644,644,Benthic Habitat Maps for the Insular Shelf South of St. Thomas and St. John,"St. Thomas, USVI",GV,Ground Validation,Seaviewer Drop Camera,GV2011_279,2011-04-12,08:28:32,2011,4,18.21029861,-64.89824673,2062178.372,-7224439.779,2062178.372,-7224439.779,0.001,-41.91120529,41.911,https://nccospublicstor.blob.core.windows.net/biomapper/usviinsularshelf2017/videos/low/GV2011_279.mp4,Present,Absent,Absent,Absent,Present,Absent,Present,Present,Absent,Absent,Absent,,1,0,0,0,1,0,1,1,0,0,0,1,3,4,Pass,Pass,Pass,Pass,Pass,Pass,Pass,Pass,Pass,Pass,Pass,
REC0646,645,645,Benthic Habitat Maps for the Insular Shelf South of St. Thomas and St. John,"St. Thomas, USVI",GV,Ground Validation,Seaviewer Drop Camera,GV2011_280,2011-04-12,08:35:17,2011,4,18.2083632,-64.90438185,2061951.565,-7225122.738,2061951.565,-7225122.738,0.0,-44.36626053,44.366,https://nccospublicstor.blob.core.windows.net/biomapper/usviinsularshelf2017/videos/low/GV2011_280.mp4,Present,Absent,Absent,Absent,Present,Absent,Present,Present,Absent,Absent,Absent,,1,0,0,0,1,0,1,1,0,0,0,1,3,4,Pass,Pass,Pass,Pass,Pass,Pass,Pass,Pass,Pass,Pass,Pass,
REC0647,646,646,Benthic Habitat Maps for the Insular Shelf South of St. Thomas and St. John,"St. Thomas, USVI",GV,Ground Validation,Seaviewer Drop Camera,GV2011_281,2011-04-12,08:41:05,2011,4,18.20994889,-64.90677488,2062137.388,-7225389.129,2062137.388,-7225389.129,0.001,-46.59986877,46.6,https://nccospublicstor.blob.core.windows.net/biomapper/usviinsularshelf2017/videos/low/GV2011_281.mp4,Present,Absent,Absent,Absent,Present,Absent,Present,Present,Absent,Absent,Absent,,1,0,0,0,1,0,1,1,0,0,0,1,3,4,Pass,Pass,Pass,Pass,Pass,Pass,Pass,Pass,Pass,Pass,Pass,
REC0648,647,647,Benthic Habitat Maps for the Insular Shelf South of St. Thomas and St. John,"St. Thomas, USVI",GV,Ground Validation,Seaviewer Drop Camera,GV2011_282,2011-04-12,08:50:12,2011,4,18.21392917,-64.91450591,2062603.837,-7226249.743,2062603.837,-7226249.743,0.0,-43.9697876,43.97,https://nccospublicstor.blob.core.windows.net/biomapper/usviinsularshelf2017/videos/low/GV2011_282.mp4,Present,Absent,Absent,Absent,Present,Absent,Present,Present,Absent,Absent,Absent,,1,0,0,0,1,0,1,1,0,0,0,1,3,4,Pass,Pass,Pass,Pass,Pass,Pass,Pass,Pass,Pass,Pass,Pass,
REC0649,648,648,Benthic Habitat Maps for the Insular Shelf South of St. Thomas and St. John,"St. Thomas, USVI",GV,Ground Validation,Seaviewer Drop Camera,GV2011_283,2011-04-12,09:10:02,2011,4,18.21268488,-64.92600489,2062458.018,-7227529.804,2062458.018,-7227529.804,0.001,-45.69233704,45.692,https://nccospublicstor.blob.core.windows.net/biomapper/usviinsularshelf2017/videos/low/GV2011_283.mp4,Absent,Present,Present,Absent,Present,Absent,Present,Present,Absent,Absent,Absent,,0,1,1,0,1,0,1,1,0,0,0,2,3,5,Pass,Pass,Pass,Pass,Pass,Pass,Pass,Pass,Pass,Pass,Pass,
REC0650,649,649,Benthic Habitat Maps for the Insular Shelf South of St. Thomas and St. John,"St. Thomas, USVI",GV,Ground Validation,Seaviewer Drop Camera,GV2011_284,2011-04-12,09:15:50,2011,4,18.21335843,-64.92932522,2062536.951,-7227899.421,2062536.951,-7227899.421,0.0,-44.73365402,44.734,https://nccospublicstor.blob.core.windows.net/biomapper/usviinsularshelf2017/videos/low/GV2011_284.mp4,Present,Absent,Absent,Present,Present,Absent,Present,Present,Absent,Absent,Absent,,1,0,0,1,1,0,1,1,0,0,0,2,3,5,Pass,Pass,Pass,Pass,Pass,Pass,Pass,Pass,Pass,Pass,Pass,
REC0651,650,650,Benthic Habitat Maps for the Insular Shelf South of St. Thomas and St. John,"St. Thomas, USVI",GV,Ground Validation,Seaviewer Drop Camera,GV2011_285,2011-04-12,09:22:15,2011,4,18.21548028,-64.93175464,2062785.614,-7228169.863,2062785.614,-7228169.863,0.0,-44.51456451,44.515,https://nccospublicstor.blob.core.windows.net/biomapper/usviinsularshelf2017/videos/low/GV2011_285.mp4,Absent,Absent,Present,Absent,Present,Absent,Present,Present,Absent,Absent,Absent,,0,0,1,0,1,0,1,1,0,0,0,1,3,4,Pass,Pass,Pass,Pass,Pass,Pass,Pass,Pass,Pass,Pass,Pass,
REC0652,651,651,Benthic Habitat Maps for the Insular Shelf South of St. Thomas and St. John,"St. Thomas, USVI",GV,Ground Validation,Seaviewer Drop Camera,GV2011_298,2011-04-12,08:16:46,2011,4,18.2163497,-64.8923248,2062887.504,-7223780.553,2062887.504,-7223780.553,0.0,-44.15124512,44.151,https://nccospublicstor.blob.core.windows.net/biomapper/usviinsularshelf2017/videos/low/GV2011_298.mp4,Present,Absent,Absent,Present,Present,Absent,Present,Present,Absent,Absent,Absent,,1,0,0,1,1,0,1,1,0,0,0,2,3,5,Pass,Pass,Pass,Pass,Pass,Pass,Pass,Pass,Pass,Pass,Pass,
REC0653,652,652,Benthic Habitat Maps for the Insular Shelf South of St. Thomas and St. John,"St. Thomas, USVI",GV,Ground Validation,Seaviewer Drop Camera,GV2011_299,2011-04-12,08:56:55,2011,4,18.21580406,-64.91818257,2062823.559,-7226659.027,2062823.559,-7226659.027,0.0,-43.7499733,43.75,https://nccospublicstor.blob.core.windows.net/biomapper/usviinsularshelf2017/videos/low/GV2011_299.mp4,Present,Absent,Absent,Present,Present,Absent,Present,Present,Absent,Absent,Absent,,1,0,0,1,1,0,1,1,0,0,0,2,3,5,Pass,Pass,Pass,Pass,Pass,Pass,Pass,Pass,Pass,Pass,Pass,
REC0654,653,653,Benthic Habitat Maps for the Insular Shelf South of St. Thomas and St. John,"St. Thomas, USVI",GV,Ground Validation,Seaviewer Drop Camera,GV2011_300,2011-04-12,09:03:30,2011,4,18.21322196,-64.92196337,2062520.958,-7227079.904,2062520.958,-7227079.904,0.0,-46.2151947,46.215,https://nccospublicstor.blob.core.windows.net/biomapper/usviinsularshelf2017/videos/low/GV2011_300.mp4,Absent,Absent,Present,Absent,Absent,Absent,Present,Present,Absent,Absent,Absent,,0,0,1,0,0,0,1,1,0,0,0,1,2,3,Pass,Pass,Pass,Pass,Pass,Pass,Pass,Pass,Pass,Pass,Pass,
REC0655,654,654,Benthic Habitat Maps for the Insular Shelf South of St. Thomas and St. John,"St. Thomas, USVI",GV,Ground Validation,Seaviewer Drop Camera,GV2011_301,2011-04-12,07:55:34,2011,4,18.21660752,-64.8728592,2062917.719,-7221613.652,2062917.719,-7221613.652,0.001,-41.40876007,41.409,https://nccospublicstor.blob.core.windows.net/biomapper/usviinsularshelf2017/videos/low/GV2011_301.mp4,Present,Absent,Absent,Absent,Present,Absent,Present,Present,Absent,Absent,Absent,,1,0,0,0,1,0,1,1,0,0,0,1,3,4,Pass,Pass,Pass,Pass,Pass,Pass,Pass,Pass,Pass,Pass,Pass,
REC0656,655,655,Benthic Habitat Maps for the Insular Shelf South of St. Thomas and St. John,"St. Thomas, USVI",GV,Ground Validation,Seaviewer Drop Camera,GV2011_302,2011-04-12,08:01:19,2011,4,18.21658963,-64.87584,2062915.622,-7221945.474,2062915.622,-7221945.474,0.0,-45.2934761,45.293,https://nccospublicstor.blob.core.windows.net/biomapper/usviinsularshelf2017/videos/low/GV2011_302.mp4,Absent,Absent,Present,Present,Absent,Absent,Present,Present,Absent,Absent,Absent,,0,0,1,1,0,0,1,1,0,0,0,2,2,4,Pass,Pass,Pass,Pass,Pass,Pass,Pass,Pass,Pass,Pass,Pass,
REC0657,656,656,Benthic Habitat Maps for the Insular Shelf South of St. Thomas and St. John,"St. Thomas, USVI",GV,Ground Validation,Seaviewer Drop Camera,GV2011_303,2011-04-12,08:08:21,2011,4,18.21654392,-64.88183923,2062910.265,-7222613.305,2062910.265,-7222613.305,0.0,-44.11616898,44.116,https://nccospublicstor.blob.core.windows.net/biomapper/usviinsularshelf2017/videos/low/GV2011_303.mp4,Absent,Absent,Present,Absent,Absent,Absent,Present,Present,Absent,Absent,Absent,,0,0,1,0,0,0,1,1,0,0,0,1,2,3,Pass,Pass,Pass,Pass,Pass,Pass,Pass,Pass,Pass,Pass,Pass,
REC0658,657,657,Benthic Habitat Maps for the Insular Shelf South of St. Thomas and St. John,"St. Thomas, USVI",GV,Ground Validation,Seaviewer Drop Camera,GV2011_305,2011-04-13,13:47:56,2011,4,18.24068275,-64.93031863,2065739.363,-7228010.007,2065739.363,-7228010.007,0.0,-41.71001434,41.71,https://nccospublicstor.blob.core.windows.net/biomapper/usviinsularshelf2017/videos/low/GV2011_305.mp4,Absent,Absent,Present,Present,Absent,Absent,Present,Present,Absent,Absent,Absent,,0,0,1,1,0,0,1,1,0,0,0,2,2,4,Pass,Pass,Pass,Pass,Pass,Pass,Pass,Pass,Pass,Pass,Pass,
REC0659,658,658,Benthic Habitat Maps for the Insular Shelf South of St. Thomas and St. John,"St. Thomas, USVI",GV,Ground Validation,Seaviewer Drop Camera,GV2011_308,2011-04-13,09:14:30,2011,4,18.23263273,-64.89917096,2064795.848,-7224542.664,2064795.848,-7224542.664,0.0,-42.31643677,42.316,https://nccospublicstor.blob.core.windows.net/biomapper/usviinsularshelf2017/videos/low/GV2011_308.mp4,Absent,Absent,Absent,Absent,Absent,Absent,Present,Present,Absent,Absent,Absent,"Site 308 and 269 combined into one video, using orignal annotation from site 269",0,0,0,0,0,0,1,1,0,0,0,0,2,2,Pass,Pass,Pass,Pass,Pass,Pass,Pass,Pass,Review,Pass,Review,No core substrate class marked Present
REC0660,659,659,Benthic Habitat Maps for the Insular Shelf South of St. Thomas and St. John,"St. Thomas, USVI",GV,Ground Validation,Seaviewer Drop Camera,GV2011_309,2011-04-13,08:40:39,2011,4,18.22539386,-64.89357392,2063947.442,-7223919.605,2063947.442,-7223919.605,0.001,-42.93467712,42.935,https://nccospublicstor.blob.core.windows.net/biomapper/usviinsularshelf2017/videos/low/GV2011_309.mp4,Present,Absent,Absent,Present,Present,Absent,Present,Present,Absent,Absent,Absent,,1,0,0,1,1,0,1,1,0,0,0,2,3,5,Pass,Pass,Pass,Pass,Pass,Pass,Pass,Pass,Pass,Pass,Pass,
REC0661,660,660,Benthic Habitat Maps for the Insular Shelf South of St. Thomas and St. John,"St. Thomas, USVI",GV,Ground Validation,Seaviewer Drop Camera,GV2011_310,2011-04-13,08:46:58,2011,4,18.22167428,-64.89494426,2063511.516,-7224072.15,2063511.516,-7224072.15,0.0,-43.39815521,43.398,https://nccospublicstor.blob.core.windows.net/biomapper/usviinsularshelf2017/videos/low/GV2011_310.mp4,Present,Absent,Absent,Present,Present,Absent,Present,Present,Absent,Absent,Absent,,1,0,0,1,1,0,1,1,0,0,0,2,3,5,Pass,Pass,Pass,Pass,Pass,Pass,Pass,Pass,Pass,Pass,Pass,
REC0662,661,661,Benthic Habitat Maps for the Insular Shelf South of St. Thomas and St. John,"St. Thomas, USVI",GV,Ground Validation,Seaviewer Drop Camera,GV2011_311,2011-04-13,09:32:49,2011,4,18.22546833,-64.91651071,2063956.17,-7226472.916,2063956.17,-7226472.916,0.0,-41.85054779,41.851,https://nccospublicstor.blob.core.windows.net/biomapper/usviinsularshelf2017/videos/low/GV2011_311.mp4,Present,Absent,Absent,Absent,Present,Absent,Present,Present,Absent,Absent,Absent,,1,0,0,0,1,0,1,1,0,0,0,1,3,4,Pass,Pass,Pass,Pass,Pass,Pass,Pass,Pass,Pass,Pass,Pass,
REC0663,662,662,Benthic Habitat Maps for the Insular Shelf South of St. Thomas and St. John,"St. Thomas, USVI",GV,Ground Validation,Seaviewer Drop Camera,GV2011_313,2011-04-13,14:14:18,2011,4,18.22417293,-64.93804218,2063804.351,-7228869.789,2063804.351,-7228869.789,0.0,-41.72092056,41.721,https://nccospublicstor.blob.core.windows.net/biomapper/usviinsularshelf2017/videos/low/GV2011_313.mp4,Present,Absent,Absent,Present,Present,Absent,Present,Present,Absent,Absent,Absent,big school of grunt,1,0,0,1,1,0,1,1,0,0,0,2,3,5,Pass,Pass,Pass,Pass,Pass,Pass,Pass,Pass,Pass,Pass,Pass,
REC0664,663,663,Benthic Habitat Maps for the Insular Shelf South of St. Thomas and St. John,"St. Thomas, USVI",GV,Ground Validation,Seaviewer Drop Camera,GV2011_314,2011-04-13,14:08:18,2011,4,18.22134814,-64.93808149,2063473.294,-7228874.165,2063473.294,-7228874.165,0.001,-43.02864456,43.029,https://nccospublicstor.blob.core.windows.net/biomapper/usviinsularshelf2017/videos/low/GV2011_314.mp4,Present,Absent,Absent,Absent,Present,Absent,Present,Present,Absent,Absent,Absent,,1,0,0,0,1,0,1,1,0,0,0,1,3,4,Pass,Pass,Pass,Pass,Pass,Pass,Pass,Pass,Pass,Pass,Pass,
REC0665,664,664,Benthic Habitat Maps for the Insular Shelf South of St. Thomas and St. John,"St. Thomas, USVI",GV,Ground Validation,Seaviewer Drop Camera,GV2011_315,2011-04-13,08:54:39,2011,4,18.22567874,-64.89889759,2063980.83,-7224512.233,2063980.83,-7224512.233,0.0,-42.56324768,42.563,https://nccospublicstor.blob.core.windows.net/biomapper/usviinsularshelf2017/videos/low/GV2011_315.mp4,Present,Absent,Absent,Present,Present,Absent,Present,Present,Absent,Absent,Absent,Reef Shark,1,0,0,1,1,0,1,1,0,0,0,2,3,5,Pass,Pass,Pass,Pass,Pass,Pass,Pass,Pass,Pass,Pass,Pass,
REC0666,665,665,Benthic Habitat Maps for the Insular Shelf South of St. Thomas and St. John,"St. Thomas, USVI",GV,Ground Validation,HD Seaviewer Drop Camera,GV2016_001,2016-08-27,12:36:52,2016,8,18.25972382,-64.99977413,2067971.275,-7235741.758,2067971.275,-7235741.758,0.0,-36.14978409,36.15,https://nccospublicstor.blob.core.windows.net/biomapper/usviinsularshelf2017/videos/low/GV2016_001.mp4,Absent,Absent,Present,Present,Absent,Absent,Present,Present,Absent,Absent,Absent,,0,0,1,1,0,0,1,1,0,0,0,2,2,4,Pass,Pass,Pass,Pass,Pass,Pass,Pass,Pass,Pass,Pass,Pass,
REC0667,666,666,Benthic Habitat Maps for the Insular Shelf South of St. Thomas and St. John,"St. John, USVI",GV,Ground Validation,HD Seaviewer Drop Camera,GV2016_002,2016-09-16,13:58:15,2016,9,18.19314057,-64.77383938,2060167.741,-7210590.816,2060167.741,-7210590.817,0.001,-56.99687576,56.997,https://nccospublicstor.blob.core.windows.net/biomapper/usviinsularshelf2017/videos/low/GV2016_002.mp4,Absent,Absent,Present,Absent,Absent,Absent,Present,Present,Absent,Absent,Absent,,0,0,1,0,0,0,1,1,0,0,0,1,2,3,Pass,Pass,Pass,Pass,Pass,Pass,Pass,Pass,Pass,Pass,Pass,
REC0668,667,667,Benthic Habitat Maps for the Insular Shelf South of St. Thomas and St. John,"St. Thomas, USVI",GV,Ground Validation,HD Seaviewer Drop Camera,GV2016_003,2016-08-28,10:07:03,2016,8,18.19063768,-64.89945918,2059874.461,-7224574.749,2059874.461,-7224574.749,0.0,-50.69781494,50.698,https://nccospublicstor.blob.core.windows.net/biomapper/usviinsularshelf2017/videos/low/GV2016_003.mp4,Absent,Absent,Present,Absent,Present,Present,Present,Present,Absent,Absent,Absent,,0,0,1,0,1,1,1,1,0,0,0,1,4,5,Pass,Pass,Pass,Pass,Pass,Pass,Pass,Pass,Pass,Pass,Pass,
REC0669,668,668,Benthic Habitat Maps for the Insular Shelf South of St. Thomas and St. John,"St. Thomas, USVI",GV,Ground Validation,HD Seaviewer Drop Camera,GV2016_004,2016-08-29,10:07:37,2016,8,18.24084535,-64.87765893,2065758.421,-7222147.956,2065758.421,-7222147.956,0.0,-41.27537155,41.275,https://nccospublicstor.blob.core.windows.net/biomapper/usviinsularshelf2017/videos/low/GV2016_004.mp4,Absent,Absent,Present,Present,Present,Absent,Present,Present,Absent,Absent,Absent,,0,0,1,1,1,0,1,1,0,0,0,2,3,5,Pass,Pass,Pass,Pass,Pass,Pass,Pass,Pass,Pass,Pass,Pass,
REC0670,669,669,Benthic Habitat Maps for the Insular Shelf South of St. Thomas and St. John,"St. John, USVI",GV,Ground Validation,HD Seaviewer Drop Camera,GV2016_005,2016-09-12,12:39:31,2016,9,18.23874863,-64.68654013,2065512.667,-7200872.708,2065512.667,-7200872.708,0.001,-53.46626282,53.466,https://nccospublicstor.blob.core.windows.net/biomapper/usviinsularshelf2017/videos/low/GV2016_005.mp4,Absent,Present,Absent,Absent,Present,Absent,Present,Present,Absent,Absent,Absent,,0,1,0,0,1,0,1,1,0,0,0,1,3,4,Pass,Pass,Pass,Pass,Pass,Pass,Pass,Pass,Pass,Pass,Pass,
REC0671,670,670,Benthic Habitat Maps for the Insular Shelf South of St. Thomas and St. John,"St. Thomas, USVI",GV,Ground Validation,HD Seaviewer Drop Camera,GV2016_006,2016-08-27,14:04:35,2016,8,18.23642586,-65.03941368,2065240.422,-7240154.412,2065240.422,-7240154.412,0.0,-38.58404922,38.584,https://nccospublicstor.blob.core.windows.net/biomapper/usviinsularshelf2017/videos/low/GV2016_006.mp4,Absent,Absent,Present,Absent,Absent,Absent,Present,Present,Absent,Absent,Absent,,0,0,1,0,0,0,1,1,0,0,0,1,2,3,Pass,Pass,Pass,Pass,Pass,Pass,Pass,Pass,Pass,Pass,Pass,
REC0672,671,671,Benthic Habitat Maps for the Insular Shelf South of St. Thomas and St. John,Puerto Rico,GV,Ground Validation,HD Seaviewer Drop Camera,GV2016_008,2016-08-25,12:19:20,2016,8,18.24020911,-65.14835655,2065683.848,-7252281.877,2065683.848,-7252281.877,0.0,-37.23350143,37.234,https://nccospublicstor.blob.core.windows.net/biomapper/usviinsularshelf2017/videos/low/GV2016_008.mp4,Present,Absent,Absent,Absent,Present,Present,Present,Present,Absent,Absent,Absent,,1,0,0,0,1,1,1,1,0,0,0,1,4,5,Pass,Pass,Pass,Pass,Pass,Pass,Pass,Pass,Pass,Pass,Pass,
REC0673,672,672,Benthic Habitat Maps for the Insular Shelf South of St. Thomas and St. John,"St. Thomas, USVI",GV,Ground Validation,HD Seaviewer Drop Camera,GV2016_009,2016-08-27,14:32:01,2016,8,18.2434284,-65.0342044,2066061.181,-7239574.518,2066061.181,-7239574.518,0.0,-39.74074554,39.741,https://nccospublicstor.blob.core.windows.net/biomapper/usviinsularshelf2017/videos/low/GV2016_009.mp4,Absent,Absent,Present,Absent,Present,Absent,Present,Present,Absent,Absent,Absent,,0,0,1,0,1,0,1,1,0,0,0,1,3,4,Pass,Pass,Pass,Pass,Pass,Pass,Pass,Pass,Pass,Pass,Pass,
REC0674,673,673,Benthic Habitat Maps for the Insular Shelf South of St. Thomas and St. John,"St. Thomas, USVI",GV,Ground Validation,HD Seaviewer Drop Camera,GV2016_010,2016-08-30,09:42:55,2016,8,18.2570364,-64.98420551,2067656.252,-7234008.667,2067656.252,-7234008.667,0.0,-37.50697708,37.507,https://nccospublicstor.blob.core.windows.net/biomapper/usviinsularshelf2017/videos/low/GV2016_010.mp4,Absent,Absent,Present,Present,Absent,Absent,Present,Present,Absent,Absent,Absent,,0,0,1,1,0,0,1,1,0,0,0,2,2,4,Pass,Pass,Pass,Pass,Pass,Pass,Pass,Pass,Pass,Pass,Pass,
REC0675,674,674,Benthic Habitat Maps for the Insular Shelf South of St. Thomas and St. John,"St. John, USVI",GV,Ground Validation,HD Seaviewer Drop Camera,GV2016_011,2016-09-12,08:45:15,2016,9,18.26441258,-64.6892694,2068520.908,-7201176.529,2068520.908,-7201176.529,0.001,-47.87885284,47.879,https://nccospublicstor.blob.core.windows.net/biomapper/usviinsularshelf2017/videos/low/GV2016_011.mp4,Absent,Absent,Present,Absent,Absent,Absent,Present,Absent,Absent,Absent,Absent,No Video,0,0,1,0,0,0,1,0,0,0,0,1,1,2,Pass,Pass,Pass,Pass,Pass,Pass,Pass,Pass,Pass,Pass,Pass,
REC0676,675,675,Benthic Habitat Maps for the Insular Shelf South of St. Thomas and St. John,"St. Thomas, USVI",GV,Ground Validation,HD Seaviewer Drop Camera,GV2016_012,2016-08-29,10:48:11,2016,8,18.23995443,-64.8866958,2065653.997,-7223153.936,2065653.997,-7223153.936,0.0,-42.19469833,42.195,https://nccospublicstor.blob.core.windows.net/biomapper/usviinsularshelf2017/videos/low/GV2016_012.mp4,Absent,Absent,Present,Present,Absent,Absent,Present,Present,Absent,Absent,Absent,Trigger fish and Angel fish,0,0,1,1,0,0,1,1,0,0,0,2,2,4,Pass,Pass,Pass,Pass,Pass,Pass,Pass,Pass,Pass,Pass,Pass,
REC0677,676,676,Benthic Habitat Maps for the Insular Shelf South of St. Thomas and St. John,"St. John, USVI",GV,Ground Validation,HD Seaviewer Drop Camera,GV2016_013,2016-09-16,14:57:44,2016,9,18.18914401,-64.7661889,2059699.44,-7209739.169,2059699.44,-7209739.169,0.0,-55.53236008,55.532,https://nccospublicstor.blob.core.windows.net/biomapper/usviinsularshelf2017/videos/low/GV2016_013.mp4,Absent,Present,Present,Absent,Present,Absent,Present,Present,Absent,Absent,Absent,,0,1,1,0,1,0,1,1,0,0,0,2,3,5,Pass,Pass,Pass,Pass,Pass,Pass,Pass,Pass,Pass,Pass,Pass,
REC0678,677,677,Benthic Habitat Maps for the Insular Shelf South of St. Thomas and St. John,"St. John, USVI",GV,Ground Validation,HD Seaviewer Drop Camera,GV2016_014,2016-09-12,12:54:56,2016,9,18.24083089,-64.67931143,2065756.726,-7200068.013,2065756.726,-7200068.013,0.0,-51.66598129,51.666,https://nccospublicstor.blob.core.windows.net/biomapper/usviinsularshelf2017/videos/low/GV2016_014.mp4,Absent,Present,Present,Absent,Present,Absent,Present,Present,Absent,Absent,Absent,,0,1,1,0,1,0,1,1,0,0,0,2,3,5,Pass,Pass,Pass,Pass,Pass,Pass,Pass,Pass,Pass,Pass,Pass,
REC0679,678,678,Benthic Habitat Maps for the Insular Shelf South of St. Thomas and St. John,"St. Thomas, USVI",GV,Ground Validation,HD Seaviewer Drop Camera,GV2016_015,2016-08-25,13:41:37,2016,8,18.24680729,-65.08101666,2066457.228,-7244785.635,2066457.228,-7244785.635,0.0,-29.80367851,29.804,https://nccospublicstor.blob.core.windows.net/biomapper/usviinsularshelf2017/videos/low/GV2016_015.mp4,Present,Absent,Absent,Absent,Present,Absent,Present,Present,Absent,Absent,Absent,,1,0,0,0,1,0,1,1,0,0,0,1,3,4,Pass,Pass,Pass,Pass,Pass,Pass,Pass,Pass,Pass,Pass,Pass,
REC0680,679,679,Benthic Habitat Maps for the Insular Shelf South of St. Thomas and St. John,"St. Thomas, USVI",GV,Ground Validation,HD Seaviewer Drop Camera,GV2016_016,2016-08-25,14:26:55,2016,8,18.25428187,-65.06768706,2067333.368,-7243301.791,2067333.368,-7243301.791,0.0,-36.01930618,36.019,https://nccospublicstor.blob.core.windows.net/biomapper/usviinsularshelf2017/videos/low/GV2016_016.mp4,Absent,Absent,Present,Present,Absent,Absent,Present,Present,Absent,Absent,Absent,,0,0,1,1,0,0,1,1,0,0,0,2,2,4,Pass,Pass,Pass,Pass,Pass,Pass,Pass,Pass,Pass,Pass,Pass,
REC0681,680,680,Benthic Habitat Maps for the Insular Shelf South of St. Thomas and St. John,"St. Thomas, USVI",GV,Ground Validation,HD Seaviewer Drop Camera,GV2016_017,2016-08-28,14:14:17,2016,8,18.26319812,-64.91208002,2068378.543,-7225979.694,2068378.544,-7225979.694,0.001,-33.5062027,33.506,https://nccospublicstor.blob.core.windows.net/biomapper/usviinsularshelf2017/videos/low/GV2016_017.mp4,Absent,Absent,Present,Present,Absent,Absent,Present,Present,Absent,Absent,Absent,,0,0,1,1,0,0,1,1,0,0,0,2,2,4,Pass,Pass,Pass,Pass,Pass,Pass,Pass,Pass,Pass,Pass,Pass,
REC0682,681,681,Benthic Habitat Maps for the Insular Shelf South of St. Thomas and St. John,"St. Thomas, USVI",GV,Ground Validation,HD Seaviewer Drop Camera,GV2016_018,2016-08-28,13:35:34,2016,8,18.23679172,-64.91612703,2065283.303,-7226430.205,2065283.303,-7226430.205,0.0,-42.13845444,42.138,https://nccospublicstor.blob.core.windows.net/biomapper/usviinsularshelf2017/videos/low/GV2016_018.mp4,Absent,Absent,Present,Present,Absent,Absent,Present,Present,Absent,Absent,Absent,,0,0,1,1,0,0,1,1,0,0,0,2,2,4,Pass,Pass,Pass,Pass,Pass,Pass,Pass,Pass,Pass,Pass,Pass,
REC0683,682,682,Benthic Habitat Maps for the Insular Shelf South of St. Thomas and St. John,"St. Thomas, USVI",GV,Ground Validation,HD Seaviewer Drop Camera,GV2016_019,2016-08-29,08:56:56,2016,8,18.24148714,-64.85729136,2065833.645,-7219880.648,2065833.645,-7219880.648,0.0,-37.45013046,37.45,https://nccospublicstor.blob.core.windows.net/biomapper/usviinsularshelf2017/videos/low/GV2016_019.mp4,Absent,Absent,Absent,Present,Absent,Absent,Present,Present,Absent,Absent,Absent,,0,0,0,1,0,0,1,1,0,0,0,1,2,3,Pass,Pass,Pass,Pass,Pass,Pass,Pass,Pass,Pass,Pass,Pass,
REC0684,683,683,Benthic Habitat Maps for the Insular Shelf South of St. Thomas and St. John,"St. Thomas, USVI",GV,Ground Validation,HD Seaviewer Drop Camera,GV2016_020,2016-09-09,12:06:32,2016,9,18.25754787,-64.84403047,2067716.207,-7218404.453,2067716.207,-7218404.453,0.0,-35.74126816,35.741,https://nccospublicstor.blob.core.windows.net/biomapper/usviinsularshelf2017/videos/low/GV2016_020.mp4,Absent,Absent,Present,Present,Absent,Absent,Present,Present,Absent,Absent,Absent,,0,0,1,1,0,0,1,1,0,0,0,2,2,4,Pass,Pass,Pass,Pass,Pass,Pass,Pass,Pass,Pass,Pass,Pass,
REC0685,684,684,Benthic Habitat Maps for the Insular Shelf South of St. Thomas and St. John,"St. John, USVI",GV,Ground Validation,HD Seaviewer Drop Camera,GV2016_021,2016-08-31,11:52:00,2016,8,18.28161385,-64.80822012,2070537.432,-7214418.063,2070537.432,-7214418.063,0.0,-31.83828545,31.838,https://nccospublicstor.blob.core.windows.net/biomapper/usviinsularshelf2017/videos/low/GV2016_021.mp4,Absent,Present,Present,Absent,Absent,Absent,Present,Present,Absent,Absent,Absent,,0,1,1,0,0,0,1,1,0,0,0,2,2,4,Pass,Pass,Pass,Pass,Pass,Pass,Pass,Pass,Pass,Pass,Pass,
REC0686,685,685,Benthic Habitat Maps for the Insular Shelf South of St. Thomas and St. John,"St. Thomas, USVI",GV,Ground Validation,HD Seaviewer Drop Camera,GV2016_022,2016-08-27,10:58:45,2016,8,18.27149815,-65.04231674,2069351.533,-7240477.58,2069351.533,-7240477.58,0.001,-33.70791245,33.708,https://nccospublicstor.blob.core.windows.net/biomapper/usviinsularshelf2017/videos/low/GV2016_022.mp4,Absent,Absent,Present,Absent,Absent,Absent,Present,Present,Absent,Absent,Absent,,0,0,1,0,0,0,1,1,0,0,0,1,2,3,Pass,Pass,Pass,Pass,Pass,Pass,Pass,Pass,Pass,Pass,Pass,
REC0687,686,686,Benthic Habitat Maps for the Insular Shelf South of St. Thomas and St. John,"St. Thomas, USVI",GV,Ground Validation,HD Seaviewer Drop Camera,GV2016_023,2016-08-29,09:50:55,2016,8,18.23009695,-64.87610204,2064498.647,-7221974.644,2064498.647,-7221974.644,0.0,-43.69356155,43.694,https://nccospublicstor.blob.core.windows.net/biomapper/usviinsularshelf2017/videos/low/GV2016_023.mp4,Present,Absent,Absent,Absent,Present,Absent,Present,Present,Absent,Absent,Absent,,1,0,0,0,1,0,1,1,0,0,0,1,3,4,Pass,Pass,Pass,Pass,Pass,Pass,Pass,Pass,Pass,Pass,Pass,
REC0688,687,687,Benthic Habitat Maps for the Insular Shelf South of St. Thomas and St. John,Puerto Rico,GV,Ground Validation,HD Seaviewer Drop Camera,GV2016_024,2016-08-21,10:21:23,2016,8,18.12338913,-65.18251443,2051996.092,-7256084.315,2051996.092,-7256084.315,0.0,-44.13915634,44.139,https://nccospublicstor.blob.core.windows.net/biomapper/usviinsularshelf2017/videos/low/GV2016_024.mp4,Absent,Absent,Present,Absent,Absent,Absent,Present,Present,Absent,Absent,Absent,,0,0,1,0,0,0,1,1,0,0,0,1,2,3,Pass,Pass,Pass,Pass,Pass,Pass,Pass,Pass,Pass,Pass,Pass,
REC0689,688,688,Benthic Habitat Maps for the Insular Shelf South of St. Thomas and St. John,"St. Thomas, USVI",GV,Ground Validation,HD Seaviewer Drop Camera,GV2016_025,2016-08-30,11:28:57,2016,8,18.2620296,-64.95455491,2068241.565,-7230707.977,2068241.565,-7230707.977,0.0,-35.02596283,35.026,https://nccospublicstor.blob.core.windows.net/biomapper/usviinsularshelf2017/videos/low/GV2016_025.mp4,Absent,Absent,Present,Present,Absent,Absent,Present,Present,Absent,Absent,Absent,,0,0,1,1,0,0,1,1,0,0,0,2,2,4,Pass,Pass,Pass,Pass,Pass,Pass,Pass,Pass,Pass,Pass,Pass,
REC0690,689,689,Benthic Habitat Maps for the Insular Shelf South of St. Thomas and St. John,"St. Thomas, USVI",GV,Ground Validation,HD Seaviewer Drop Camera,GV2016_026,2016-08-25,14:07:37,2016,8,18.25299432,-65.07743337,2067182.444,-7244386.745,2067182.444,-7244386.745,0.0,-34.3782692,34.378,https://nccospublicstor.blob.core.windows.net/biomapper/usviinsularshelf2017/videos/low/GV2016_026.mp4,Present,Absent,Absent,Present,Present,Present,Present,Present,Absent,Absent,Absent,aggregated patches,1,0,0,1,1,1,1,1,0,0,0,2,4,6,Pass,Pass,Pass,Pass,Pass,Pass,Pass,Pass,Pass,Pass,Pass,
REC0691,690,690,Benthic Habitat Maps for the Insular Shelf South of St. Thomas and St. John,"St. Thomas, USVI",GV,Ground Validation,HD Seaviewer Drop Camera,GV2016_027,2016-08-27,13:13:56,2016,8,18.23834238,-65.00511428,2065465.052,-7236336.221,2065465.052,-7236336.221,0.0,-40.83957672,40.84,https://nccospublicstor.blob.core.windows.net/biomapper/usviinsularshelf2017/videos/low/GV2016_027.mp4,Absent,Absent,Present,Absent,Absent,Absent,Present,Present,Absent,Absent,Absent,Big school of fish Bigeye Scad (Scombridea),0,0,1,0,0,0,1,1,0,0,0,1,2,3,Pass,Pass,Pass,Pass,Pass,Pass,Pass,Pass,Pass,Pass,Pass,
REC0692,691,691,Benthic Habitat Maps for the Insular Shelf South of St. Thomas and St. John,"St. John, USVI",GV,Ground Validation,HD Seaviewer Drop Camera,GV2016_028,2016-09-13,10:00:33,2016,9,18.25376537,-64.78033165,2067272.825,-7211313.533,2067272.825,-7211313.533,0.0,-46.14571381,46.146,https://nccospublicstor.blob.core.windows.net/biomapper/usviinsularshelf2017/videos/low/GV2016_028.mp4,Absent,Absent,Present,Present,Absent,Absent,Present,Present,Absent,Absent,Absent,,0,0,1,1,0,0,1,1,0,0,0,2,2,4,Pass,Pass,Pass,Pass,Pass,Pass,Pass,Pass,Pass,Pass,Pass,
REC0693,692,692,Benthic Habitat Maps for the Insular Shelf South of St. Thomas and St. John,"St. John, USVI",GV,Ground Validation,HD Seaviewer Drop Camera,GV2016_029,2016-09-17,14:15:57,2016,9,18.23712069,-64.74913775,2065321.861,-7207841.044,2065321.861,-7207841.044,0.0,-55.31172943,55.312,https://nccospublicstor.blob.core.windows.net/biomapper/usviinsularshelf2017/videos/low/GV2016_029.mp4,Absent,Absent,Present,Absent,Absent,Absent,Present,Present,Absent,Absent,Absent,,0,0,1,0,0,0,1,1,0,0,0,1,2,3,Pass,Pass,Pass,Pass,Pass,Pass,Pass,Pass,Pass,Pass,Pass,
REC0694,693,693,Benthic Habitat Maps for the Insular Shelf South of St. Thomas and St. John,"St. Thomas, USVI",GV,Ground Validation,HD Seaviewer Drop Camera,GV2016_030,2016-08-26,09:31:17,2016,8,18.19436804,-64.95506987,2060311.573,-7230765.302,2060311.573,-7230765.302,0.0,-38.76075745,38.761,https://nccospublicstor.blob.core.windows.net/biomapper/usviinsularshelf2017/videos/low/GV2016_030.mp4,Present,Absent,Absent,Absent,Present,Absent,Present,Present,Absent,Absent,Absent,Lionfish and High Coral cover >70%,1,0,0,0,1,0,1,1,0,0,0,1,3,4,Pass,Pass,Pass,Pass,Pass,Pass,Pass,Pass,Pass,Pass,Pass,
REC0695,694,694,Benthic Habitat Maps for the Insular Shelf South of St. Thomas and St. John,"St. Thomas, USVI",GV,Ground Validation,HD Seaviewer Drop Camera,GV2016_031,2016-08-29,09:10:00,2016,8,18.22826302,-64.85587023,2064283.708,-7219722.449,2064283.708,-7219722.449,0.0,-43.18544769,43.185,https://nccospublicstor.blob.core.windows.net/biomapper/usviinsularshelf2017/videos/low/GV2016_031.mp4,Absent,Absent,Present,Absent,Absent,Absent,Present,Present,Absent,Absent,Absent,,0,0,1,0,0,0,1,1,0,0,0,1,2,3,Pass,Pass,Pass,Pass,Pass,Pass,Pass,Pass,Pass,Pass,Pass,
REC0696,695,695,Benthic Habitat Maps for the Insular Shelf South of St. Thomas and St. John,"St. Thomas, USVI",GV,Ground Validation,HD Seaviewer Drop Camera,GV2016_032,2016-08-25,14:42:02,2016,8,18.2605504,-65.05667731,2068068.168,-7242076.191,2068068.168,-7242076.191,0.0,-34.78422928,34.784,https://nccospublicstor.blob.core.windows.net/biomapper/usviinsularshelf2017/videos/low/GV2016_032.mp4,Absent,Absent,Present,Present,Absent,Absent,Present,Present,Absent,Absent,Absent,,0,0,1,1,0,0,1,1,0,0,0,2,2,4,Pass,Pass,Pass,Pass,Pass,Pass,Pass,Pass,Pass,Pass,Pass,
REC0697,696,696,Benthic Habitat Maps for the Insular Shelf South of St. Thomas and St. John,"St. John, USVI",GV,Ground Validation,HD Seaviewer Drop Camera,GV2016_033,2016-09-12,13:35:22,2016,9,18.24967273,-64.68556104,2066793.099,-7200763.717,2066793.099,-7200763.717,0.0,-46.99465942,46.995,https://nccospublicstor.blob.core.windows.net/biomapper/usviinsularshelf2017/videos/low/GV2016_033.mp4,Absent,Absent,Present,Absent,Absent,Absent,Present,Absent,Absent,Absent,Absent,,0,0,1,0,0,0,1,0,0,0,0,1,1,2,Pass,Pass,Pass,Pass,Pass,Pass,Pass,Pass,Pass,Pass,Pass,
REC0698,697,697,Benthic Habitat Maps for the Insular Shelf South of St. Thomas and St. John,Puerto Rico,GV,Ground Validation,HD Seaviewer Drop Camera,GV2016_034,2016-08-21,09:23:51,2016,8,18.13302863,-65.22166626,2053125.202,-7260442.677,2053125.202,-7260442.677,0.0,-39.98232269,39.982,https://nccospublicstor.blob.core.windows.net/biomapper/usviinsularshelf2017/videos/low/GV2016_034.mp4,Absent,Absent,Present,Absent,Present,Absent,Present,Present,Absent,Absent,Absent,,0,0,1,0,1,0,1,1,0,0,0,1,3,4,Pass,Pass,Pass,Pass,Pass,Pass,Pass,Pass,Pass,Pass,Pass,
REC0699,698,698,Benthic Habitat Maps for the Insular Shelf South of St. Thomas and St. John,"St. Thomas, USVI",GV,Ground Validation,HD Seaviewer Drop Camera,GV2016_035,2016-08-27,10:39:57,2016,8,18.24726158,-65.0450651,2066510.477,-7240783.526,2066510.477,-7240783.526,0.001,-38.332901,38.333,https://nccospublicstor.blob.core.windows.net/biomapper/usviinsularshelf2017/videos/low/GV2016_035.mp4,Absent,Absent,Absent,Present,Absent,Absent,Present,Present,Absent,Absent,Absent,,0,0,0,1,0,0,1,1,0,0,0,1,2,3,Pass,Pass,Pass,Pass,Pass,Pass,Pass,Pass,Pass,Pass,Pass,
REC0700,699,699,Benthic Habitat Maps for the Insular Shelf South of St. Thomas and St. John,"St. Thomas, USVI",GV,Ground Validation,HD Seaviewer Drop Camera,GV2016_036,2016-08-28,11:24:25,2016,8,18.19939296,-64.89382611,2060900.392,-7223947.678,2060900.392,-7223947.678,0.0,-48.58371353,48.584,https://nccospublicstor.blob.core.windows.net/biomapper/usviinsularshelf2017/videos/low/GV2016_036.mp4,Present,Present,Present,Absent,Present,Absent,Present,Present,Absent,Absent,Absent,Angelfish,1,1,1,0,1,0,1,1,0,0,0,3,3,6,Pass,Pass,Pass,Pass,Pass,Pass,Pass,Pass,Pass,Pass,Pass,
REC0701,700,700,Benthic Habitat Maps for the Insular Shelf South of St. Thomas and St. John,"St. John, USVI",GV,Ground Validation,HD Seaviewer Drop Camera,GV2016_038,2016-09-17,13:18:46,2016,9,18.21993233,-64.76270252,2063307.367,-7209351.067,2063307.367,-7209351.067,0.0,-54.10889816,54.109,https://nccospublicstor.blob.core.windows.net/biomapper/usviinsularshelf2017/videos/low/GV2016_038.mp4,Absent,Absent,Present,Absent,Absent,Absent,Present,Present,Absent,Absent,Absent,,0,0,1,0,0,0,1,1,0,0,0,1,2,3,Pass,Pass,Pass,Pass,Pass,Pass,Pass,Pass,Pass,Pass,Pass,
REC0702,701,701,Benthic Habitat Maps for the Insular Shelf South of St. Thomas and St. John,Puerto Rico,GV,Ground Validation,HD Seaviewer Drop Camera,GV2016_039,2016-08-21,14:02:26,2016,8,18.17902784,-65.23844832,2058514.117,-7262310.847,2058514.117,-7262310.847,0.0,-34.39329147,34.393,https://nccospublicstor.blob.core.windows.net/biomapper/usviinsularshelf2017/videos/low/GV2016_039.mp4,Absent,Present,Present,Present,Present,Absent,Present,Present,Absent,Absent,Absent,,0,1,1,1,1,0,1,1,0,0,0,3,3,6,Pass,Pass,Pass,Pass,Pass,Pass,Pass,Pass,Pass,Pass,Pass,
REC0703,702,702,Benthic Habitat Maps for the Insular Shelf South of St. Thomas and St. John,"St. John, USVI",GV,Ground Validation,HD Seaviewer Drop Camera,GV2016_040,2016-09-13,10:53:54,2016,9,18.23947827,-64.78051586,2065598.187,-7211334.039,2065598.187,-7211334.039,0.0,-46.66091537,46.661,https://nccospublicstor.blob.core.windows.net/biomapper/usviinsularshelf2017/videos/low/GV2016_040.mp4,Absent,Absent,Present,Absent,Absent,Absent,Present,Present,Absent,Absent,Absent,,0,0,1,0,0,0,1,1,0,0,0,1,2,3,Pass,Pass,Pass,Pass,Pass,Pass,Pass,Pass,Pass,Pass,Pass,
REC0704,703,703,Benthic Habitat Maps for the Insular Shelf South of St. Thomas and St. John,Puerto Rico,GV,Ground Validation,HD Seaviewer Drop Camera,GV2016_041,2016-08-21,08:31:06,2016,8,18.15471605,-65.1913441,2055665.757,-7257067.229,2055665.757,-7257067.229,0.0,-41.34778976,41.348,https://nccospublicstor.blob.core.windows.net/biomapper/usviinsularshelf2017/videos/low/GV2016_041.mp4,Present,Absent,Absent,Absent,Present,Absent,Present,Present,Absent,Absent,Absent,"wow, great coral cover and bleaching present",1,0,0,0,1,0,1,1,0,0,0,1,3,4,Pass,Pass,Pass,Pass,Pass,Pass,Pass,Pass,Pass,Pass,Pass,
REC0705,704,704,Benthic Habitat Maps for the Insular Shelf South of St. Thomas and St. John,"St. Thomas, USVI",GV,Ground Validation,HD Seaviewer Drop Camera,GV2016_042,2016-08-27,09:53:55,2016,8,18.22820731,-65.08981998,2064277.178,-7245765.616,2064277.178,-7245765.616,0.0,-33.37836075,33.378,https://nccospublicstor.blob.core.windows.net/biomapper/usviinsularshelf2017/videos/low/GV2016_042.mp4,Present,Absent,Absent,Absent,Present,Present,Present,Present,Absent,Absent,Absent,,1,0,0,0,1,1,1,1,0,0,0,1,4,5,Pass,Pass,Pass,Pass,Pass,Pass,Pass,Pass,Pass,Pass,Pass,
REC0706,705,705,Benthic Habitat Maps for the Insular Shelf South of St. Thomas and St. John,"St. John, USVI",GV,Ground Validation,HD Seaviewer Drop Camera,GV2016_044,2016-09-11,08:35:03,2016,9,18.27569586,-64.75907893,2069843.637,-7208947.691,2069843.637,-7208947.691,0.0,-37.75706482,37.757,https://nccospublicstor.blob.core.windows.net/biomapper/usviinsularshelf2017/videos/low/GV2016_044.mp4,Absent,Present,Absent,Present,Absent,Absent,Present,Present,Absent,Absent,Absent,,0,1,0,1,0,0,1,1,0,0,0,2,2,4,Pass,Pass,Pass,Pass,Pass,Pass,Pass,Pass,Pass,Pass,Pass,
REC0707,706,706,Benthic Habitat Maps for the Insular Shelf South of St. Thomas and St. John,Puerto Rico,GV,Ground Validation,HD Seaviewer Drop Camera,GV2016_045,2016-08-23,10:37:28,2016,8,18.21211999,-65.14641398,2062391.818,-7252065.631,2062391.818,-7252065.631,0.0,-40.45829773,40.458,https://nccospublicstor.blob.core.windows.net/biomapper/usviinsularshelf2017/videos/low/GV2016_045.mp4,Present,Absent,Absent,Present,Present,Absent,Present,Present,Absent,Absent,Absent,,1,0,0,1,1,0,1,1,0,0,0,2,3,5,Pass,Pass,Pass,Pass,Pass,Pass,Pass,Pass,Pass,Pass,Pass,
REC0708,707,707,Benthic Habitat Maps for the Insular Shelf South of St. Thomas and St. John,"St. Thomas, USVI",GV,Ground Validation,HD Seaviewer Drop Camera,GV2016_047,2016-08-28,10:30:58,2016,8,18.20398204,-64.92137383,2061438.154,-7227014.276,2061438.154,-7227014.276,0.0,-46.95053864,46.951,https://nccospublicstor.blob.core.windows.net/biomapper/usviinsularshelf2017/videos/low/GV2016_047.mp4,Absent,Present,Present,Present,Present,Absent,Present,Present,Absent,Absent,Absent,,0,1,1,1,1,0,1,1,0,0,0,3,3,6,Pass,Pass,Pass,Pass,Pass,Pass,Pass,Pass,Pass,Pass,Pass,
REC0709,708,708,Benthic Habitat Maps for the Insular Shelf South of St. Thomas and St. John,Puerto Rico,GV,Ground Validation,HD Seaviewer Drop Camera,GV2016_048,2016-08-23,09:38:50,2016,8,18.19871941,-65.18316782,2060821.464,-7256157.05,2060821.464,-7256157.05,0.0,-36.89941025,36.899,https://nccospublicstor.blob.core.windows.net/biomapper/usviinsularshelf2017/videos/low/GV2016_048.mp4,Present,Absent,Absent,Absent,Present,Present,Present,Present,Absent,Absent,Absent,,1,0,0,0,1,1,1,1,0,0,0,1,4,5,Pass,Pass,Pass,Pass,Pass,Pass,Pass,Pass,Pass,Pass,Pass,
REC0710,709,709,Benthic Habitat Maps for the Insular Shelf South of St. Thomas and St. John,"St. John, USVI",GV,Ground Validation,HD Seaviewer Drop Camera,GV2016_050,2016-09-13,09:29:12,2016,9,18.25570563,-64.8075107,2067500.259,-7214339.091,2067500.26,-7214339.091,0.001,-42.29909134,42.299,https://nccospublicstor.blob.core.windows.net/biomapper/usviinsularshelf2017/videos/low/GV2016_050.mp4,Absent,Present,Present,Present,Absent,Absent,Present,Present,Absent,Absent,Absent,,0,1,1,1,0,0,1,1,0,0,0,3,2,5,Pass,Pass,Pass,Pass,Pass,Pass,Pass,Pass,Pass,Pass,Pass,
REC0711,710,710,Benthic Habitat Maps for the Insular Shelf South of St. Thomas and St. John,Puerto Rico,GV,Ground Validation,HD Seaviewer Drop Camera,GV2016_051,2016-08-23,09:08:23,2016,8,18.20722882,-65.19258919,2061818.63,-7257205.832,2061818.63,-7257205.832,0.0,-30.89235878,30.892,https://nccospublicstor.blob.core.windows.net/biomapper/usviinsularshelf2017/videos/low/GV2016_051.mp4,Present,Absent,Absent,Absent,Present,Present,Present,Present,Absent,Absent,Absent,,1,0,0,0,1,1,1,1,0,0,0,1,4,5,Pass,Pass,Pass,Pass,Pass,Pass,Pass,Pass,Pass,Pass,Pass,
REC0712,711,711,Benthic Habitat Maps for the Insular Shelf South of St. Thomas and St. John,"St. John, USVI",GV,Ground Validation,HD Seaviewer Drop Camera,GV2016_052,2016-09-17,11:27:32,2016,9,18.20225138,-64.75530718,2061235.348,-7208527.821,2061235.348,-7208527.821,0.001,-53.53037262,53.53,https://nccospublicstor.blob.core.windows.net/biomapper/usviinsularshelf2017/videos/low/GV2016_052.mp4,Absent,Present,Present,Absent,Present,Absent,Present,Present,Absent,Absent,Absent,,0,1,1,0,1,0,1,1,0,0,0,2,3,5,Pass,Pass,Pass,Pass,Pass,Pass,Pass,Pass,Pass,Pass,Pass,
REC0713,712,712,Benthic Habitat Maps for the Insular Shelf South of St. Thomas and St. John,"St. Thomas, USVI",GV,Ground Validation,HD Seaviewer Drop Camera,GV2016_053,2016-09-09,14:02:16,2016,9,18.22841094,-64.83075839,2064301.044,-7216927.012,2064301.044,-7216927.012,0.0,-46.79137421,46.791,https://nccospublicstor.blob.core.windows.net/biomapper/usviinsularshelf2017/videos/low/GV2016_053.mp4,Absent,Absent,Present,Absent,Absent,Absent,Present,Present,Absent,Absent,Absent,,0,0,1,0,0,0,1,1,0,0,0,1,2,3,Pass,Pass,Pass,Pass,Pass,Pass,Pass,Pass,Pass,Pass,Pass,
REC0714,713,713,Benthic Habitat Maps for the Insular Shelf South of St. Thomas and St. John,"St. Thomas, USVI",GV,Ground Validation,HD Seaviewer Drop Camera,GV2016_055,2016-08-27,09:26:50,2016,8,18.23988203,-65.11902472,2065645.511,-7249016.673,2065645.511,-7249016.673,0.0,-29.69685364,29.697,https://nccospublicstor.blob.core.windows.net/biomapper/usviinsularshelf2017/videos/low/GV2016_055.mp4,Present,Absent,Absent,Absent,Present,Present,Present,Present,Absent,Absent,Absent,,1,0,0,0,1,1,1,1,0,0,0,1,4,5,Pass,Pass,Pass,Pass,Pass,Pass,Pass,Pass,Pass,Pass,Pass,
REC0715,714,714,Benthic Habitat Maps for the Insular Shelf South of St. Thomas and St. John,"St. John, USVI",GV,Ground Validation,HD Seaviewer Drop Camera,GV2016_056,2016-09-12,12:03:00,2016,9,18.22489394,-64.71221974,2063888.852,-7203731.35,2063888.852,-7203731.35,0.001,-52.4577179,52.458,https://nccospublicstor.blob.core.windows.net/biomapper/usviinsularshelf2017/videos/low/GV2016_056.mp4,Absent,Present,Absent,Absent,Present,Absent,Present,Present,Absent,Absent,Absent,,0,1,0,0,1,0,1,1,0,0,0,1,3,4,Pass,Pass,Pass,Pass,Pass,Pass,Pass,Pass,Pass,Pass,Pass,
REC0716,715,715,Benthic Habitat Maps for the Insular Shelf South of St. Thomas and St. John,"St. Thomas, USVI",GV,Ground Validation,HD Seaviewer Drop Camera,GV2016_057,2016-09-09,12:54:25,2016,9,18.21913248,-64.84584045,2063213.628,-7218605.939,2063213.628,-7218605.939,0.0,-49.50569916,49.506,https://nccospublicstor.blob.core.windows.net/biomapper/usviinsularshelf2017/videos/low/GV2016_057.mp4,Absent,Absent,Present,Absent,Absent,Absent,Present,Present,Absent,Absent,Absent,Very small of seagrass 10-15 cm,0,0,1,0,0,0,1,1,0,0,0,1,2,3,Pass,Pass,Pass,Pass,Pass,Pass,Pass,Pass,Pass,Pass,Pass,
REC0717,716,716,Benthic Habitat Maps for the Insular Shelf South of St. Thomas and St. John,"St. Thomas, USVI",GV,Ground Validation,HD Seaviewer Drop Camera,GV2016_058,2016-08-23,11:11:48,2016,8,18.18568421,-65.12972765,2059294.044,-7250208.117,2059294.044,-7250208.118,0.001,-41.32832336,41.328,https://nccospublicstor.blob.core.windows.net/biomapper/usviinsularshelf2017/videos/low/GV2016_058.mp4,Present,Absent,Absent,Absent,Present,Present,Present,Present,Absent,Absent,Absent,thin channels,1,0,0,0,1,1,1,1,0,0,0,1,4,5,Pass,Pass,Pass,Pass,Pass,Pass,Pass,Pass,Pass,Pass,Pass,
REC0718,717,717,Benthic Habitat Maps for the Insular Shelf South of St. Thomas and St. John,"St. John, USVI",GV,Ground Validation,HD Seaviewer Drop Camera,GV2016_059,2016-09-11,09:58:30,2016,9,18.2790296,-64.66854784,2070234.465,-7198869.816,2070234.465,-7198869.816,0.0,-44.0778656,44.078,https://nccospublicstor.blob.core.windows.net/biomapper/usviinsularshelf2017/videos/low/GV2016_059.mp4,Absent,Absent,Present,Present,Absent,Absent,Present,Absent,Absent,Absent,Absent,"snappers, jacks, triggers, grouper!",0,0,1,1,0,0,1,0,0,0,0,2,1,3,Pass,Pass,Pass,Pass,Pass,Pass,Pass,Pass,Pass,Pass,Pass,
REC0719,718,718,Benthic Habitat Maps for the Insular Shelf South of St. Thomas and St. John,"St. Thomas, USVI",GV,Ground Validation,HD Seaviewer Drop Camera,GV2016_060,2016-08-28,13:42:26,2016,8,18.24104679,-64.92120041,2065782.032,-7226994.971,2065782.032,-7226994.971,0.0,-41.40779495,41.408,https://nccospublicstor.blob.core.windows.net/biomapper/usviinsularshelf2017/videos/low/GV2016_060.mp4,Absent,Absent,Present,Present,Absent,Absent,Present,Present,Absent,Absent,Absent,,0,0,1,1,0,0,1,1,0,0,0,2,2,4,Pass,Pass,Pass,Pass,Pass,Pass,Pass,Pass,Pass,Pass,Pass,
REC0720,719,719,Benthic Habitat Maps for the Insular Shelf South of St. Thomas and St. John,Puerto Rico,GV,Ground Validation,HD Seaviewer Drop Camera,GV2016_061,2016-08-25,12:12:58,2016,8,18.23145719,-65.14344462,2064658.071,-7251735.084,2064658.071,-7251735.084,0.001,-32.16041183,32.16,https://nccospublicstor.blob.core.windows.net/biomapper/usviinsularshelf2017/videos/low/GV2016_061.mp4,Present,Absent,Absent,Absent,Present,Absent,Present,Present,Absent,Absent,Absent,,1,0,0,0,1,0,1,1,0,0,0,1,3,4,Pass,Pass,Pass,Pass,Pass,Pass,Pass,Pass,Pass,Pass,Pass,
REC0721,720,720,Benthic Habitat Maps for the Insular Shelf South of St. Thomas and St. John,"St. Thomas, USVI",GV,Ground Validation,HD Seaviewer Drop Camera,GV2016_062,2016-08-26,13:50:54,2016,8,18.18378418,-65.09756205,2059071.414,-7246627.459,2059071.414,-7246627.459,0.0,-36.03733826,36.037,https://nccospublicstor.blob.core.windows.net/biomapper/usviinsularshelf2017/videos/low/GV2016_062.mp4,Present,Absent,Absent,Absent,Present,Absent,Present,Present,Absent,Absent,Absent,High Coral cover >70%,1,0,0,0,1,0,1,1,0,0,0,1,3,4,Pass,Pass,Pass,Pass,Pass,Pass,Pass,Pass,Pass,Pass,Pass,
REC0722,721,721,Benthic Habitat Maps for the Insular Shelf South of St. Thomas and St. John,"St. Thomas, USVI",GV,Ground Validation,HD Seaviewer Drop Camera,GV2016_063,2016-08-26,09:24:46,2016,8,18.19498196,-64.94663907,2060383.511,-7229826.79,2060383.511,-7229826.79,0.0,-46.59272766,46.593,https://nccospublicstor.blob.core.windows.net/biomapper/usviinsularshelf2017/videos/low/GV2016_063.mp4,Present,Absent,Absent,Absent,Present,Absent,Present,Present,Absent,Absent,Absent,Long cable?,1,0,0,0,1,0,1,1,0,0,0,1,3,4,Pass,Pass,Pass,Pass,Pass,Pass,Pass,Pass,Pass,Pass,Pass,
REC0723,722,722,Benthic Habitat Maps for the Insular Shelf South of St. Thomas and St. John,"St. Thomas, USVI",GV,Ground Validation,HD Seaviewer Drop Camera,GV2016_064,2016-08-27,13:09:37,2016,8,18.23932261,-64.99852978,2065579.943,-7235603.237,2065579.943,-7235603.237,0.001,-39.61857986,39.619,https://nccospublicstor.blob.core.windows.net/biomapper/usviinsularshelf2017/videos/low/GV2016_064.mp4,Absent,Absent,Present,Absent,Absent,Absent,Present,Present,Absent,Absent,Absent,,0,0,1,0,0,0,1,1,0,0,0,1,2,3,Pass,Pass,Pass,Pass,Pass,Pass,Pass,Pass,Pass,Pass,Pass,
REC0724,723,723,Benthic Habitat Maps for the Insular Shelf South of St. Thomas and St. John,"St. Thomas, USVI",GV,Ground Validation,HD Seaviewer Drop Camera,GV2016_065,2016-08-28,09:04:23,2016,8,18.19891068,-64.87072751,2060843.878,-7221376.354,2060843.878,-7221376.354,0.0,-48.6973877,48.697,https://nccospublicstor.blob.core.windows.net/biomapper/usviinsularshelf2017/videos/low/GV2016_065.mp4,Absent,Present,Present,Absent,Absent,Absent,Present,Present,Absent,Absent,Absent,,0,1,1,0,0,0,1,1,0,0,0,2,2,4,Pass,Pass,Pass,Pass,Pass,Pass,Pass,Pass,Pass,Pass,Pass,
REC0725,724,724,Benthic Habitat Maps for the Insular Shelf South of St. Thomas and St. John,Puerto Rico,GV,Ground Validation,HD Seaviewer Drop Camera,GV2016_066,2016-08-22,11:53:59,2016,8,18.21940226,-65.18788741,2063245.245,-7256682.432,2063245.245,-7256682.432,0.0,-31.36958122,31.37,https://nccospublicstor.blob.core.windows.net/biomapper/usviinsularshelf2017/videos/low/GV2016_066.mp4,Present,Absent,Absent,Absent,Present,Absent,Present,Absent,Absent,Absent,Absent,Some coral colonies with coral bleaching,1,0,0,0,1,0,1,0,0,0,0,1,2,3,Pass,Pass,Pass,Pass,Pass,Pass,Pass,Pass,Pass,Pass,Pass,
REC0726,725,725,Benthic Habitat Maps for the Insular Shelf South of St. Thomas and St. John,"St. John, USVI",GV,Ground Validation,HD Seaviewer Drop Camera,GV2016_067,2016-09-16,11:20:16,2016,9,18.19177583,-64.79698663,2060007.825,-7213167.557,2060007.825,-7213167.557,0.0,-58.40877914,58.409,https://nccospublicstor.blob.core.windows.net/biomapper/usviinsularshelf2017/videos/low/GV2016_067.mp4,Absent,Present,Present,Absent,Present,Absent,Present,Present,Absent,Absent,Absent,,0,1,1,0,1,0,1,1,0,0,0,2,3,5,Pass,Pass,Pass,Pass,Pass,Pass,Pass,Pass,Pass,Pass,Pass,
REC0727,726,726,Benthic Habitat Maps for the Insular Shelf South of St. Thomas and St. John,Puerto Rico,GV,Ground Validation,HD Seaviewer Drop Camera,GV2016_068,2016-08-25,10:52:48,2016,8,18.23079076,-65.16114703,2064579.963,-7253705.707,2064579.963,-7253705.707,0.0,-36.40764999,36.408,https://nccospublicstor.blob.core.windows.net/biomapper/usviinsularshelf2017/videos/low/GV2016_068.mp4,Present,Absent,Absent,Absent,Present,Present,Present,Present,Absent,Absent,Absent,,1,0,0,0,1,1,1,1,0,0,0,1,4,5,Pass,Pass,Pass,Pass,Pass,Pass,Pass,Pass,Pass,Pass,Pass,
REC0728,727,727,Benthic Habitat Maps for the Insular Shelf South of St. Thomas and St. John,"St. John, USVI",GV,Ground Validation,HD Seaviewer Drop Camera,GV2016_071,2016-09-01,12:49:52,2016,9,18.29207754,-64.73464962,2071764.199,-7206228.232,2071764.199,-7206228.232,0.0,-31.72909546,31.729,https://nccospublicstor.blob.core.windows.net/biomapper/usviinsularshelf2017/videos/low/GV2016_071.mp4,Absent,Absent,Present,Present,Absent,Absent,Present,Present,Absent,Absent,Absent,,0,0,1,1,0,0,1,1,0,0,0,2,2,4,Pass,Pass,Pass,Pass,Pass,Pass,Pass,Pass,Pass,Pass,Pass,
REC0729,728,728,Benthic Habitat Maps for the Insular Shelf South of St. Thomas and St. John,Puerto Rico,GV,Ground Validation,HD Seaviewer Drop Camera,GV2016_072,2016-08-23,12:04:04,2016,8,18.1836164,-65.15040028,2059051.755,-7252509.384,2059051.755,-7252509.384,0.0,-41.2283287,41.228,https://nccospublicstor.blob.core.windows.net/biomapper/usviinsularshelf2017/videos/low/GV2016_072.mp4,Present,Absent,Absent,Absent,Present,Present,Present,Present,Absent,Absent,Absent,,1,0,0,0,1,1,1,1,0,0,0,1,4,5,Pass,Pass,Pass,Pass,Pass,Pass,Pass,Pass,Pass,Pass,Pass,
REC0730,729,729,Benthic Habitat Maps for the Insular Shelf South of St. Thomas and St. John,"St. Thomas, USVI",GV,Ground Validation,HD Seaviewer Drop Camera,GV2016_073,2016-08-20,13:39:24,2016,8,18.27614239,-65.12847632,2069895.985,-7250068.82,2069895.985,-7250068.82,0.0,-27.29063988,27.291,https://nccospublicstor.blob.core.windows.net/biomapper/usviinsularshelf2017/videos/low/GV2016_073.mp4,Present,Absent,Absent,Absent,Present,Absent,Present,Present,Absent,Absent,Absent,,1,0,0,0,1,0,1,1,0,0,0,1,3,4,Pass,Pass,Pass,Pass,Pass,Pass,Pass,Pass,Pass,Pass,Pass,
REC0731,730,730,Benthic Habitat Maps for the Insular Shelf South of St. Thomas and St. John,"St. Thomas, USVI",GV,Ground Validation,HD Seaviewer Drop Camera,GV2016_074,2016-08-26,10:19:02,2016,8,18.20295324,-64.97483444,2061317.595,-7232965.484,2061317.595,-7232965.484,0.0,-49.45997238,49.46,https://nccospublicstor.blob.core.windows.net/biomapper/usviinsularshelf2017/videos/low/GV2016_074.mp4,Absent,Absent,Present,Present,Absent,Absent,Present,Present,Absent,Absent,Absent,,0,0,1,1,0,0,1,1,0,0,0,2,2,4,Pass,Pass,Pass,Pass,Pass,Pass,Pass,Pass,Pass,Pass,Pass,
REC0732,731,731,Benthic Habitat Maps for the Insular Shelf South of St. Thomas and St. John,"St. Thomas, USVI",GV,Ground Validation,HD Seaviewer Drop Camera,GV2016_075,2016-08-30,12:58:54,2016,8,18.26402406,-64.85173572,2068475.364,-7219262.197,2068475.364,-7219262.197,0.0,-34.64213181,34.642,https://nccospublicstor.blob.core.windows.net/biomapper/usviinsularshelf2017/videos/low/GV2016_075.mp4,Absent,Absent,Present,Present,Absent,Absent,Present,Present,Absent,Absent,Absent,,0,0,1,1,0,0,1,1,0,0,0,2,2,4,Pass,Pass,Pass,Pass,Pass,Pass,Pass,Pass,Pass,Pass,Pass,
REC0733,732,732,Benthic Habitat Maps for the Insular Shelf South of St. Thomas and St. John,Puerto Rico,GV,Ground Validation,HD Seaviewer Drop Camera,GV2016_076,2016-08-22,11:19:29,2016,8,18.20614541,-65.19968529,2061691.669,-7257995.766,2061691.669,-7257995.766,0.0,-32.69114304,32.691,https://nccospublicstor.blob.core.windows.net/biomapper/usviinsularshelf2017/videos/low/GV2016_076.mp4,Present,Absent,Absent,Absent,Present,Present,Present,Present,Absent,Absent,Absent,,1,0,0,0,1,1,1,1,0,0,0,1,4,5,Pass,Pass,Pass,Pass,Pass,Pass,Pass,Pass,Pass,Pass,Pass,
REC0734,733,733,Benthic Habitat Maps for the Insular Shelf South of St. Thomas and St. John,"St. Thomas, USVI",GV,Ground Validation,HD Seaviewer Drop Camera,GV2016_077,2016-08-27,09:43:06,2016,8,18.22926666,-65.09773739,2064401.336,-7246646.978,2064401.335,-7246646.978,0.001,-31.49744034,31.497,https://nccospublicstor.blob.core.windows.net/biomapper/usviinsularshelf2017/videos/low/GV2016_077.mp4,Present,Absent,Absent,Absent,Present,Present,Present,Present,Absent,Absent,Absent,,1,0,0,0,1,1,1,1,0,0,0,1,4,5,Pass,Pass,Pass,Pass,Pass,Pass,Pass,Pass,Pass,Pass,Pass,
REC0735,734,734,Benthic Habitat Maps for the Insular Shelf South of St. Thomas and St. John,Puerto Rico,GV,Ground Validation,HD Seaviewer Drop Camera,GV2016_078,2016-08-21,08:08:33,2016,8,18.15735697,-65.21498028,2055975.147,-7259698.397,2055975.147,-7259698.397,0.0,-41.42189026,41.422,https://nccospublicstor.blob.core.windows.net/biomapper/usviinsularshelf2017/videos/low/GV2016_078.mp4,Absent,Absent,Present,Absent,Absent,Absent,Present,Absent,Absent,Absent,Absent,,0,0,1,0,0,0,1,0,0,0,0,1,1,2,Pass,Pass,Pass,Pass,Pass,Pass,Pass,Pass,Pass,Pass,Pass,
REC0736,735,735,Benthic Habitat Maps for the Insular Shelf South of St. Thomas and St. John,"St. Thomas, USVI",GV,Ground Validation,HD Seaviewer Drop Camera,GV2016_079,2016-09-09,14:34:03,2016,9,18.25714767,-64.82448036,2067669.295,-7216228.145,2067669.295,-7216228.145,0.0,-35.61655426,35.617,https://nccospublicstor.blob.core.windows.net/biomapper/usviinsularshelf2017/videos/low/GV2016_079.mp4,Absent,Absent,Present,Present,Absent,Absent,Present,Present,Absent,Absent,Absent,,0,0,1,1,0,0,1,1,0,0,0,2,2,4,Pass,Pass,Pass,Pass,Pass,Pass,Pass,Pass,Pass,Pass,Pass,
REC0737,736,736,Benthic Habitat Maps for the Insular Shelf South of St. Thomas and St. John,"St. John, USVI",GV,Ground Validation,HD Seaviewer Drop Camera,GV2016_080,2016-09-12,12:30:29,2016,9,18.23126196,-64.68699192,2064635.189,-7200923.002,2064635.189,-7200923.001,0.001,-53.98568344,53.986,https://nccospublicstor.blob.core.windows.net/biomapper/usviinsularshelf2017/videos/low/GV2016_080.mp4,Absent,Absent,Present,Absent,Present,Absent,Present,Present,Absent,Absent,Absent,,0,0,1,0,1,0,1,1,0,0,0,1,3,4,Pass,Pass,Pass,Pass,Pass,Pass,Pass,Pass,Pass,Pass,Pass,
REC0738,737,737,Benthic Habitat Maps for the Insular Shelf South of St. Thomas and St. John,Puerto Rico,GV,Ground Validation,HD Seaviewer Drop Camera,GV2016_081,2016-08-22,08:59:57,2016,8,18.16525182,-65.23450739,2056900.075,-7261872.145,2056900.075,-7261872.145,0.0,-37.80010223,37.8,https://nccospublicstor.blob.core.windows.net/biomapper/usviinsularshelf2017/videos/low/GV2016_081.mp4,Present,Absent,Absent,Present,Present,Absent,Present,Present,Absent,Absent,Absent,,1,0,0,1,1,0,1,1,0,0,0,2,3,5,Pass,Pass,Pass,Pass,Pass,Pass,Pass,Pass,Pass,Pass,Pass,
REC0739,738,738,Benthic Habitat Maps for the Insular Shelf South of St. Thomas and St. John,Puerto Rico,GV,Ground Validation,HD Seaviewer Drop Camera,GV2016_082,2016-08-21,08:47:10,2016,8,18.14608853,-65.19350544,2054655.056,-7257307.829,2054655.055,-7257307.829,0.001,-37.33971024,37.34,https://nccospublicstor.blob.core.windows.net/biomapper/usviinsularshelf2017/videos/low/GV2016_082.mp4,Present,Absent,Absent,Absent,Present,Present,Present,Present,Absent,Absent,Absent,Coral Bleaching,1,0,0,0,1,1,1,1,0,0,0,1,4,5,Pass,Pass,Pass,Pass,Pass,Pass,Pass,Pass,Pass,Pass,Pass,
REC0740,739,739,Benthic Habitat Maps for the Insular Shelf South of St. Thomas and St. John,Puerto Rico,GV,Ground Validation,HD Seaviewer Drop Camera,GV2016_084,2016-08-22,10:23:34,2016,8,18.18101834,-65.19725164,2058747.341,-7257724.854,2058747.341,-7257724.854,0.001,-38.72258759,38.723,https://nccospublicstor.blob.core.windows.net/biomapper/usviinsularshelf2017/videos/low/GV2016_084.mp4,Present,Absent,Absent,Absent,Present,Present,Present,Present,Absent,Absent,Absent,Some coral colonies with coral bleaching,1,0,0,0,1,1,1,1,0,0,0,1,4,5,Pass,Pass,Pass,Pass,Pass,Pass,Pass,Pass,Pass,Pass,Pass,
REC0741,740,740,Benthic Habitat Maps for the Insular Shelf South of St. Thomas and St. John,"St. Thomas, USVI",GV,Ground Validation,HD Seaviewer Drop Camera,GV2016_085,2016-08-29,11:00:38,2016,8,18.23622751,-64.88971962,2065217.174,-7223490.546,2065217.174,-7223490.546,0.0,-42.0610199,42.061,https://nccospublicstor.blob.core.windows.net/biomapper/usviinsularshelf2017/videos/low/GV2016_085.mp4,Absent,Absent,Present,Present,Absent,Absent,Present,Present,Absent,Absent,Absent,,0,0,1,1,0,0,1,1,0,0,0,2,2,4,Pass,Pass,Pass,Pass,Pass,Pass,Pass,Pass,Pass,Pass,Pass,
REC0742,741,741,Benthic Habitat Maps for the Insular Shelf South of St. Thomas and St. John,"St. John, USVI",GV,Ground Validation,HD Seaviewer Drop Camera,GV2016_086,2016-09-13,13:18:31,2016,9,18.23508224,-64.8114072,2065082.942,-7214772.847,2065082.942,-7214772.847,0.0,-49.27452087,49.275,https://nccospublicstor.blob.core.windows.net/biomapper/usviinsularshelf2017/videos/low/GV2016_086.mp4,Absent,Absent,Present,Absent,Absent,Absent,Present,Present,Absent,Absent,Absent,,0,0,1,0,0,0,1,1,0,0,0,1,2,3,Pass,Pass,Pass,Pass,Pass,Pass,Pass,Pass,Pass,Pass,Pass,
REC0743,742,742,Benthic Habitat Maps for the Insular Shelf South of St. Thomas and St. John,"St. Thomas, USVI",GV,Ground Validation,HD Seaviewer Drop Camera,GV2016_087,2016-08-28,10:00:11,2016,8,18.18027606,-64.89724075,2058660.369,-7224327.794,2058660.368,-7224327.794,0.001,-52.89482498,52.895,https://nccospublicstor.blob.core.windows.net/biomapper/usviinsularshelf2017/videos/low/GV2016_087.mp4,Absent,Absent,Present,Absent,Present,Absent,Present,Present,Absent,Absent,Absent,,0,0,1,0,1,0,1,1,0,0,0,1,3,4,Pass,Pass,Pass,Pass,Pass,Pass,Pass,Pass,Pass,Pass,Pass,
REC0744,743,743,Benthic Habitat Maps for the Insular Shelf South of St. Thomas and St. John,"St. Thomas, USVI",GV,Ground Validation,HD Seaviewer Drop Camera,GV2016_088,2016-08-26,12:25:27,2016,8,18.21907692,-65.0384688,2063207.117,-7240049.229,2063207.117,-7240049.229,0.0,-41.54039383,41.54,https://nccospublicstor.blob.core.windows.net/biomapper/usviinsularshelf2017/videos/low/GV2016_088.mp4,Absent,Absent,Present,Present,Absent,Absent,Present,Present,Absent,Absent,Absent,,0,0,1,1,0,0,1,1,0,0,0,2,2,4,Pass,Pass,Pass,Pass,Pass,Pass,Pass,Pass,Pass,Pass,Pass,
REC0745,744,744,Benthic Habitat Maps for the Insular Shelf South of St. Thomas and St. John,"St. Thomas, USVI",GV,Ground Validation,HD Seaviewer Drop Camera,GV2016_090,2016-08-26,10:38:41,2016,8,18.20265556,-64.99690706,2061282.712,-7235422.597,2061282.712,-7235422.597,0.0,-42.74773407,42.748,https://nccospublicstor.blob.core.windows.net/biomapper/usviinsularshelf2017/videos/low/GV2016_090.mp4,Absent,Present,Present,Present,Present,Absent,Present,Present,Absent,Absent,Absent,,0,1,1,1,1,0,1,1,0,0,0,3,3,6,Pass,Pass,Pass,Pass,Pass,Pass,Pass,Pass,Pass,Pass,Pass,
REC0746,745,745,Benthic Habitat Maps for the Insular Shelf South of St. Thomas and St. John,"St. John, USVI",GV,Ground Validation,HD Seaviewer Drop Camera,GV2016_091,2016-09-17,07:12:44,2016,9,18.25918185,-64.76129701,2067907.744,-7209194.606,2067907.744,-7209194.606,0.0,-45.22206879,45.222,https://nccospublicstor.blob.core.windows.net/biomapper/usviinsularshelf2017/videos/low/GV2016_091.mp4,Absent,Absent,Present,Absent,Absent,Absent,Present,Present,Absent,Absent,Absent,,0,0,1,0,0,0,1,1,0,0,0,1,2,3,Pass,Pass,Pass,Pass,Pass,Pass,Pass,Pass,Pass,Pass,Pass,
REC0747,746,746,Benthic Habitat Maps for the Insular Shelf South of St. Thomas and St. John,"St. John, USVI",GV,Ground Validation,HD Seaviewer Drop Camera,GV2016_092,2016-09-17,11:02:24,2016,9,18.20623883,-64.73969352,2061702.617,-7206789.717,2061702.616,-7206789.717,0.001,-52.5897789,52.59,https://nccospublicstor.blob.core.windows.net/biomapper/usviinsularshelf2017/videos/low/GV2016_092.mp4,Absent,Present,Present,Absent,Present,Absent,Present,Present,Absent,Absent,Absent,,0,1,1,0,1,0,1,1,0,0,0,2,3,5,Pass,Pass,Pass,Pass,Pass,Pass,Pass,Pass,Pass,Pass,Pass,
REC0748,747,747,Benthic Habitat Maps for the Insular Shelf South of St. Thomas and St. John,Puerto Rico,GV,Ground Validation,HD Seaviewer Drop Camera,GV2016_094,2016-08-23,13:31:40,2016,8,18.18374434,-65.17260417,2059066.746,-7254981.11,2059066.746,-7254981.11,0.0,-37.85372162,37.854,https://nccospublicstor.blob.core.windows.net/biomapper/usviinsularshelf2017/videos/low/GV2016_094.mp4,Present,Absent,Absent,Absent,Present,Absent,Present,Present,Absent,Absent,Absent,,1,0,0,0,1,0,1,1,0,0,0,1,3,4,Pass,Pass,Pass,Pass,Pass,Pass,Pass,Pass,Pass,Pass,Pass,
REC0749,748,748,Benthic Habitat Maps for the Insular Shelf South of St. Thomas and St. John,"St. Thomas, USVI",GV,Ground Validation,HD Seaviewer Drop Camera,GV2016_095,2016-08-29,13:16:56,2016,8,18.22474109,-64.94800457,2063870.938,-7229978.797,2063870.939,-7229978.797,0.001,-43.39652634,43.397,https://nccospublicstor.blob.core.windows.net/biomapper/usviinsularshelf2017/videos/low/GV2016_095.mp4,Absent,Absent,Present,Absent,Present,Absent,Present,Present,Absent,Absent,Absent,,0,0,1,0,1,0,1,1,0,0,0,1,3,4,Pass,Pass,Pass,Pass,Pass,Pass,Pass,Pass,Pass,Pass,Pass,
REC0750,749,749,Benthic Habitat Maps for the Insular Shelf South of St. Thomas and St. John,"St. Thomas, USVI",GV,Ground Validation,HD Seaviewer Drop Camera,GV2016_097,2016-08-25,11:38:11,2016,8,18.22205067,-65.12939207,2063555.628,-7250170.761,2063555.628,-7250170.761,0.0,-35.84222031,35.842,https://nccospublicstor.blob.core.windows.net/biomapper/usviinsularshelf2017/videos/low/GV2016_097.mp4,Present,Absent,Absent,Present,Present,Absent,Present,Present,Absent,Absent,Absent,,1,0,0,1,1,0,1,1,0,0,0,2,3,5,Pass,Pass,Pass,Pass,Pass,Pass,Pass,Pass,Pass,Pass,Pass,
REC0751,750,750,Benthic Habitat Maps for the Insular Shelf South of St. Thomas and St. John,"St. Thomas, USVI",GV,Ground Validation,HD Seaviewer Drop Camera,GV2016_098,2016-08-29,13:05:57,2016,8,18.2292157,-64.94132905,2064395.363,-7229235.681,2064395.363,-7229235.681,0.0,-42.91796494,42.918,https://nccospublicstor.blob.core.windows.net/biomapper/usviinsularshelf2017/videos/low/GV2016_098.mp4,Absent,Absent,Present,Present,Absent,Absent,Present,Present,Absent,Absent,Absent,,0,0,1,1,0,0,1,1,0,0,0,2,2,4,Pass,Pass,Pass,Pass,Pass,Pass,Pass,Pass,Pass,Pass,Pass,
REC0752,751,751,Benthic Habitat Maps for the Insular Shelf South of St. Thomas and St. John,"St. Thomas, USVI",GV,Ground Validation,HD Seaviewer Drop Camera,GV2016_099,2016-08-26,08:22:24,2016,8,18.1926976,-64.92106666,2060115.835,-7226980.082,2060115.835,-7226980.082,0.0,-56.1519165,56.152,https://nccospublicstor.blob.core.windows.net/biomapper/usviinsularshelf2017/videos/low/GV2016_099.mp4,Absent,Absent,Present,Absent,Absent,Absent,Present,Present,Absent,Absent,Absent,,0,0,1,0,0,0,1,1,0,0,0,1,2,3,Pass,Pass,Pass,Pass,Pass,Pass,Pass,Pass,Pass,Pass,Pass,
REC0753,752,752,Benthic Habitat Maps for the Insular Shelf South of St. Thomas and St. John,"St. Thomas, USVI",GV,Ground Validation,HD Seaviewer Drop Camera,GV2016_100,2016-08-29,14:21:39,2016,8,18.22994839,-64.98639903,2064481.236,-7234252.849,2064481.235,-7234252.849,0.001,-41.57643127,41.576,https://nccospublicstor.blob.core.windows.net/biomapper/usviinsularshelf2017/videos/low/GV2016_100.mp4,Absent,Absent,Present,Present,Absent,Absent,Present,Present,Absent,Absent,Absent,,0,0,1,1,0,0,1,1,0,0,0,2,2,4,Pass,Pass,Pass,Pass,Pass,Pass,Pass,Pass,Pass,Pass,Pass,
REC0754,753,753,Benthic Habitat Maps for the Insular Shelf South of St. Thomas and St. John,Puerto Rico,GV,Ground Validation,HD Seaviewer Drop Camera,GV2016_102,2016-08-21,13:14:10,2016,8,18.13980891,-65.25825323,2053919.438,-7264515.52,2053919.438,-7264515.52,0.001,-32.83680725,32.837,https://nccospublicstor.blob.core.windows.net/biomapper/usviinsularshelf2017/videos/low/GV2016_102.mp4,Absent,Absent,Present,Absent,Present,Absent,Present,Present,Absent,Absent,Absent,,0,0,1,0,1,0,1,1,0,0,0,1,3,4,Pass,Pass,Pass,Pass,Pass,Pass,Pass,Pass,Pass,Pass,Pass,
REC0755,754,754,Benthic Habitat Maps for the Insular Shelf South of St. Thomas and St. John,"St. John, USVI",GV,Ground Validation,HD Seaviewer Drop Camera,GV2016_103,2016-09-16,12:11:18,2016,9,18.20101814,-64.79565505,2061090.834,-7213019.326,2061090.834,-7213019.326,0.0,-54.14231873,54.142,https://nccospublicstor.blob.core.windows.net/biomapper/usviinsularshelf2017/videos/low/GV2016_103.mp4,Absent,Present,Present,Absent,Present,Absent,Present,Present,Absent,Absent,Absent,,0,1,1,0,1,0,1,1,0,0,0,2,3,5,Pass,Pass,Pass,Pass,Pass,Pass,Pass,Pass,Pass,Pass,Pass,
REC0756,755,755,Benthic Habitat Maps for the Insular Shelf South of St. Thomas and St. John,"St. Thomas, USVI",GV,Ground Validation,HD Seaviewer Drop Camera,GV2016_104,2016-08-28,11:03:47,2016,8,18.20013387,-64.90623445,2060987.213,-7225328.968,2060987.213,-7225328.968,0.0,-50.25473785,50.255,https://nccospublicstor.blob.core.windows.net/biomapper/usviinsularshelf2017/videos/low/GV2016_104.mp4,Present,Present,Present,Absent,Present,Absent,Present,Present,Absent,Absent,Absent,Great Barracuda,1,1,1,0,1,0,1,1,0,0,0,3,3,6,Pass,Pass,Pass,Pass,Pass,Pass,Pass,Pass,Pass,Pass,Pass,
REC0757,756,756,Benthic Habitat Maps for the Insular Shelf South of St. Thomas and St. John,"St. Thomas, USVI",GV,Ground Validation,HD Seaviewer Drop Camera,GV2016_105,2016-08-29,12:21:11,2016,8,18.2550998,-64.92960778,2067429.245,-7227930.876,2067429.245,-7227930.875,0.001,-39.35630417,39.356,https://nccospublicstor.blob.core.windows.net/biomapper/usviinsularshelf2017/videos/low/GV2016_105.mp4,Absent,Absent,Absent,Present,Absent,Absent,Present,Absent,Absent,Absent,Absent,,0,0,0,1,0,0,1,0,0,0,0,1,1,2,Pass,Pass,Pass,Pass,Pass,Pass,Pass,Pass,Pass,Pass,Pass,
REC0758,757,757,Benthic Habitat Maps for the Insular Shelf South of St. Thomas and St. John,Puerto Rico,GV,Ground Validation,HD Seaviewer Drop Camera,GV2016_106,2016-08-21,12:05:07,2016,8,18.12239759,-65.22610295,2051879.952,-7260936.567,2051879.952,-7260936.567,0.0,-48.99835968,48.998,https://nccospublicstor.blob.core.windows.net/biomapper/usviinsularshelf2017/videos/low/GV2016_106.mp4,Absent,Present,Present,Absent,Absent,Absent,Present,Present,Absent,Absent,Absent,,0,1,1,0,0,0,1,1,0,0,0,2,2,4,Pass,Pass,Pass,Pass,Pass,Pass,Pass,Pass,Pass,Pass,Pass,
REC0759,758,758,Benthic Habitat Maps for the Insular Shelf South of St. Thomas and St. John,"St. John, USVI",GV,Ground Validation,HD Seaviewer Drop Camera,GV2016_107,2016-09-11,09:06:46,2016,9,18.27313364,-64.71216443,2069543.263,-7203725.192,2069543.263,-7203725.192,0.001,-29.57411575,29.574,https://nccospublicstor.blob.core.windows.net/biomapper/usviinsularshelf2017/videos/low/GV2016_107.mp4,Absent,Present,Present,Absent,Present,Present,Present,Present,Absent,Absent,Absent,,0,1,1,0,1,1,1,1,0,0,0,2,4,6,Pass,Pass,Pass,Pass,Pass,Pass,Pass,Pass,Pass,Pass,Pass,
REC0760,759,759,Benthic Habitat Maps for the Insular Shelf South of St. Thomas and St. John,"St. Thomas, USVI",GV,Ground Validation,HD Seaviewer Drop Camera,GV2016_108,2016-09-09,14:17:19,2016,9,18.25631758,-64.83511912,2067571.992,-7217412.446,2067571.992,-7217412.446,0.0,-37.23793411,37.238,https://nccospublicstor.blob.core.windows.net/biomapper/usviinsularshelf2017/videos/low/GV2016_108.mp4,Absent,Absent,Present,Present,Absent,Absent,Present,Present,Absent,Absent,Absent,,0,0,1,1,0,0,1,1,0,0,0,2,2,4,Pass,Pass,Pass,Pass,Pass,Pass,Pass,Pass,Pass,Pass,Pass,
REC0761,760,760,Benthic Habitat Maps for the Insular Shelf South of St. Thomas and St. John,"St. Thomas, USVI",GV,Ground Validation,HD Seaviewer Drop Camera,GV2016_109,2016-08-28,14:19:22,2016,8,18.25657325,-64.91127712,2067601.962,-7225890.316,2067601.962,-7225890.316,0.0,-38.77623367,38.776,https://nccospublicstor.blob.core.windows.net/biomapper/usviinsularshelf2017/videos/low/GV2016_109.mp4,Absent,Absent,Absent,Present,Absent,Absent,Present,Present,Absent,Absent,Absent,,0,0,0,1,0,0,1,1,0,0,0,1,2,3,Pass,Pass,Pass,Pass,Pass,Pass,Pass,Pass,Pass,Pass,Pass,
REC0762,761,761,Benthic Habitat Maps for the Insular Shelf South of St. Thomas and St. John,"St. John, USVI",GV,Ground Validation,HD Seaviewer Drop Camera,GV2016_111,2016-09-12,13:50:10,2016,9,18.25694324,-64.68825305,2067645.332,-7201063.39,2067645.332,-7201063.39,0.0,-48.58011246,48.58,https://nccospublicstor.blob.core.windows.net/biomapper/usviinsularshelf2017/videos/low/GV2016_111.mp4,Absent,Absent,Present,Present,Present,Absent,Present,Present,Absent,Absent,Absent,,0,0,1,1,1,0,1,1,0,0,0,2,3,5,Pass,Pass,Pass,Pass,Pass,Pass,Pass,Pass,Pass,Pass,Pass,
REC0763,762,762,Benthic Habitat Maps for the Insular Shelf South of St. Thomas and St. John,"St. John, USVI",GV,Ground Validation,HD Seaviewer Drop Camera,GV2016_112,2016-09-13,11:58:19,2016,9,18.21792259,-64.80068114,2063071.836,-7213578.828,2063071.836,-7213578.828,0.0,-52.54598618,52.546,https://nccospublicstor.blob.core.windows.net/biomapper/usviinsularshelf2017/videos/low/GV2016_112.mp4,Absent,Present,Present,Absent,Present,Absent,Present,Present,Absent,Absent,Absent,,0,1,1,0,1,0,1,1,0,0,0,2,3,5,Pass,Pass,Pass,Pass,Pass,Pass,Pass,Pass,Pass,Pass,Pass,
REC0764,763,763,Benthic Habitat Maps for the Insular Shelf South of St. Thomas and St. John,"St. Thomas, USVI",GV,Ground Validation,HD Seaviewer Drop Camera,GV2016_113,2016-08-25,13:54:44,2016,8,18.23762582,-65.07340069,2065381.066,-7243937.829,2065381.066,-7243937.829,0.0,-31.33110809,31.331,https://nccospublicstor.blob.core.windows.net/biomapper/usviinsularshelf2017/videos/low/GV2016_113.mp4,Present,Absent,Absent,Absent,Present,Present,Present,Present,Absent,Absent,Absent,,1,0,0,0,1,1,1,1,0,0,0,1,4,5,Pass,Pass,Pass,Pass,Pass,Pass,Pass,Pass,Pass,Pass,Pass,
REC0765,764,764,Benthic Habitat Maps for the Insular Shelf South of St. Thomas and St. John,"St. Thomas, USVI",GV,Ground Validation,HD Seaviewer Drop Camera,GV2016_114,2016-08-26,10:12:38,2016,8,18.19644756,-64.97765547,2060555.248,-7233279.52,2060555.248,-7233279.52,0.0,-51.76031876,51.76,https://nccospublicstor.blob.core.windows.net/biomapper/usviinsularshelf2017/videos/low/GV2016_114.mp4,Absent,Absent,Present,Absent,Absent,Absent,Present,Present,Absent,Absent,Absent,,0,0,1,0,0,0,1,1,0,0,0,1,2,3,Pass,Pass,Pass,Pass,Pass,Pass,Pass,Pass,Pass,Pass,Pass,
REC0766,765,765,Benthic Habitat Maps for the Insular Shelf South of St. Thomas and St. John,Puerto Rico,GV,Ground Validation,HD Seaviewer Drop Camera,GV2016_115,2016-08-22,09:33:26,2016,8,18.18014503,-65.22168123,2058645.016,-7260444.343,2058645.016,-7260444.343,0.0,-39.22076797,39.221,https://nccospublicstor.blob.core.windows.net/biomapper/usviinsularshelf2017/videos/low/GV2016_115.mp4,Present,Absent,Absent,Present,Present,Absent,Present,Present,Absent,Absent,Absent,,1,0,0,1,1,0,1,1,0,0,0,2,3,5,Pass,Pass,Pass,Pass,Pass,Pass,Pass,Pass,Pass,Pass,Pass,
REC0767,766,766,Benthic Habitat Maps for the Insular Shelf South of St. Thomas and St. John,"St. John, USVI",GV,Ground Validation,HD Seaviewer Drop Camera,GV2016_116,2016-09-13,13:35:02,2016,9,18.24275087,-64.79991898,2065981.767,-7213493.984,2065981.767,-7213493.984,0.0,-46.68661499,46.687,https://nccospublicstor.blob.core.windows.net/biomapper/usviinsularshelf2017/videos/low/GV2016_116.mp4,Absent,Absent,Present,Present,Absent,Absent,Present,Present,Absent,Absent,Absent,,0,0,1,1,0,0,1,1,0,0,0,2,2,4,Pass,Pass,Pass,Pass,Pass,Pass,Pass,Pass,Pass,Pass,Pass,
REC0768,767,767,Benthic Habitat Maps for the Insular Shelf South of St. Thomas and St. John,"St. John, USVI",GV,Ground Validation,HD Seaviewer Drop Camera,GV2016_117,2016-09-12,08:58:58,2016,9,18.27593811,-64.68600273,2069872.037,-7200812.885,2069872.037,-7200812.885,0.001,-44.19260788,44.193,https://nccospublicstor.blob.core.windows.net/biomapper/usviinsularshelf2017/videos/low/GV2016_117.mp4,Absent,Absent,Present,Absent,Absent,Absent,Present,Present,Absent,Absent,Absent,,0,0,1,0,0,0,1,1,0,0,0,1,2,3,Pass,Pass,Pass,Pass,Pass,Pass,Pass,Pass,Pass,Pass,Pass,
REC0769,768,768,Benthic Habitat Maps for the Insular Shelf South of St. Thomas and St. John,Puerto Rico,GV,Ground Validation,HD Seaviewer Drop Camera,GV2016_118,2016-08-21,08:00:48,2016,8,18.16184473,-65.21138264,2056500.909,-7259297.909,2056500.909,-7259297.909,0.001,-36.94882584,36.949,https://nccospublicstor.blob.core.windows.net/biomapper/usviinsularshelf2017/videos/low/GV2016_118.mp4,Present,Absent,Absent,Absent,Present,Present,Present,Present,Absent,Absent,Absent,,1,0,0,0,1,1,1,1,0,0,0,1,4,5,Pass,Pass,Pass,Pass,Pass,Pass,Pass,Pass,Pass,Pass,Pass,
REC0770,769,769,Benthic Habitat Maps for the Insular Shelf South of St. Thomas and St. John,"St. Thomas, USVI",GV,Ground Validation,HD Seaviewer Drop Camera,GV2016_120,2016-08-30,11:36:45,2016,8,18.27287908,-64.95906027,2069513.42,-7231209.512,2069513.42,-7231209.512,0.0,-33.50501251,33.505,https://nccospublicstor.blob.core.windows.net/biomapper/usviinsularshelf2017/videos/low/GV2016_120.mp4,Absent,Absent,Present,Present,Absent,Absent,Present,Present,Absent,Absent,Absent,spur and groove,0,0,1,1,0,0,1,1,0,0,0,2,2,4,Pass,Pass,Pass,Pass,Pass,Pass,Pass,Pass,Pass,Pass,Pass,
REC0771,770,770,Benthic Habitat Maps for the Insular Shelf South of St. Thomas and St. John,"St. Thomas, USVI",GV,Ground Validation,HD Seaviewer Drop Camera,GV2016_121,2016-08-25,13:48:33,2016,8,18.23570439,-65.08259661,2065155.861,-7244961.514,2065155.861,-7244961.514,0.0,-32.3135376,32.314,https://nccospublicstor.blob.core.windows.net/biomapper/usviinsularshelf2017/videos/low/GV2016_121.mp4,Present,Absent,Absent,Absent,Present,Absent,Present,Present,Absent,Absent,Absent,,1,0,0,0,1,0,1,1,0,0,0,1,3,4,Pass,Pass,Pass,Pass,Pass,Pass,Pass,Pass,Pass,Pass,Pass,
REC0772,771,771,Benthic Habitat Maps for the Insular Shelf South of St. Thomas and St. John,"St. Thomas, USVI",GV,Ground Validation,HD Seaviewer Drop Camera,GV2016_122,2016-08-26,11:09:06,2016,8,18.20216038,-65.02266991,2061224.685,-7238290.504,2061224.685,-7238290.504,0.001,-43.3323555,43.332,https://nccospublicstor.blob.core.windows.net/biomapper/usviinsularshelf2017/videos/low/GV2016_122.mp4,Present,Absent,Absent,Absent,Present,Present,Present,Present,Absent,Absent,Absent,,1,0,0,0,1,1,1,1,0,0,0,1,4,5,Pass,Pass,Pass,Pass,Pass,Pass,Pass,Pass,Pass,Pass,Pass,
REC0773,772,772,Benthic Habitat Maps for the Insular Shelf South of St. Thomas and St. John,"St. Thomas, USVI",GV,Ground Validation,HD Seaviewer Drop Camera,GV2016_123,2016-08-29,12:11:10,2016,8,18.26503492,-64.92337131,2068593.863,-7227236.635,2068593.863,-7227236.635,0.0,-33.55007172,33.55,https://nccospublicstor.blob.core.windows.net/biomapper/usviinsularshelf2017/videos/low/GV2016_123.mp4,Absent,Absent,Present,Absent,Absent,Absent,Present,Present,Absent,Absent,Absent,,0,0,1,0,0,0,1,1,0,0,0,1,2,3,Pass,Pass,Pass,Pass,Pass,Pass,Pass,Pass,Pass,Pass,Pass,
REC0774,773,773,Benthic Habitat Maps for the Insular Shelf South of St. Thomas and St. John,Puerto Rico,GV,Ground Validation,HD Seaviewer Drop Camera,GV2016_124,2016-08-23,10:02:16,2016,8,18.19237598,-65.1669612,2060078.148,-7254352.937,2060078.148,-7254352.937,0.001,-43.19078064,43.191,https://nccospublicstor.blob.core.windows.net/biomapper/usviinsularshelf2017/videos/low/GV2016_124.mp4,Present,Absent,Absent,Present,Present,Present,Present,Present,Absent,Absent,Absent,,1,0,0,1,1,1,1,1,0,0,0,2,4,6,Pass,Pass,Pass,Pass,Pass,Pass,Pass,Pass,Pass,Pass,Pass,
REC0775,774,774,Benthic Habitat Maps for the Insular Shelf South of St. Thomas and St. John,Puerto Rico,GV,Ground Validation,HD Seaviewer Drop Camera,GV2016_125,2016-08-23,10:14:20,2016,8,18.19505944,-65.16015001,2060392.59,-7253594.719,2060392.59,-7253594.719,0.0,-41.68323517,41.683,https://nccospublicstor.blob.core.windows.net/biomapper/usviinsularshelf2017/videos/low/GV2016_125.mp4,Present,Absent,Absent,Absent,Present,Present,Present,Present,Absent,Absent,Absent,,1,0,0,0,1,1,1,1,0,0,0,1,4,5,Pass,Pass,Pass,Pass,Pass,Pass,Pass,Pass,Pass,Pass,Pass,
REC0776,775,775,Benthic Habitat Maps for the Insular Shelf South of St. Thomas and St. John,Puerto Rico,GV,Ground Validation,HD Seaviewer Drop Camera,GV2016_126,2016-08-21,07:37:02,2016,8,18.16079625,-65.18539084,2056378.074,-7256404.515,2056378.074,-7256404.515,0.001,-42.38228607,42.382,https://nccospublicstor.blob.core.windows.net/biomapper/usviinsularshelf2017/videos/low/GV2016_126.mp4,Present,Absent,Absent,Absent,Present,Present,Present,Present,Absent,Absent,Absent,Coral Bleaching,1,0,0,0,1,1,1,1,0,0,0,1,4,5,Pass,Pass,Pass,Pass,Pass,Pass,Pass,Pass,Pass,Pass,Pass,
REC0777,776,776,Benthic Habitat Maps for the Insular Shelf South of St. Thomas and St. John,"St. John, USVI",GV,Ground Validation,HD Seaviewer Drop Camera,GV2016_127,2016-09-17,11:46:44,2016,9,18.2133457,-64.76197205,2062535.46,-7209269.751,2062535.46,-7209269.751,0.001,-51.12939453,51.129,https://nccospublicstor.blob.core.windows.net/biomapper/usviinsularshelf2017/videos/low/GV2016_127.mp4,Absent,Present,Present,Absent,Present,Absent,Present,Present,Absent,Absent,Absent,,0,1,1,0,1,0,1,1,0,0,0,2,3,5,Pass,Pass,Pass,Pass,Pass,Pass,Pass,Pass,Pass,Pass,Pass,
REC0778,777,777,Benthic Habitat Maps for the Insular Shelf South of St. Thomas and St. John,Puerto Rico,GV,Ground Validation,HD Seaviewer Drop Camera,GV2016_128,2016-08-25,10:15:13,2016,8,18.23363645,-65.18827592,2064913.488,-7256725.681,2064913.488,-7256725.681,0.0,-31.64611244,31.646,https://nccospublicstor.blob.core.windows.net/biomapper/usviinsularshelf2017/videos/low/GV2016_128.mp4,Present,Absent,Absent,Present,Present,Present,Present,Present,Absent,Absent,Absent,,1,0,0,1,1,1,1,1,0,0,0,2,4,6,Pass,Pass,Pass,Pass,Pass,Pass,Pass,Pass,Pass,Pass,Pass,
REC0779,778,778,Benthic Habitat Maps for the Insular Shelf South of St. Thomas and St. John,"St. Thomas, USVI",GV,Ground Validation,HD Seaviewer Drop Camera,GV2016_129,2016-08-27,08:35:53,2016,8,18.19528694,-65.09600727,2060419.248,-7246454.382,2060419.248,-7246454.382,0.0,-43.48381805,43.484,https://nccospublicstor.blob.core.windows.net/biomapper/usviinsularshelf2017/videos/low/GV2016_129.mp4,Present,Absent,Absent,Present,Present,Present,Present,Present,Absent,Absent,Absent,,1,0,0,1,1,1,1,1,0,0,0,2,4,6,Pass,Pass,Pass,Pass,Pass,Pass,Pass,Pass,Pass,Pass,Pass,
REC0780,779,779,Benthic Habitat Maps for the Insular Shelf South of St. Thomas and St. John,"St. Thomas, USVI",GV,Ground Validation,HD Seaviewer Drop Camera,GV2016_130,2016-08-29,09:28:06,2016,8,18.22950588,-64.86714379,2064429.373,-7220977.416,2064429.372,-7220977.416,0.001,-42.50014877,42.5,https://nccospublicstor.blob.core.windows.net/biomapper/usviinsularshelf2017/videos/low/GV2016_130.mp4,Absent,Absent,Present,Absent,Absent,Absent,Present,Present,Absent,Absent,Absent,,0,0,1,0,0,0,1,1,0,0,0,1,2,3,Pass,Pass,Pass,Pass,Pass,Pass,Pass,Pass,Pass,Pass,Pass,
REC0781,780,780,Benthic Habitat Maps for the Insular Shelf South of St. Thomas and St. John,"St. Thomas, USVI",GV,Ground Validation,HD Seaviewer Drop Camera,GV2016_131,2016-08-28,14:01:24,2016,8,18.25378144,-64.91806199,2067274.708,-7226645.604,2067274.708,-7226645.604,0.0,-39.92046356,39.92,https://nccospublicstor.blob.core.windows.net/biomapper/usviinsularshelf2017/videos/low/GV2016_131.mp4,Absent,Absent,Present,Present,Absent,Absent,Present,Present,Absent,Absent,Absent,,0,0,1,1,0,0,1,1,0,0,0,2,2,4,Pass,Pass,Pass,Pass,Pass,Pass,Pass,Pass,Pass,Pass,Pass,
REC0782,781,781,Benthic Habitat Maps for the Insular Shelf South of St. Thomas and St. John,"St. John, USVI",GV,Ground Validation,HD Seaviewer Drop Camera,GV2016_132,2016-09-17,10:21:55,2016,9,18.21392775,-64.72970579,2062603.671,-7205677.888,2062603.671,-7205677.888,0.0,-51.74375534,51.744,https://nccospublicstor.blob.core.windows.net/biomapper/usviinsularshelf2017/videos/low/GV2016_132.mp4,Absent,Absent,Present,Absent,Absent,Absent,Present,Present,Absent,Absent,Absent,,0,0,1,0,0,0,1,1,0,0,0,1,2,3,Pass,Pass,Pass,Pass,Pass,Pass,Pass,Pass,Pass,Pass,Pass,
REC0783,782,782,Benthic Habitat Maps for the Insular Shelf South of St. Thomas and St. John,"St. Thomas, USVI",GV,Ground Validation,HD Seaviewer Drop Camera,GV2016_133,2016-08-29,10:17:46,2016,8,18.24353155,-64.87331495,2066073.271,-7221664.386,2066073.271,-7221664.386,0.0,-41.74182892,41.742,https://nccospublicstor.blob.core.windows.net/biomapper/usviinsularshelf2017/videos/low/GV2016_133.mp4,Absent,Absent,Present,Absent,Absent,Absent,Present,Present,Absent,Absent,Absent,,0,0,1,0,0,0,1,1,0,0,0,1,2,3,Pass,Pass,Pass,Pass,Pass,Pass,Pass,Pass,Pass,Pass,Pass,
REC0784,783,783,Benthic Habitat Maps for the Insular Shelf South of St. Thomas and St. John,"St. John, USVI",GV,Ground Validation,HD Seaviewer Drop Camera,GV2016_134,2016-09-11,10:15:17,2016,9,18.29000774,-64.67661037,2071521.529,-7199767.333,2071521.529,-7199767.333,0.0,-32.01759338,32.018,https://nccospublicstor.blob.core.windows.net/biomapper/usviinsularshelf2017/videos/low/GV2016_134.mp4,Absent,Absent,Present,Present,Absent,Absent,Present,Present,Absent,Absent,Absent,,0,0,1,1,0,0,1,1,0,0,0,2,2,4,Pass,Pass,Pass,Pass,Pass,Pass,Pass,Pass,Pass,Pass,Pass,
REC0785,784,784,Benthic Habitat Maps for the Insular Shelf South of St. Thomas and St. John,"St. John, USVI",GV,Ground Validation,HD Seaviewer Drop Camera,GV2016_135,2016-09-01,11:57:48,2016,9,18.30490257,-64.76756893,2073267.912,-7209892.793,2073267.912,-7209892.793,0.0,-23.30144119,23.301,https://nccospublicstor.blob.core.windows.net/biomapper/usviinsularshelf2017/videos/low/GV2016_135.mp4,Absent,Absent,Present,Absent,Absent,Absent,Present,Present,Absent,Absent,Absent,,0,0,1,0,0,0,1,1,0,0,0,1,2,3,Pass,Pass,Pass,Pass,Pass,Pass,Pass,Pass,Pass,Pass,Pass,
REC0786,785,785,Benthic Habitat Maps for the Insular Shelf South of St. Thomas and St. John,Puerto Rico,GV,Ground Validation,HD Seaviewer Drop Camera,GV2016_136,2016-08-22,11:02:20,2016,8,18.20066774,-65.20701791,2061049.773,-7258812.03,2061049.773,-7258812.03,0.0,-35.12815094,35.128,https://nccospublicstor.blob.core.windows.net/biomapper/usviinsularshelf2017/videos/low/GV2016_136.mp4,Present,Absent,Absent,Absent,Present,Present,Present,Present,Absent,Absent,Absent,,1,0,0,0,1,1,1,1,0,0,0,1,4,5,Pass,Pass,Pass,Pass,Pass,Pass,Pass,Pass,Pass,Pass,Pass,
REC0787,786,786,Benthic Habitat Maps for the Insular Shelf South of St. Thomas and St. John,"St. Thomas, USVI",GV,Ground Validation,HD Seaviewer Drop Camera,GV2016_137,2016-09-16,10:08:12,2016,9,18.2086465,-64.81748544,2061984.764,-7215449.474,2061984.764,-7215449.474,0.0,-54.66120148,54.661,https://nccospublicstor.blob.core.windows.net/biomapper/usviinsularshelf2017/videos/low/GV2016_137.mp4,Absent,Absent,Present,Present,Absent,Absent,Present,Present,Absent,Absent,Absent,,0,0,1,1,0,0,1,1,0,0,0,2,2,4,Pass,Pass,Pass,Pass,Pass,Pass,Pass,Pass,Pass,Pass,Pass,
REC0788,787,787,Benthic Habitat Maps for the Insular Shelf South of St. Thomas and St. John,Puerto Rico,GV,Ground Validation,HD Seaviewer Drop Camera,GV2016_138,2016-08-23,13:46:47,2016,8,18.17587845,-65.18043173,2058145.113,-7255852.47,2058145.113,-7255852.47,0.0,-40.64048386,40.64,https://nccospublicstor.blob.core.windows.net/biomapper/usviinsularshelf2017/videos/low/GV2016_138.mp4,Present,Absent,Absent,Absent,Present,Absent,Present,Present,Absent,Absent,Absent,,1,0,0,0,1,0,1,1,0,0,0,1,3,4,Pass,Pass,Pass,Pass,Pass,Pass,Pass,Pass,Pass,Pass,Pass,
REC0789,788,788,Benthic Habitat Maps for the Insular Shelf South of St. Thomas and St. John,Puerto Rico,GV,Ground Validation,HD Seaviewer Drop Camera,GV2016_139,2016-08-22,09:48:38,2016,8,18.17250866,-65.21831653,2057750.293,-7260069.787,2057750.293,-7260069.787,0.001,-40.50871277,40.509,https://nccospublicstor.blob.core.windows.net/biomapper/usviinsularshelf2017/videos/low/GV2016_139.mp4,Absent,Absent,Present,Absent,Absent,Absent,Present,Present,Absent,Absent,Absent,,0,0,1,0,0,0,1,1,0,0,0,1,2,3,Pass,Pass,Pass,Pass,Pass,Pass,Pass,Pass,Pass,Pass,Pass,
REC0790,789,789,Benthic Habitat Maps for the Insular Shelf South of St. Thomas and St. John,"St. John, USVI",GV,Ground Validation,HD Seaviewer Drop Camera,GV2016_140,2016-09-13,11:10:19,2016,9,18.23333434,-64.7834089,2064878.08,-7211656.091,2064878.079,-7211656.091,0.001,-53.25987244,53.26,https://nccospublicstor.blob.core.windows.net/biomapper/usviinsularshelf2017/videos/low/GV2016_140.mp4,Absent,Absent,Present,Absent,Present,Absent,Present,Present,Absent,Absent,Absent,,0,0,1,0,1,0,1,1,0,0,0,1,3,4,Pass,Pass,Pass,Pass,Pass,Pass,Pass,Pass,Pass,Pass,Pass,
REC0791,790,790,Benthic Habitat Maps for the Insular Shelf South of St. Thomas and St. John,"St. John, USVI",GV,Ground Validation,HD Seaviewer Drop Camera,GV2016_141,2016-09-11,10:50:39,2016,9,18.27592161,-64.7278662,2069870.102,-7205473.105,2069870.102,-7205473.106,0.001,-35.92647934,35.926,https://nccospublicstor.blob.core.windows.net/biomapper/usviinsularshelf2017/videos/low/GV2016_141.mp4,Absent,Absent,Present,Present,Absent,Absent,Present,Present,Absent,Absent,Absent,,0,0,1,1,0,0,1,1,0,0,0,2,2,4,Pass,Pass,Pass,Pass,Pass,Pass,Pass,Pass,Pass,Pass,Pass,
REC0792,791,791,Benthic Habitat Maps for the Insular Shelf South of St. Thomas and St. John,"St. Thomas, USVI",GV,Ground Validation,HD Seaviewer Drop Camera,GV2016_142,2016-08-29,11:07:20,2016,8,18.23277916,-64.88471856,2064813.01,-7222933.83,2064813.01,-7222933.83,0.0,-43.35272598,43.353,https://nccospublicstor.blob.core.windows.net/biomapper/usviinsularshelf2017/videos/low/GV2016_142.mp4,Absent,Absent,Absent,Present,Absent,Absent,Present,Present,Absent,Absent,Absent,,0,0,0,1,0,0,1,1,0,0,0,1,2,3,Pass,Pass,Pass,Pass,Pass,Pass,Pass,Pass,Pass,Pass,Pass,
REC0793,792,792,Benthic Habitat Maps for the Insular Shelf South of St. Thomas and St. John,"St. John, USVI",GV,Ground Validation,HD Seaviewer Drop Camera,GV2016_143,2016-09-02,11:06:52,2016,9,18.30414949,-64.72942532,2073179.612,-7205646.666,2073179.612,-7205646.666,0.0,-25.30332184,25.303,https://nccospublicstor.blob.core.windows.net/biomapper/usviinsularshelf2017/videos/low/GV2016_143.mp4,Absent,Absent,Absent,Present,Absent,Absent,Present,Present,Present,Absent,Absent,,0,0,0,1,0,0,1,1,1,0,0,1,2,4,Pass,Pass,Pass,Pass,Pass,Pass,Pass,Pass,Pass,Pass,Pass,
REC0794,793,793,Benthic Habitat Maps for the Insular Shelf South of St. Thomas and St. John,Puerto Rico,GV,Ground Validation,HD Seaviewer Drop Camera,GV2016_144,2016-08-22,09:14:52,2016,8,18.17399763,-65.23156152,2057924.747,-7261544.212,2057924.747,-7261544.212,0.0,-36.34614944,36.346,https://nccospublicstor.blob.core.windows.net/biomapper/usviinsularshelf2017/videos/low/GV2016_144.mp4,Present,Absent,Absent,Present,Present,Absent,Present,Present,Absent,Absent,Absent,,1,0,0,1,1,0,1,1,0,0,0,2,3,5,Pass,Pass,Pass,Pass,Pass,Pass,Pass,Pass,Pass,Pass,Pass,
REC0795,794,794,Benthic Habitat Maps for the Insular Shelf South of St. Thomas and St. John,"St. Thomas, USVI",GV,Ground Validation,HD Seaviewer Drop Camera,GV2016_145,2016-08-20,13:04:20,2016,8,18.27985728,-65.10956014,2070331.498,-7247963.081,2070331.498,-7247963.081,0.0,-27.97838402,27.978,https://nccospublicstor.blob.core.windows.net/biomapper/usviinsularshelf2017/videos/low/GV2016_145.mp4,Present,Absent,Absent,Absent,Present,Absent,Present,Present,Absent,Absent,Absent,,1,0,0,0,1,0,1,1,0,0,0,1,3,4,Pass,Pass,Pass,Pass,Pass,Pass,Pass,Pass,Pass,Pass,Pass,
REC0796,795,795,Benthic Habitat Maps for the Insular Shelf South of St. Thomas and St. John,Puerto Rico,GV,Ground Validation,HD Seaviewer Drop Camera,GV2016_146,2016-08-23,09:20:03,2016,8,18.19318109,-65.19352866,2060172.489,-7257310.413,2060172.489,-7257310.413,0.0,-37.68210983,37.682,https://nccospublicstor.blob.core.windows.net/biomapper/usviinsularshelf2017/videos/low/GV2016_146.mp4,Present,Absent,Absent,Absent,Present,Present,Present,Present,Absent,Absent,Absent,amazing site,1,0,0,0,1,1,1,1,0,0,0,1,4,5,Pass,Pass,Pass,Pass,Pass,Pass,Pass,Pass,Pass,Pass,Pass,
REC0797,796,796,Benthic Habitat Maps for the Insular Shelf South of St. Thomas and St. John,Puerto Rico,GV,Ground Validation,HD Seaviewer Drop Camera,GV2016_147,2016-08-21,13:54:25,2016,8,18.1738617,-65.25034403,2057908.821,-7263635.071,2057908.821,-7263635.072,0.001,-30.30371284,30.304,https://nccospublicstor.blob.core.windows.net/biomapper/usviinsularshelf2017/videos/low/GV2016_147.mp4,Absent,Present,Present,Absent,Present,Absent,Present,Present,Absent,Absent,Absent,,0,1,1,0,1,0,1,1,0,0,0,2,3,5,Pass,Pass,Pass,Pass,Pass,Pass,Pass,Pass,Pass,Pass,Pass,
REC0798,797,797,Benthic Habitat Maps for the Insular Shelf South of St. Thomas and St. John,"St. Thomas, USVI",GV,Ground Validation,HD Seaviewer Drop Camera,GV2016_148,2016-09-09,13:48:48,2016,9,18.22390567,-64.83692804,2063773.029,-7217613.814,2063773.029,-7217613.814,0.0,-39.05056,39.051,https://nccospublicstor.blob.core.windows.net/biomapper/usviinsularshelf2017/videos/low/GV2016_148.mp4,Present,Absent,Absent,Present,Present,Absent,Present,Present,Absent,Absent,Absent,,1,0,0,1,1,0,1,1,0,0,0,2,3,5,Pass,Pass,Pass,Pass,Pass,Pass,Pass,Pass,Pass,Pass,Pass,
REC0799,798,798,Benthic Habitat Maps for the Insular Shelf South of St. Thomas and St. John,"St. John, USVI",GV,Ground Validation,HD Seaviewer Drop Camera,GV2016_149,2016-09-12,13:17:49,2016,9,18.24101189,-64.67176126,2065777.941,-7199227.532,2065777.941,-7199227.532,0.0,-51.70069885,51.701,https://nccospublicstor.blob.core.windows.net/biomapper/usviinsularshelf2017/videos/low/GV2016_149.mp4,Absent,Present,Present,Absent,Present,Absent,Present,Present,Absent,Absent,Absent,,0,1,1,0,1,0,1,1,0,0,0,2,3,5,Pass,Pass,Pass,Pass,Pass,Pass,Pass,Pass,Pass,Pass,Pass,
REC0800,799,799,Benthic Habitat Maps for the Insular Shelf South of St. Thomas and St. John,"St. Thomas, USVI",GV,Ground Validation,HD Seaviewer Drop Camera,GV2016_150,2016-08-27,12:58:19,2016,8,18.25122559,-65.00090877,2066975.119,-7235868.065,2066975.119,-7235868.065,0.0,-38.88821411,38.888,https://nccospublicstor.blob.core.windows.net/biomapper/usviinsularshelf2017/videos/low/GV2016_150.mp4,Absent,Absent,Present,Absent,Absent,Absent,Present,Present,Absent,Absent,Absent,,0,0,1,0,0,0,1,1,0,0,0,1,2,3,Pass,Pass,Pass,Pass,Pass,Pass,Pass,Pass,Pass,Pass,Pass,
REC0801,800,800,Benthic Habitat Maps for the Insular Shelf South of St. Thomas and St. John,"St. John, USVI",GV,Ground Validation,HD Seaviewer Drop Camera,GV2016_151,2016-09-12,08:52:37,2016,9,18.2703575,-64.68713325,2069217.815,-7200938.734,2069217.815,-7200938.734,0.0,-46.51328278,46.513,https://nccospublicstor.blob.core.windows.net/biomapper/usviinsularshelf2017/videos/low/GV2016_151.mp4,Absent,Absent,Present,Absent,Absent,Absent,Present,Absent,Absent,Absent,Absent,,0,0,1,0,0,0,1,0,0,0,0,1,1,2,Pass,Pass,Pass,Pass,Pass,Pass,Pass,Pass,Pass,Pass,Pass,
REC0802,801,801,Benthic Habitat Maps for the Insular Shelf South of St. Thomas and St. John,"St. John, USVI",GV,Ground Validation,HD Seaviewer Drop Camera,GV2016_153,2016-08-31,12:00:43,2016,8,18.27475034,-64.80828218,2069732.791,-7214424.972,2069732.791,-7214424.971,0.001,-34.46123505,34.461,https://nccospublicstor.blob.core.windows.net/biomapper/usviinsularshelf2017/videos/low/GV2016_153.mp4,Absent,Present,Present,Absent,Absent,Absent,Present,Present,Absent,Absent,Absent,,0,1,1,0,0,0,1,1,0,0,0,2,2,4,Pass,Pass,Pass,Pass,Pass,Pass,Pass,Pass,Pass,Pass,Pass,
REC0803,802,802,Benthic Habitat Maps for the Insular Shelf South of St. Thomas and St. John,"St. Thomas, USVI",GV,Ground Validation,HD Seaviewer Drop Camera,GV2016_154,2016-08-26,14:35:38,2016,8,18.21172192,-65.12555695,2062345.168,-7249743.837,2062345.168,-7249743.837,0.0,-40.97025299,40.97,https://nccospublicstor.blob.core.windows.net/biomapper/usviinsularshelf2017/videos/low/GV2016_154.mp4,Present,Absent,Absent,Present,Present,Absent,Present,Present,Absent,Absent,Absent,,1,0,0,1,1,0,1,1,0,0,0,2,3,5,Pass,Pass,Pass,Pass,Pass,Pass,Pass,Pass,Pass,Pass,Pass,
REC0804,803,803,Benthic Habitat Maps for the Insular Shelf South of St. Thomas and St. John,"St. Thomas, USVI",GV,Ground Validation,HD Seaviewer Drop Camera,GV2016_155,2016-08-28,13:51:33,2016,8,18.24377139,-64.91559427,2066101.383,-7226370.899,2066101.383,-7226370.899,0.0,-41.49586487,41.496,https://nccospublicstor.blob.core.windows.net/biomapper/usviinsularshelf2017/videos/low/GV2016_155.mp4,Absent,Absent,Absent,Present,Absent,Absent,Present,Present,Absent,Absent,Absent,,0,0,0,1,0,0,1,1,0,0,0,1,2,3,Pass,Pass,Pass,Pass,Pass,Pass,Pass,Pass,Pass,Pass,Pass,
REC0805,804,804,Benthic Habitat Maps for the Insular Shelf South of St. Thomas and St. John,"St. Thomas, USVI",GV,Ground Validation,HD Seaviewer Drop Camera,GV2016_156,2016-08-26,12:14:08,2016,8,18.22592279,-65.0348574,2064009.433,-7239647.21,2064009.432,-7239647.21,0.001,-41.71038818,41.71,https://nccospublicstor.blob.core.windows.net/biomapper/usviinsularshelf2017/videos/low/GV2016_156.mp4,Absent,Absent,Absent,Present,Absent,Absent,Present,Present,Absent,Absent,Absent,,0,0,0,1,0,0,1,1,0,0,0,1,2,3,Pass,Pass,Pass,Pass,Pass,Pass,Pass,Pass,Pass,Pass,Pass,
REC0806,805,805,Benthic Habitat Maps for the Insular Shelf South of St. Thomas and St. John,"St. John, USVI",GV,Ground Validation,HD Seaviewer Drop Camera,GV2016_157,2016-09-11,12:35:24,2016,9,18.2941644,-64.77379783,2072008.872,-7210586.191,2072008.872,-7210586.191,0.0,-30.11424446,30.114,https://nccospublicstor.blob.core.windows.net/biomapper/usviinsularshelf2017/videos/low/GV2016_157.mp4,Absent,Absent,Absent,Present,Absent,Absent,Absent,Absent,Absent,Absent,Absent,,0,0,0,1,0,0,0,0,0,0,0,1,0,1,Pass,Pass,Pass,Pass,Pass,Pass,Pass,Pass,Pass,Pass,Pass,
REC0807,806,806,Benthic Habitat Maps for the Insular Shelf South of St. Thomas and St. John,Puerto Rico,GV,Ground Validation,HD Seaviewer Drop Camera,GV2016_158,2016-08-21,12:52:20,2016,8,18.15380542,-65.23949929,2055559.076,-7262427.841,2055559.076,-7262427.841,0.001,-35.03399658,35.034,https://nccospublicstor.blob.core.windows.net/biomapper/usviinsularshelf2017/videos/low/GV2016_158.mp4,Absent,Absent,Present,Absent,Absent,Absent,Present,Present,Absent,Absent,Absent,derelict trap,0,0,1,0,0,0,1,1,0,0,0,1,2,3,Pass,Pass,Pass,Pass,Pass,Pass,Pass,Pass,Pass,Pass,Pass,
REC0808,807,807,Benthic Habitat Maps for the Insular Shelf South of St. Thomas and St. John,Puerto Rico,GV,Ground Validation,HD Seaviewer Drop Camera,GV2016_159,2016-08-25,11:25:08,2016,8,18.21233892,-65.13761172,2062417.475,-7251085.768,2062417.474,-7251085.768,0.001,-40.66737366,40.667,https://nccospublicstor.blob.core.windows.net/biomapper/usviinsularshelf2017/videos/low/GV2016_159.mp4,Present,Absent,Present,Present,Present,Absent,Present,Present,Absent,Absent,Absent,,1,0,1,1,1,0,1,1,0,0,0,3,3,6,Pass,Pass,Pass,Pass,Pass,Pass,Pass,Pass,Pass,Pass,Pass,
REC0809,808,808,Benthic Habitat Maps for the Insular Shelf South of St. Thomas and St. John,"St. John, USVI",GV,Ground Validation,HD Seaviewer Drop Camera,GV2016_160,2016-09-02,11:18:43,2016,9,18.29583875,-64.71959364,2072205.183,-7204552.208,2072205.183,-7204552.208,0.0,-28.8511467,28.851,https://nccospublicstor.blob.core.windows.net/biomapper/usviinsularshelf2017/videos/low/GV2016_160.mp4,Absent,Absent,Present,Present,Absent,Absent,Present,Present,Absent,Absent,Absent,,0,0,1,1,0,0,1,1,0,0,0,2,2,4,Pass,Pass,Pass,Pass,Pass,Pass,Pass,Pass,Pass,Pass,Pass,
REC0810,809,809,Benthic Habitat Maps for the Insular Shelf South of St. Thomas and St. John,"St. Thomas, USVI",GV,Ground Validation,HD Seaviewer Drop Camera,GV2016_161,2016-08-27,10:45:45,2016,8,18.25493584,-65.03837381,2067410.025,-7240038.655,2067410.025,-7240038.655,0.001,-32.82978821,32.83,https://nccospublicstor.blob.core.windows.net/biomapper/usviinsularshelf2017/videos/low/GV2016_161.mp4,Present,Absent,Absent,Present,Present,Present,Present,Present,Absent,Absent,Absent,,1,0,0,1,1,1,1,1,0,0,0,2,4,6,Pass,Pass,Pass,Pass,Pass,Pass,Pass,Pass,Pass,Pass,Pass,
REC0811,810,810,Benthic Habitat Maps for the Insular Shelf South of St. Thomas and St. John,"St. John, USVI",GV,Ground Validation,HD Seaviewer Drop Camera,GV2016_163,2016-09-12,09:10:47,2016,9,18.26940484,-64.66285676,2069106.136,-7198236.288,2069106.136,-7198236.288,0.0,-44.37472153,44.375,https://nccospublicstor.blob.core.windows.net/biomapper/usviinsularshelf2017/videos/low/GV2016_163.mp4,Absent,Absent,Present,Present,Absent,Absent,Present,Present,Absent,Absent,Absent,,0,0,1,1,0,0,1,1,0,0,0,2,2,4,Pass,Pass,Pass,Pass,Pass,Pass,Pass,Pass,Pass,Pass,Pass,
REC0812,811,811,Benthic Habitat Maps for the Insular Shelf South of St. Thomas and St. John,"St. Thomas, USVI",GV,Ground Validation,HD Seaviewer Drop Camera,GV2016_164,2016-08-27,09:01:20,2016,8,18.21369507,-65.09408663,2062576.403,-7246240.577,2062576.403,-7246240.577,0.001,-34.87717438,34.877,https://nccospublicstor.blob.core.windows.net/biomapper/usviinsularshelf2017/videos/low/GV2016_164.mp4,Present,Absent,Absent,Absent,Present,Present,Present,Present,Absent,Absent,Absent,,1,0,0,0,1,1,1,1,0,0,0,1,4,5,Pass,Pass,Pass,Pass,Pass,Pass,Pass,Pass,Pass,Pass,Pass,
REC0813,812,812,Benthic Habitat Maps for the Insular Shelf South of St. Thomas and St. John,"St. Thomas, USVI",GV,Ground Validation,HD Seaviewer Drop Camera,GV2016_165,2016-08-20,12:56:10,2016,8,18.2731653,-65.09946644,2069546.974,-7246839.455,2069546.974,-7246839.455,0.0,-26.56230927,26.562,https://nccospublicstor.blob.core.windows.net/biomapper/usviinsularshelf2017/videos/low/GV2016_165.mp4,Present,Absent,Absent,Absent,Present,Present,Present,Present,Absent,Absent,Absent,,1,0,0,0,1,1,1,1,0,0,0,1,4,5,Pass,Pass,Pass,Pass,Pass,Pass,Pass,Pass,Pass,Pass,Pass,
REC0814,813,813,Benthic Habitat Maps for the Insular Shelf South of St. Thomas and St. John,"St. Thomas, USVI",GV,Ground Validation,HD Seaviewer Drop Camera,GV2016_166,2016-08-29,13:29:10,2016,8,18.2256488,-64.96139026,2063977.321,-7231468.885,2063977.321,-7231468.885,0.0,-41.95385361,41.954,https://nccospublicstor.blob.core.windows.net/biomapper/usviinsularshelf2017/videos/low/GV2016_166.mp4,Absent,Absent,Present,Present,Absent,Absent,Present,Present,Absent,Absent,Absent,,0,0,1,1,0,0,1,1,0,0,0,2,2,4,Pass,Pass,Pass,Pass,Pass,Pass,Pass,Pass,Pass,Pass,Pass,
REC0815,814,814,Benthic Habitat Maps for the Insular Shelf South of St. Thomas and St. John,"St. Thomas, USVI",GV,Ground Validation,HD Seaviewer Drop Camera,GV2016_167,2016-08-26,14:46:44,2016,8,18.20604522,-65.11839386,2061679.928,-7248946.446,2061679.928,-7248946.446,0.0,-35.84988022,35.85,https://nccospublicstor.blob.core.windows.net/biomapper/usviinsularshelf2017/videos/low/GV2016_167.mp4,Present,Absent,Absent,Absent,Present,Absent,Present,Present,Absent,Absent,Absent,High Coral cover >70%,1,0,0,0,1,0,1,1,0,0,0,1,3,4,Pass,Pass,Pass,Pass,Pass,Pass,Pass,Pass,Pass,Pass,Pass,
REC0816,815,815,Benthic Habitat Maps for the Insular Shelf South of St. Thomas and St. John,"St. Thomas, USVI",GV,Ground Validation,HD Seaviewer Drop Camera,GV2016_168,2016-08-26,12:50:31,2016,8,18.20029923,-65.06203301,2061006.59,-7242672.385,2061006.59,-7242672.385,0.0,-37.40374374,37.404,https://nccospublicstor.blob.core.windows.net/biomapper/usviinsularshelf2017/videos/low/GV2016_168.mp4,Present,Absent,Absent,Absent,Present,Present,Present,Present,Absent,Absent,Absent,Line and Snapper,1,0,0,0,1,1,1,1,0,0,0,1,4,5,Pass,Pass,Pass,Pass,Pass,Pass,Pass,Pass,Pass,Pass,Pass,
REC0817,816,816,Benthic Habitat Maps for the Insular Shelf South of St. Thomas and St. John,Puerto Rico,GV,Ground Validation,HD Seaviewer Drop Camera,GV2016_169,2016-08-23,13:57:10,2016,8,18.16523683,-65.18344519,2056898.319,-7256187.927,2056898.319,-7256187.927,0.0,-40.65810394,40.658,https://nccospublicstor.blob.core.windows.net/biomapper/usviinsularshelf2017/videos/low/GV2016_169.mp4,Present,Absent,Absent,Absent,Present,Present,Present,Present,Absent,Absent,Absent,,1,0,0,0,1,1,1,1,0,0,0,1,4,5,Pass,Pass,Pass,Pass,Pass,Pass,Pass,Pass,Pass,Pass,Pass,
REC0818,817,817,Benthic Habitat Maps for the Insular Shelf South of St. Thomas and St. John,Puerto Rico,GV,Ground Validation,HD Seaviewer Drop Camera,GV2016_170,2016-08-21,14:14:21,2016,8,18.18538293,-65.23163132,2059258.742,-7261551.982,2059258.742,-7261551.982,0.0,-36.0915184,36.092,https://nccospublicstor.blob.core.windows.net/biomapper/usviinsularshelf2017/videos/low/GV2016_170.mp4,Present,Absent,Absent,Present,Present,Present,Present,Present,Absent,Absent,Absent,,1,0,0,1,1,1,1,1,0,0,0,2,4,6,Pass,Pass,Pass,Pass,Pass,Pass,Pass,Pass,Pass,Pass,Pass,
REC0819,818,818,Benthic Habitat Maps for the Insular Shelf South of St. Thomas and St. John,"St. John, USVI",GV,Ground Validation,HD Seaviewer Drop Camera,GV2016_172,2016-09-12,10:20:48,2016,9,18.23693281,-64.65900618,2065299.84,-7197807.643,2065299.84,-7197807.643,0.0,-49.64105225,49.641,https://nccospublicstor.blob.core.windows.net/biomapper/usviinsularshelf2017/videos/low/GV2016_172.mp4,Absent,Absent,Present,Absent,Absent,Absent,Present,Absent,Absent,Absent,Absent,reef squid upper right corner,0,0,1,0,0,0,1,0,0,0,0,1,1,2,Pass,Pass,Pass,Pass,Pass,Pass,Pass,Pass,Pass,Pass,Pass,
REC0820,819,819,Benthic Habitat Maps for the Insular Shelf South of St. Thomas and St. John,"St. John, USVI",GV,Ground Validation,HD Seaviewer Drop Camera,GV2016_173,2016-09-10,10:40:50,2016,9,18.26721816,-64.77961348,2068849.796,-7211233.586,2068849.796,-7211233.586,0.0,-41.86420822,41.864,https://nccospublicstor.blob.core.windows.net/biomapper/usviinsularshelf2017/videos/low/GV2016_173.mp4,Absent,Absent,Present,Present,Absent,Absent,Present,Present,Absent,Absent,Absent,,0,0,1,1,0,0,1,1,0,0,0,2,2,4,Pass,Pass,Pass,Pass,Pass,Pass,Pass,Pass,Pass,Pass,Pass,
REC0821,820,820,Benthic Habitat Maps for the Insular Shelf South of St. Thomas and St. John,"St. Thomas, USVI",GV,Ground Validation,HD Seaviewer Drop Camera,GV2016_174,2016-08-26,11:03:29,2016,8,18.20547229,-65.0144516,2061612.789,-7237375.646,2061612.789,-7237375.646,0.0,-48.92409515,48.924,https://nccospublicstor.blob.core.windows.net/biomapper/usviinsularshelf2017/videos/low/GV2016_174.mp4,Present,Absent,Absent,Absent,Present,Absent,Present,Present,Absent,Absent,Absent,,1,0,0,0,1,0,1,1,0,0,0,1,3,4,Pass,Pass,Pass,Pass,Pass,Pass,Pass,Pass,Pass,Pass,Pass,
REC0822,821,821,Benthic Habitat Maps for the Insular Shelf South of St. Thomas and St. John,Puerto Rico,GV,Ground Validation,HD Seaviewer Drop Camera,GV2016_175,2016-08-25,11:01:20,2016,8,18.23619657,-65.15389412,2065213.548,-7252898.317,2065213.548,-7252898.317,0.0,-37.09109879,37.091,https://nccospublicstor.blob.core.windows.net/biomapper/usviinsularshelf2017/videos/low/GV2016_175.mp4,Present,Absent,Absent,Absent,Present,Absent,Present,Present,Absent,Absent,Absent,,1,0,0,0,1,0,1,1,0,0,0,1,3,4,Pass,Pass,Pass,Pass,Pass,Pass,Pass,Pass,Pass,Pass,Pass,
REC0823,822,822,Benthic Habitat Maps for the Insular Shelf South of St. Thomas and St. John,"St. John, USVI",GV,Ground Validation,HD Seaviewer Drop Camera,GV2016_177,2016-09-17,12:21:01,2016,9,18.21945221,-64.74458255,2063251.099,-7207333.961,2063251.099,-7207333.961,0.0,-51.12179184,51.122,https://nccospublicstor.blob.core.windows.net/biomapper/usviinsularshelf2017/videos/low/GV2016_177.mp4,Absent,Present,Absent,Absent,Present,Absent,Present,Present,Absent,Absent,Absent,,0,1,0,0,1,0,1,1,0,0,0,1,3,4,Pass,Pass,Pass,Pass,Pass,Pass,Pass,Pass,Pass,Pass,Pass,
REC0824,823,823,Benthic Habitat Maps for the Insular Shelf South of St. Thomas and St. John,"St. Thomas, USVI",GV,Ground Validation,HD Seaviewer Drop Camera,GV2016_178,2016-08-30,10:10:57,2016,8,18.25308552,-64.96660178,2067193.134,-7232049.029,2067193.134,-7232049.029,0.0,-38.9457283,38.946,https://nccospublicstor.blob.core.windows.net/biomapper/usviinsularshelf2017/videos/low/GV2016_178.mp4,Absent,Absent,Present,Present,Absent,Absent,Present,Present,Absent,Absent,Absent,,0,0,1,1,0,0,1,1,0,0,0,2,2,4,Pass,Pass,Pass,Pass,Pass,Pass,Pass,Pass,Pass,Pass,Pass,
REC0825,824,824,Benthic Habitat Maps for the Insular Shelf South of St. Thomas and St. John,"St. John, USVI",GV,Ground Validation,HD Seaviewer Drop Camera,GV2016_179,2016-09-01,12:36:53,2016,9,18.29693994,-64.74027113,2072334.294,-7206854.016,2072334.294,-7206854.016,0.0,-30.18473244,30.185,https://nccospublicstor.blob.core.windows.net/biomapper/usviinsularshelf2017/videos/low/GV2016_179.mp4,Absent,Absent,Absent,Present,Absent,Absent,Present,Present,Present,Absent,Absent,Mainly Halophila stipulacea,0,0,0,1,0,0,1,1,1,0,0,1,2,4,Pass,Pass,Pass,Pass,Pass,Pass,Pass,Pass,Pass,Pass,Pass,
REC0826,825,825,Benthic Habitat Maps for the Insular Shelf South of St. Thomas and St. John,Puerto Rico,GV,Ground Validation,HD Seaviewer Drop Camera,GV2016_180,2016-08-21,12:19:46,2016,8,18.12888934,-65.23513304,2052640.344,-7261941.792,2052640.344,-7261941.792,0.0,-39.88344574,39.883,https://nccospublicstor.blob.core.windows.net/biomapper/usviinsularshelf2017/videos/low/GV2016_180.mp4,Absent,Present,Present,Absent,Present,Absent,Present,Present,Absent,Absent,Absent,,0,1,1,0,1,0,1,1,0,0,0,2,3,5,Pass,Pass,Pass,Pass,Pass,Pass,Pass,Pass,Pass,Pass,Pass,
REC0827,826,826,Benthic Habitat Maps for the Insular Shelf South of St. Thomas and St. John,"St. Thomas, USVI",GV,Ground Validation,HD Seaviewer Drop Camera,GV2016_181,2016-08-20,12:18:37,2016,8,18.26745008,-65.0859896,2068876.983,-7245339.22,2068876.983,-7245339.22,0.0,-34.40555191,34.406,https://nccospublicstor.blob.core.windows.net/biomapper/usviinsularshelf2017/videos/low/GV2016_181.mp4,Present,Absent,Absent,Present,Present,Absent,Present,Present,Absent,Absent,Absent,,1,0,0,1,1,0,1,1,0,0,0,2,3,5,Pass,Pass,Pass,Pass,Pass,Pass,Pass,Pass,Pass,Pass,Pass,
REC0828,827,827,Benthic Habitat Maps for the Insular Shelf South of St. Thomas and St. John,"St. John, USVI",GV,Ground Validation,HD Seaviewer Drop Camera,GV2016_182,2016-09-11,09:40:28,2016,9,18.28652334,-64.68024056,2071113.013,-7200171.444,2071113.013,-7200171.444,0.001,-30.22457314,30.225,https://nccospublicstor.blob.core.windows.net/biomapper/usviinsularshelf2017/videos/low/GV2016_182.mp4,Absent,Absent,Present,Present,Absent,Absent,Present,Absent,Absent,Absent,Absent,,0,0,1,1,0,0,1,0,0,0,0,2,1,3,Pass,Pass,Pass,Pass,Pass,Pass,Pass,Pass,Pass,Pass,Pass,
REC0829,828,828,Benthic Habitat Maps for the Insular Shelf South of St. Thomas and St. John,"St. John, USVI",GV,Ground Validation,HD Seaviewer Drop Camera,GV2016_183,2016-08-31,09:57:42,2016,8,18.29836981,-64.77891099,2072501.943,-7211155.385,2072501.943,-7211155.386,0.001,-28.90804863,28.908,https://nccospublicstor.blob.core.windows.net/biomapper/usviinsularshelf2017/videos/low/GV2016_183.mp4,Absent,Absent,Absent,Present,Absent,Absent,Absent,Present,Present,Absent,Absent,Garden Eels and mainly Halophila stipulacea,0,0,0,1,0,0,0,1,1,0,0,1,1,3,Pass,Pass,Pass,Pass,Pass,Pass,Pass,Pass,Pass,Pass,Pass,
REC0830,829,829,Benthic Habitat Maps for the Insular Shelf South of St. Thomas and St. John,"St. Thomas, USVI",GV,Ground Validation,HD Seaviewer Drop Camera,GV2016_184,2016-08-26,14:06:32,2016,8,18.19195505,-65.11321385,2060028.825,-7248369.81,2060028.825,-7248369.81,0.0,-45.51971817,45.52,https://nccospublicstor.blob.core.windows.net/biomapper/usviinsularshelf2017/videos/low/GV2016_184.mp4,Absent,Absent,Present,Present,Absent,Absent,Present,Present,Absent,Absent,Absent,,0,0,1,1,0,0,1,1,0,0,0,2,2,4,Pass,Pass,Pass,Pass,Pass,Pass,Pass,Pass,Pass,Pass,Pass,
REC0831,830,830,Benthic Habitat Maps for the Insular Shelf South of St. Thomas and St. John,"St. Thomas, USVI",GV,Ground Validation,HD Seaviewer Drop Camera,GV2016_185,2016-08-26,11:46:11,2016,8,18.21039996,-65.02701891,2062190.249,-7238774.633,2062190.249,-7238774.633,0.0,-44.11290741,44.113,https://nccospublicstor.blob.core.windows.net/biomapper/usviinsularshelf2017/videos/low/GV2016_185.mp4,Present,Absent,Absent,Absent,Present,Present,Present,Present,Absent,Absent,Absent,,1,0,0,0,1,1,1,1,0,0,0,1,4,5,Pass,Pass,Pass,Pass,Pass,Pass,Pass,Pass,Pass,Pass,Pass,
REC0832,831,831,Benthic Habitat Maps for the Insular Shelf South of St. Thomas and St. John,"St. Thomas, USVI",GV,Ground Validation,HD Seaviewer Drop Camera,GV2016_186,2016-09-13,13:01:40,2016,9,18.23610596,-64.81908249,2065202.928,-7215627.257,2065202.928,-7215627.256,0.001,-48.56283951,48.563,https://nccospublicstor.blob.core.windows.net/biomapper/usviinsularshelf2017/videos/low/GV2016_186.mp4,Absent,Absent,Present,Absent,Absent,Absent,Present,Present,Absent,Absent,Absent,,0,0,1,0,0,0,1,1,0,0,0,1,2,3,Pass,Pass,Pass,Pass,Pass,Pass,Pass,Pass,Pass,Pass,Pass,
REC0833,832,832,Benthic Habitat Maps for the Insular Shelf South of St. Thomas and St. John,"St. John, USVI",GV,Ground Validation,HD Seaviewer Drop Camera,GV2016_187,2016-09-11,12:22:02,2016,9,18.28513051,-64.76909273,2070949.718,-7210062.422,2070949.718,-7210062.422,0.0,-32.36307526,32.363,https://nccospublicstor.blob.core.windows.net/biomapper/usviinsularshelf2017/videos/low/GV2016_187.mp4,Absent,Absent,Absent,Present,Absent,Absent,Absent,Absent,Absent,Absent,Absent,,0,0,0,1,0,0,0,0,0,0,0,1,0,1,Pass,Pass,Pass,Pass,Pass,Pass,Pass,Pass,Pass,Pass,Pass,
REC0834,833,833,Benthic Habitat Maps for the Insular Shelf South of St. Thomas and St. John,"St. Thomas, USVI",GV,Ground Validation,HD Seaviewer Drop Camera,GV2016_188,2016-08-29,13:22:09,2016,8,18.22552176,-64.95346973,2063962.432,-7230587.176,2063962.432,-7230587.176,0.0,-43.04670334,43.047,https://nccospublicstor.blob.core.windows.net/biomapper/usviinsularshelf2017/videos/low/GV2016_188.mp4,Absent,Absent,Present,Present,Absent,Absent,Present,Present,Absent,Absent,Absent,,0,0,1,1,0,0,1,1,0,0,0,2,2,4,Pass,Pass,Pass,Pass,Pass,Pass,Pass,Pass,Pass,Pass,Pass,
REC0835,834,834,Benthic Habitat Maps for the Insular Shelf South of St. Thomas and St. John,"St. John, USVI",GV,Ground Validation,HD Seaviewer Drop Camera,GV2016_189,2016-09-17,07:43:51,2016,9,18.24956685,-64.73582661,2066780.688,-7206359.254,2066780.688,-7206359.254,0.0,-49.27046204,49.27,https://nccospublicstor.blob.core.windows.net/biomapper/usviinsularshelf2017/videos/low/GV2016_189.mp4,Absent,Present,Present,Absent,Absent,Absent,Present,Present,Absent,Absent,Absent,,0,1,1,0,0,0,1,1,0,0,0,2,2,4,Pass,Pass,Pass,Pass,Pass,Pass,Pass,Pass,Pass,Pass,Pass,
REC0836,835,835,Benthic Habitat Maps for the Insular Shelf South of St. Thomas and St. John,"St. John, USVI",GV,Ground Validation,HD Seaviewer Drop Camera,GV2016_190,2016-09-17,07:36:51,2016,9,18.25239666,-64.74049532,2067112.388,-7206878.973,2067112.388,-7206878.973,0.0,-48.34441376,48.344,https://nccospublicstor.blob.core.windows.net/biomapper/usviinsularshelf2017/videos/low/GV2016_190.mp4,Absent,Absent,Present,Absent,Absent,Absent,Present,Present,Absent,Absent,Absent,,0,0,1,0,0,0,1,1,0,0,0,1,2,3,Pass,Pass,Pass,Pass,Pass,Pass,Pass,Pass,Pass,Pass,Pass,
REC0837,836,836,Benthic Habitat Maps for the Insular Shelf South of St. Thomas and St. John,Puerto Rico,GV,Ground Validation,HD Seaviewer Drop Camera,GV2016_191,2016-08-21,11:24:15,2016,8,18.1270776,-65.20138969,2052428.128,-7258185.499,2052428.128,-7258185.499,0.001,-25.86301804,25.863,https://nccospublicstor.blob.core.windows.net/biomapper/usviinsularshelf2017/videos/low/GV2016_191.mp4,Absent,Present,Absent,Absent,Present,Present,Absent,Present,Absent,Absent,Absent,,0,1,0,0,1,1,0,1,0,0,0,1,3,4,Pass,Pass,Pass,Pass,Pass,Pass,Pass,Pass,Pass,Pass,Pass,
REC0838,837,837,Benthic Habitat Maps for the Insular Shelf South of St. Thomas and St. John,"St. Thomas, USVI",GV,Ground Validation,HD Seaviewer Drop Camera,GV2016_192,2016-08-25,12:31:25,2016,8,18.23665894,-65.13265879,2065267.741,-7250534.411,2065267.741,-7250534.411,0.001,-35.86262131,35.863,https://nccospublicstor.blob.core.windows.net/biomapper/usviinsularshelf2017/videos/low/GV2016_192.mp4,Present,Absent,Absent,Absent,Present,Absent,Present,Present,Absent,Absent,Absent,,1,0,0,0,1,0,1,1,0,0,0,1,3,4,Pass,Pass,Pass,Pass,Pass,Pass,Pass,Pass,Pass,Pass,Pass,
REC0839,838,838,Benthic Habitat Maps for the Insular Shelf South of St. Thomas and St. John,"St. Thomas, USVI",GV,Ground Validation,HD Seaviewer Drop Camera,GV2016_193,2016-09-16,09:59:32,2016,9,18.19906051,-64.8199954,2060861.435,-7215728.881,2060861.435,-7215728.881,0.0,-56.93802261,56.938,https://nccospublicstor.blob.core.windows.net/biomapper/usviinsularshelf2017/videos/low/GV2016_193.mp4,Absent,Absent,Present,Absent,Present,Absent,Present,Present,Absent,Absent,Absent,,0,0,1,0,1,0,1,1,0,0,0,1,3,4,Pass,Pass,Pass,Pass,Pass,Pass,Pass,Pass,Pass,Pass,Pass,
REC0840,839,839,Benthic Habitat Maps for the Insular Shelf South of St. Thomas and St. John,"St. Thomas, USVI",GV,Ground Validation,HD Seaviewer Drop Camera,GV2016_194,2016-08-30,10:55:38,2016,8,18.24005885,-64.93890591,2065666.236,-7228965.939,2065666.236,-7228965.939,0.0,-41.60534287,41.605,https://nccospublicstor.blob.core.windows.net/biomapper/usviinsularshelf2017/videos/low/GV2016_194.mp4,Absent,Absent,Present,Present,Absent,Absent,Present,Present,Absent,Absent,Absent,,0,0,1,1,0,0,1,1,0,0,0,2,2,4,Pass,Pass,Pass,Pass,Pass,Pass,Pass,Pass,Pass,Pass,Pass,
REC0841,840,840,Benthic Habitat Maps for the Insular Shelf South of St. Thomas and St. John,"St. John, USVI",GV,Ground Validation,HD Seaviewer Drop Camera,GV2016_196,2016-09-17,09:41:10,2016,9,18.23274329,-64.72180178,2064808.806,-7204798.017,2064808.806,-7204798.017,0.0,-52.8713913,52.871,https://nccospublicstor.blob.core.windows.net/biomapper/usviinsularshelf2017/videos/low/GV2016_196.mp4,Absent,Present,Absent,Absent,Present,Absent,Present,Present,Absent,Absent,Absent,,0,1,0,0,1,0,1,1,0,0,0,1,3,4,Pass,Pass,Pass,Pass,Pass,Pass,Pass,Pass,Pass,Pass,Pass,
REC0842,841,841,Benthic Habitat Maps for the Insular Shelf South of St. Thomas and St. John,"St. John, USVI",GV,Ground Validation,HD Seaviewer Drop Camera,GV2016_197,2016-09-17,12:30:20,2016,9,18.22565487,-64.75137797,2063978.033,-7208090.424,2063978.032,-7208090.424,0.001,-51.97490692,51.975,https://nccospublicstor.blob.core.windows.net/biomapper/usviinsularshelf2017/videos/low/GV2016_197.mp4,Absent,Absent,Present,Absent,Absent,Absent,Present,Present,Absent,Absent,Absent,,0,0,1,0,0,0,1,1,0,0,0,1,2,3,Pass,Pass,Pass,Pass,Pass,Pass,Pass,Pass,Pass,Pass,Pass,
REC0843,842,842,Benthic Habitat Maps for the Insular Shelf South of St. Thomas and St. John,"St. John, USVI",GV,Ground Validation,HD Seaviewer Drop Camera,GV2016_198,2016-09-11,08:40:22,2016,9,18.27269019,-64.75294813,2069491.277,-7208265.213,2069491.277,-7208265.213,0.0,-40.52415848,40.524,https://nccospublicstor.blob.core.windows.net/biomapper/usviinsularshelf2017/videos/low/GV2016_198.mp4,Absent,Absent,Absent,Present,Absent,Absent,Present,Absent,Absent,Absent,Absent,,0,0,0,1,0,0,1,0,0,0,0,1,1,2,Pass,Pass,Pass,Pass,Pass,Pass,Pass,Pass,Pass,Pass,Pass,
REC0844,843,843,Benthic Habitat Maps for the Insular Shelf South of St. Thomas and St. John,Puerto Rico,GV,Ground Validation,HD Seaviewer Drop Camera,GV2016_199,2016-08-23,11:56:48,2016,8,18.17416762,-65.14515585,2057944.664,-7251925.577,2057944.664,-7251925.577,0.0,-42.49212646,42.492,https://nccospublicstor.blob.core.windows.net/biomapper/usviinsularshelf2017/videos/low/GV2016_199.mp4,Present,Absent,Absent,Present,Present,Present,Present,Present,Absent,Absent,Absent,spur and groove,1,0,0,1,1,1,1,1,0,0,0,2,4,6,Pass,Pass,Pass,Pass,Pass,Pass,Pass,Pass,Pass,Pass,Pass,
REC0845,844,844,Benthic Habitat Maps for the Insular Shelf South of St. Thomas and St. John,Puerto Rico,GV,Ground Validation,HD Seaviewer Drop Camera,GV2016_200,2016-08-25,10:23:28,2016,8,18.23354224,-65.17801879,2064902.446,-7255583.863,2064902.446,-7255583.863,0.0,-32.63557053,32.636,https://nccospublicstor.blob.core.windows.net/biomapper/usviinsularshelf2017/videos/low/GV2016_200.mp4,Present,Absent,Absent,Present,Present,Absent,Present,Present,Absent,Absent,Absent,,1,0,0,1,1,0,1,1,0,0,0,2,3,5,Pass,Pass,Pass,Pass,Pass,Pass,Pass,Pass,Pass,Pass,Pass,
REC0846,845,845,Benthic Habitat Maps for the Insular Shelf South of St. Thomas and St. John,"St. John, USVI",GV,Ground Validation,HD Seaviewer Drop Camera,GV2016_201,2016-09-10,11:06:37,2016,9,18.26827026,-64.76210599,2068973.131,-7209284.662,2068973.131,-7209284.662,0.0,-44.6406517,44.641,https://nccospublicstor.blob.core.windows.net/biomapper/usviinsularshelf2017/videos/low/GV2016_201.mp4,Absent,Absent,Present,Present,Absent,Absent,Present,Present,Absent,Absent,Absent,,0,0,1,1,0,0,1,1,0,0,0,2,2,4,Pass,Pass,Pass,Pass,Pass,Pass,Pass,Pass,Pass,Pass,Pass,
REC0847,846,846,Benthic Habitat Maps for the Insular Shelf South of St. Thomas and St. John,"St. Thomas, USVI",GV,Ground Validation,HD Seaviewer Drop Camera,GV2016_202,2016-08-28,14:46:26,2016,8,18.25930312,-64.89381281,2067921.96,-7223946.198,2067921.959,-7223946.198,0.001,-36.91128922,36.911,https://nccospublicstor.blob.core.windows.net/biomapper/usviinsularshelf2017/videos/low/GV2016_202.mp4,Absent,Absent,Present,Present,Absent,Absent,Present,Present,Absent,Absent,Absent,,0,0,1,1,0,0,1,1,0,0,0,2,2,4,Pass,Pass,Pass,Pass,Pass,Pass,Pass,Pass,Pass,Pass,Pass,
REC0848,847,847,Benthic Habitat Maps for the Insular Shelf South of St. Thomas and St. John,"St. Thomas, USVI",GV,Ground Validation,HD Seaviewer Drop Camera,GV2016_203,2016-08-29,14:00:04,2016,8,18.23907446,-64.97243505,2065550.857,-7232698.385,2065550.857,-7232698.385,0.0,-40.01107407,40.011,https://nccospublicstor.blob.core.windows.net/biomapper/usviinsularshelf2017/videos/low/GV2016_203.mp4,Absent,Absent,Present,Present,Absent,Absent,Present,Present,Absent,Absent,Absent,,0,0,1,1,0,0,1,1,0,0,0,2,2,4,Pass,Pass,Pass,Pass,Pass,Pass,Pass,Pass,Pass,Pass,Pass,
REC0849,848,848,Benthic Habitat Maps for the Insular Shelf South of St. Thomas and St. John,"St. Thomas, USVI",GV,Ground Validation,HD Seaviewer Drop Camera,GV2016_204,2016-08-29,08:37:36,2016,8,18.25443264,-64.86214821,2067351.041,-7220421.31,2067351.041,-7220421.31,0.0,-39.1082077,39.108,https://nccospublicstor.blob.core.windows.net/biomapper/usviinsularshelf2017/videos/low/GV2016_204.mp4,Absent,Absent,Present,Absent,Absent,Absent,Present,Present,Absent,Absent,Absent,,0,0,1,0,0,0,1,1,0,0,0,1,2,3,Pass,Pass,Pass,Pass,Pass,Pass,Pass,Pass,Pass,Pass,Pass,
REC0850,849,849,Benthic Habitat Maps for the Insular Shelf South of St. Thomas and St. John,Puerto Rico,GV,Ground Validation,HD Seaviewer Drop Camera,GV2016_205,2016-08-23,12:25:12,2016,8,18.17141964,-65.15133458,2057622.701,-7252613.39,2057622.7,-7252613.39,0.001,-46.88042068,46.88,https://nccospublicstor.blob.core.windows.net/biomapper/usviinsularshelf2017/videos/low/GV2016_205.mp4,Present,Absent,Absent,Present,Present,Absent,Present,Present,Absent,Absent,Absent,,1,0,0,1,1,0,1,1,0,0,0,2,3,5,Pass,Pass,Pass,Pass,Pass,Pass,Pass,Pass,Pass,Pass,Pass,
REC0851,850,850,Benthic Habitat Maps for the Insular Shelf South of St. Thomas and St. John,"St. John, USVI",GV,Ground Validation,HD Seaviewer Drop Camera,GV2016_207,2016-09-11,11:41:39,2016,9,18.2652256,-64.7551673,2068616.215,-7208512.25,2068616.215,-7208512.25,0.0,-45.33096313,45.331,https://nccospublicstor.blob.core.windows.net/biomapper/usviinsularshelf2017/videos/low/GV2016_207.mp4,Absent,Absent,Present,Absent,Absent,Absent,Present,Absent,Absent,Absent,Absent,,0,0,1,0,0,0,1,0,0,0,0,1,1,2,Pass,Pass,Pass,Pass,Pass,Pass,Pass,Pass,Pass,Pass,Pass,
REC0852,851,851,Benthic Habitat Maps for the Insular Shelf South of St. Thomas and St. John,"St. John, USVI",GV,Ground Validation,HD Seaviewer Drop Camera,GV2016_208,2016-09-17,11:20:07,2016,9,18.19894761,-64.75190741,2060848.205,-7208149.361,2060848.205,-7208149.361,0.0,-53.85595322,53.856,https://nccospublicstor.blob.core.windows.net/biomapper/usviinsularshelf2017/videos/low/GV2016_208.mp4,Absent,Present,Present,Absent,Present,Absent,Present,Present,Absent,Absent,Absent,,0,1,1,0,1,0,1,1,0,0,0,2,3,5,Pass,Pass,Pass,Pass,Pass,Pass,Pass,Pass,Pass,Pass,Pass,
REC0853,852,852,Benthic Habitat Maps for the Insular Shelf South of St. Thomas and St. John,"St. John, USVI",GV,Ground Validation,HD Seaviewer Drop Camera,GV2016_209,2016-09-17,10:53:43,2016,9,18.2082914,-64.7469657,2061943.151,-7207599.252,2061943.15,-7207599.252,0.001,-53.15769196,53.158,https://nccospublicstor.blob.core.windows.net/biomapper/usviinsularshelf2017/videos/low/GV2016_209.mp4,Absent,Present,Present,Absent,Present,Absent,Present,Present,Absent,Absent,Absent,,0,1,1,0,1,0,1,1,0,0,0,2,3,5,Pass,Pass,Pass,Pass,Pass,Pass,Pass,Pass,Pass,Pass,Pass,
REC0854,853,853,Benthic Habitat Maps for the Insular Shelf South of St. Thomas and St. John,"St. Thomas, USVI",GV,Ground Validation,HD Seaviewer Drop Camera,GV2016_210,2016-08-29,08:51:20,2016,8,18.24608154,-64.8620531,2066372.161,-7220410.723,2066372.161,-7220410.723,0.0,-39.50314713,39.503,https://nccospublicstor.blob.core.windows.net/biomapper/usviinsularshelf2017/videos/low/GV2016_210.mp4,Absent,Absent,Present,Absent,Absent,Absent,Present,Present,Absent,Absent,Absent,,0,0,1,0,0,0,1,1,0,0,0,1,2,3,Pass,Pass,Pass,Pass,Pass,Pass,Pass,Pass,Pass,Pass,Pass,
REC0855,854,854,Benthic Habitat Maps for the Insular Shelf South of St. Thomas and St. John,"St. John, USVI",GV,Ground Validation,HD Seaviewer Drop Camera,GV2016_211,2016-09-12,09:28:16,2016,9,18.25943251,-64.67138097,2067937.127,-7199185.198,2067937.127,-7199185.198,0.001,-46.21244431,46.212,https://nccospublicstor.blob.core.windows.net/biomapper/usviinsularshelf2017/videos/low/GV2016_211.mp4,Absent,Absent,Present,Absent,Absent,Absent,Present,Present,Absent,Absent,Absent,,0,0,1,0,0,0,1,1,0,0,0,1,2,3,Pass,Pass,Pass,Pass,Pass,Pass,Pass,Pass,Pass,Pass,Pass,
REC0856,855,855,Benthic Habitat Maps for the Insular Shelf South of St. Thomas and St. John,"St. John, USVI",GV,Ground Validation,HD Seaviewer Drop Camera,GV2016_212,2016-09-17,09:57:30,2016,9,18.22525632,-64.72378879,2063931.323,-7205019.21,2063931.323,-7205019.21,0.0,-51.62246323,51.622,https://nccospublicstor.blob.core.windows.net/biomapper/usviinsularshelf2017/videos/low/GV2016_212.mp4,Absent,Absent,Present,Absent,Absent,Absent,Present,Absent,Absent,Absent,Absent,,0,0,1,0,0,0,1,0,0,0,0,1,1,2,Pass,Pass,Pass,Pass,Pass,Pass,Pass,Pass,Pass,Pass,Pass,
REC0857,856,856,Benthic Habitat Maps for the Insular Shelf South of St. Thomas and St. John,"St. Thomas, USVI",GV,Ground Validation,HD Seaviewer Drop Camera,GV2016_213,2016-08-20,13:15:51,2016,8,18.27103425,-65.11276884,2069297.15,-7248320.271,2069297.15,-7248320.271,0.0,-27.70573998,27.706,https://nccospublicstor.blob.core.windows.net/biomapper/usviinsularshelf2017/videos/low/GV2016_213.mp4,Present,Absent,Absent,Absent,Present,Present,Present,Present,Absent,Absent,Absent,,1,0,0,0,1,1,1,1,0,0,0,1,4,5,Pass,Pass,Pass,Pass,Pass,Pass,Pass,Pass,Pass,Pass,Pass,
REC0858,857,857,Benthic Habitat Maps for the Insular Shelf South of St. Thomas and St. John,"St. Thomas, USVI",GV,Ground Validation,HD Seaviewer Drop Camera,GV2016_214,2016-08-30,13:11:19,2016,8,18.26959444,-64.84455893,2069128.362,-7218463.281,2069128.362,-7218463.281,0.0,-27.19797897,27.198,https://nccospublicstor.blob.core.windows.net/biomapper/usviinsularshelf2017/videos/low/GV2016_214.mp4,Present,Absent,Absent,Present,Present,Present,Present,Present,Absent,Absent,Absent,,1,0,0,1,1,1,1,1,0,0,0,2,4,6,Pass,Pass,Pass,Pass,Pass,Pass,Pass,Pass,Pass,Pass,Pass,
REC0859,858,858,Benthic Habitat Maps for the Insular Shelf South of St. Thomas and St. John,"St. John, USVI",GV,Ground Validation,HD Seaviewer Drop Camera,GV2016_215,2016-09-17,07:20:54,2016,9,18.25425694,-64.75525845,2067330.446,-7208522.397,2067330.446,-7208522.397,0.0,-45.00324631,45.003,https://nccospublicstor.blob.core.windows.net/biomapper/usviinsularshelf2017/videos/low/GV2016_215.mp4,Absent,Present,Present,Absent,Present,Absent,Present,Present,Absent,Absent,Absent,,0,1,1,0,1,0,1,1,0,0,0,2,3,5,Pass,Pass,Pass,Pass,Pass,Pass,Pass,Pass,Pass,Pass,Pass,
REC0860,859,859,Benthic Habitat Maps for the Insular Shelf South of St. Thomas and St. John,Puerto Rico,GV,Ground Validation,HD Seaviewer Drop Camera,GV2016_216,2016-08-22,11:43:49,2016,8,18.21209105,-65.19850112,2062388.427,-7257863.945,2062388.427,-7257863.945,0.0,-30.27832985,30.278,https://nccospublicstor.blob.core.windows.net/biomapper/usviinsularshelf2017/videos/low/GV2016_216.mp4,Present,Absent,Absent,Absent,Present,Present,Present,Present,Absent,Absent,Absent,Some coral colonies with coral bleaching,1,0,0,0,1,1,1,1,0,0,0,1,4,5,Pass,Pass,Pass,Pass,Pass,Pass,Pass,Pass,Pass,Pass,Pass,
REC0861,860,860,Benthic Habitat Maps for the Insular Shelf South of St. Thomas and St. John,Puerto Rico,GV,Ground Validation,HD Seaviewer Drop Camera,GV2016_217,2016-08-21,09:55:53,2016,8,18.13394577,-65.20057674,2053232.633,-7258095.002,2053232.633,-7258095.002,0.0,-24.07235146,24.072,https://nccospublicstor.blob.core.windows.net/biomapper/usviinsularshelf2017/videos/low/GV2016_217.mp4,Absent,Present,Absent,Absent,Present,Present,Present,Present,Absent,Absent,Absent,,0,1,0,0,1,1,1,1,0,0,0,1,4,5,Pass,Pass,Pass,Pass,Pass,Pass,Pass,Pass,Pass,Pass,Pass,
REC0862,861,861,Benthic Habitat Maps for the Insular Shelf South of St. Thomas and St. John,"St. John, USVI",GV,Ground Validation,HD Seaviewer Drop Camera,GV2016_219,2016-09-13,11:41:59,2016,9,18.21881902,-64.7803869,2063176.893,-7211319.683,2063176.893,-7211319.683,0.0,-51.99280167,51.993,https://nccospublicstor.blob.core.windows.net/biomapper/usviinsularshelf2017/videos/low/GV2016_219.mp4,Absent,Present,Absent,Absent,Present,Absent,Present,Present,Absent,Absent,Absent,,0,1,0,0,1,0,1,1,0,0,0,1,3,4,Pass,Pass,Pass,Pass,Pass,Pass,Pass,Pass,Pass,Pass,Pass,
REC0863,862,862,Benthic Habitat Maps for the Insular Shelf South of St. Thomas and St. John,"St. Thomas, USVI",GV,Ground Validation,HD Seaviewer Drop Camera,GV2016_220,2016-09-09,13:23:15,2016,9,18.21371794,-64.82577528,2062579.083,-7216372.294,2062579.083,-7216372.294,0.001,-52.31742096,52.317,https://nccospublicstor.blob.core.windows.net/biomapper/usviinsularshelf2017/videos/low/GV2016_220.mp4,Absent,Absent,Present,Absent,Absent,Absent,Present,Present,Absent,Absent,Absent,,0,0,1,0,0,0,1,1,0,0,0,1,2,3,Pass,Pass,Pass,Pass,Pass,Pass,Pass,Pass,Pass,Pass,Pass,
REC0864,863,863,Benthic Habitat Maps for the Insular Shelf South of St. Thomas and St. John,"St. Thomas, USVI",GV,Ground Validation,HD Seaviewer Drop Camera,GV2016_221,2016-08-29,09:17:01,2016,8,18.22061997,-64.85990578,2063387.955,-7220171.684,2063387.955,-7220171.684,0.0,-45.11154938,45.112,https://nccospublicstor.blob.core.windows.net/biomapper/usviinsularshelf2017/videos/low/GV2016_221.mp4,Absent,Absent,Present,Absent,Absent,Absent,Present,Present,Absent,Absent,Absent,,0,0,1,0,0,0,1,1,0,0,0,1,2,3,Pass,Pass,Pass,Pass,Pass,Pass,Pass,Pass,Pass,Pass,Pass,
REC0865,864,864,Benthic Habitat Maps for the Insular Shelf South of St. Thomas and St. John,"St. John, USVI",GV,Ground Validation,HD Seaviewer Drop Camera,GV2016_222,2016-09-12,09:18:13,2016,9,18.26364764,-64.66309215,2068431.238,-7198262.491,2068431.238,-7198262.491,0.0,-43.93156815,43.932,https://nccospublicstor.blob.core.windows.net/biomapper/usviinsularshelf2017/videos/low/GV2016_222.mp4,Absent,Absent,Present,Present,Absent,Absent,Present,Present,Absent,Absent,Absent,,0,0,1,1,0,0,1,1,0,0,0,2,2,4,Pass,Pass,Pass,Pass,Pass,Pass,Pass,Pass,Pass,Pass,Pass,
REC0866,865,865,Benthic Habitat Maps for the Insular Shelf South of St. Thomas and St. John,"St. Thomas, USVI",GV,Ground Validation,HD Seaviewer Drop Camera,GV2016_223,2016-08-26,09:52:58,2016,8,18.21669052,-64.96857995,2062927.446,-7232269.238,2062927.446,-7232269.238,0.001,-42.04472733,42.045,https://nccospublicstor.blob.core.windows.net/biomapper/usviinsularshelf2017/videos/low/GV2016_223.mp4,Absent,Absent,Present,Present,Absent,Absent,Present,Present,Absent,Absent,Absent,,0,0,1,1,0,0,1,1,0,0,0,2,2,4,Pass,Pass,Pass,Pass,Pass,Pass,Pass,Pass,Pass,Pass,Pass,
REC0867,866,866,Benthic Habitat Maps for the Insular Shelf South of St. Thomas and St. John,"St. Thomas, USVI",GV,Ground Validation,HD Seaviewer Drop Camera,GV2016_224,2016-08-28,10:57:45,2016,8,18.2084228,-64.91050818,2061958.549,-7225804.718,2061958.549,-7225804.718,0.0,-43.26871109,43.269,https://nccospublicstor.blob.core.windows.net/biomapper/usviinsularshelf2017/videos/low/GV2016_224.mp4,Present,Absent,Absent,Present,Present,Present,Present,Present,Absent,Absent,Absent,,1,0,0,1,1,1,1,1,0,0,0,2,4,6,Pass,Pass,Pass,Pass,Pass,Pass,Pass,Pass,Pass,Pass,Pass,
REC0868,867,867,Benthic Habitat Maps for the Insular Shelf South of St. Thomas and St. John,"St. Thomas, USVI",GV,Ground Validation,HD Seaviewer Drop Camera,GV2016_225,2016-08-31,12:48:49,2016,8,18.28254864,-64.81677747,2070647.024,-7215370.663,2070647.024,-7215370.663,0.0,-28.57877731,28.579,https://nccospublicstor.blob.core.windows.net/biomapper/usviinsularshelf2017/videos/low/GV2016_225.mp4,Absent,Absent,Present,Absent,Absent,Absent,Present,Present,Absent,Absent,Absent,,0,0,1,0,0,0,1,1,0,0,0,1,2,3,Pass,Pass,Pass,Pass,Pass,Pass,Pass,Pass,Pass,Pass,Pass,
REC0869,868,868,Benthic Habitat Maps for the Insular Shelf South of St. Thomas and St. John,"St. John, USVI",GV,Ground Validation,HD Seaviewer Drop Camera,GV2016_226,2016-09-11,08:48:31,2016,9,18.27370419,-64.74559472,2069610.149,-7207446.635,2069610.149,-7207446.635,0.0,-35.01424408,35.014,https://nccospublicstor.blob.core.windows.net/biomapper/usviinsularshelf2017/videos/low/GV2016_226.mp4,Absent,Absent,Absent,Present,Absent,Absent,Present,Absent,Absent,Absent,Absent,,0,0,0,1,0,0,1,0,0,0,0,1,1,2,Pass,Pass,Pass,Pass,Pass,Pass,Pass,Pass,Pass,Pass,Pass,
REC0870,869,869,Benthic Habitat Maps for the Insular Shelf South of St. Thomas and St. John,"St. Thomas, USVI",GV,Ground Validation,HD Seaviewer Drop Camera,GV2016_227,2016-08-27,12:25:17,2016,8,18.25531682,-64.99076121,2067454.684,-7234738.444,2067454.684,-7234738.444,0.001,-36.94226456,36.942,https://nccospublicstor.blob.core.windows.net/biomapper/usviinsularshelf2017/videos/low/GV2016_227.mp4,Absent,Absent,Present,Present,Absent,Absent,Present,Present,Absent,Absent,Absent,,0,0,1,1,0,0,1,1,0,0,0,2,2,4,Pass,Pass,Pass,Pass,Pass,Pass,Pass,Pass,Pass,Pass,Pass,
REC0871,870,870,Benthic Habitat Maps for the Insular Shelf South of St. Thomas and St. John,"St. John, USVI",GV,Ground Validation,HD Seaviewer Drop Camera,GV2016_228,2016-09-16,11:36:51,2016,9,18.18804045,-64.78610328,2059570.131,-7211956.028,2059570.131,-7211956.028,0.001,-57.68831635,57.688,https://nccospublicstor.blob.core.windows.net/biomapper/usviinsularshelf2017/videos/low/GV2016_228.mp4,Absent,Absent,Present,Absent,Absent,Absent,Present,Present,Absent,Absent,Absent,,0,0,1,0,0,0,1,1,0,0,0,1,2,3,Pass,Pass,Pass,Pass,Pass,Pass,Pass,Pass,Pass,Pass,Pass,
REC0872,871,871,Benthic Habitat Maps for the Insular Shelf South of St. Thomas and St. John,"St. Thomas, USVI",GV,Ground Validation,HD Seaviewer Drop Camera,GV2016_229,2016-08-28,12:59:50,2016,8,18.22329484,-64.89727525,2063701.441,-7224331.635,2063701.441,-7224331.635,0.0,-44.4870224,44.487,https://nccospublicstor.blob.core.windows.net/biomapper/usviinsularshelf2017/videos/low/GV2016_229.mp4,Present,Absent,Absent,Absent,Present,Absent,Present,Present,Absent,Absent,Absent,,1,0,0,0,1,0,1,1,0,0,0,1,3,4,Pass,Pass,Pass,Pass,Pass,Pass,Pass,Pass,Pass,Pass,Pass,
REC0873,872,872,Benthic Habitat Maps for the Insular Shelf South of St. Thomas and St. John,"St. Thomas, USVI",GV,Ground Validation,HD Seaviewer Drop Camera,GV2016_230,2016-08-29,10:31:57,2016,8,18.25659344,-64.87840683,2067604.328,-7222231.212,2067604.328,-7222231.212,0.0,-37.65846252,37.658,https://nccospublicstor.blob.core.windows.net/biomapper/usviinsularshelf2017/videos/low/GV2016_230.mp4,Absent,Absent,Present,Present,Absent,Absent,Present,Present,Absent,Absent,Absent,,0,0,1,1,0,0,1,1,0,0,0,2,2,4,Pass,Pass,Pass,Pass,Pass,Pass,Pass,Pass,Pass,Pass,Pass,
REC0874,873,873,Benthic Habitat Maps for the Insular Shelf South of St. Thomas and St. John,"St. Thomas, USVI",GV,Ground Validation,HD Seaviewer Drop Camera,GV2016_231,2016-08-31,08:39:32,2016,8,18.21982461,-64.92148898,2063294.742,-7227027.095,2063294.743,-7227027.095,0.001,-44.07698822,44.077,https://nccospublicstor.blob.core.windows.net/biomapper/usviinsularshelf2017/videos/low/GV2016_231.mp4,Absent,Absent,Present,Present,Absent,Absent,Present,Present,Absent,Absent,Absent,,0,0,1,1,0,0,1,1,0,0,0,2,2,4,Pass,Pass,Pass,Pass,Pass,Pass,Pass,Pass,Pass,Pass,Pass,
REC0875,874,874,Benthic Habitat Maps for the Insular Shelf South of St. Thomas and St. John,"St. Thomas, USVI",GV,Ground Validation,HD Seaviewer Drop Camera,GV2016_232,2016-09-09,12:18:56,2016,9,18.24984848,-64.85032383,2066813.7,-7219105.026,2066813.7,-7219105.027,0.001,-38.81793594,38.818,https://nccospublicstor.blob.core.windows.net/biomapper/usviinsularshelf2017/videos/low/GV2016_232.mp4,Absent,Absent,Present,Present,Absent,Absent,Present,Present,Absent,Absent,Absent,,0,0,1,1,0,0,1,1,0,0,0,2,2,4,Pass,Pass,Pass,Pass,Pass,Pass,Pass,Pass,Pass,Pass,Pass,
REC0876,875,875,Benthic Habitat Maps for the Insular Shelf South of St. Thomas and St. John,Puerto Rico,GV,Ground Validation,HD Seaviewer Drop Camera,GV2016_234,2016-08-23,14:05:29,2016,8,18.16659784,-65.19223672,2057057.773,-7257166.595,2057057.773,-7257166.595,0.0,-36.50247192,36.502,https://nccospublicstor.blob.core.windows.net/biomapper/usviinsularshelf2017/videos/low/GV2016_234.mp4,Present,Absent,Absent,Absent,Present,Present,Present,Present,Absent,Absent,Absent,,1,0,0,0,1,1,1,1,0,0,0,1,4,5,Pass,Pass,Pass,Pass,Pass,Pass,Pass,Pass,Pass,Pass,Pass,
REC0877,876,876,Benthic Habitat Maps for the Insular Shelf South of St. Thomas and St. John,"St. Thomas, USVI",GV,Ground Validation,HD Seaviewer Drop Camera,GV2016_235,2016-08-25,14:57:28,2016,8,18.28340356,-65.0547093,2070747.253,-7241857.113,2070747.253,-7241857.113,0.0,-33.1607399,33.161,https://nccospublicstor.blob.core.windows.net/biomapper/usviinsularshelf2017/videos/low/GV2016_235.mp4,Absent,Absent,Present,Present,Absent,Absent,Present,Present,Absent,Absent,Absent,,0,0,1,1,0,0,1,1,0,0,0,2,2,4,Pass,Pass,Pass,Pass,Pass,Pass,Pass,Pass,Pass,Pass,Pass,
REC0878,877,877,Benthic Habitat Maps for the Insular Shelf South of St. Thomas and St. John,"St. John, USVI",GV,Ground Validation,HD Seaviewer Drop Camera,GV2016_236,2016-09-02,11:24:44,2016,9,18.29793722,-64.71068697,2072451.223,-7203560.722,2072451.223,-7203560.722,0.0,-25.98139191,25.981,https://nccospublicstor.blob.core.windows.net/biomapper/usviinsularshelf2017/videos/low/GV2016_236.mp4,Absent,Absent,Absent,Present,Absent,Absent,Absent,Present,Present,Absent,Absent,,0,0,0,1,0,0,0,1,1,0,0,1,1,3,Pass,Pass,Pass,Pass,Pass,Pass,Pass,Pass,Pass,Pass,Pass,
REC0879,878,878,Benthic Habitat Maps for the Insular Shelf South of St. Thomas and St. John,"St. Thomas, USVI",GV,Ground Validation,HD Seaviewer Drop Camera,GV2016_237,2016-08-27,10:33:50,2016,8,18.24507526,-65.05092428,2066254.212,-7241435.766,2066254.212,-7241435.766,0.001,-36.99799728,36.998,https://nccospublicstor.blob.core.windows.net/biomapper/usviinsularshelf2017/videos/low/GV2016_237.mp4,Absent,Present,Absent,Present,Present,Absent,Present,Present,Absent,Absent,Absent,,0,1,0,1,1,0,1,1,0,0,0,2,3,5,Pass,Pass,Pass,Pass,Pass,Pass,Pass,Pass,Pass,Pass,Pass,
REC0880,879,879,Benthic Habitat Maps for the Insular Shelf South of St. Thomas and St. John,"St. John, USVI",GV,Ground Validation,HD Seaviewer Drop Camera,GV2016_238,2016-09-12,11:50:24,2016,9,18.2232336,-64.70700153,2063694.264,-7203150.461,2063694.264,-7203150.461,0.0,-55.6145401,55.615,https://nccospublicstor.blob.core.windows.net/biomapper/usviinsularshelf2017/videos/low/GV2016_238.mp4,Absent,Present,Absent,Absent,Present,Absent,Present,Present,Absent,Absent,Absent,,0,1,0,0,1,0,1,1,0,0,0,1,3,4,Pass,Pass,Pass,Pass,Pass,Pass,Pass,Pass,Pass,Pass,Pass,
REC0881,880,880,Benthic Habitat Maps for the Insular Shelf South of St. Thomas and St. John,"St. John, USVI",GV,Ground Validation,HD Seaviewer Drop Camera,GV2016_239,2016-08-31,11:38:42,2016,8,18.29055657,-64.8036626,2071585.875,-7213910.722,2071585.875,-7213910.722,0.0,-23.3640728,23.364,https://nccospublicstor.blob.core.windows.net/biomapper/usviinsularshelf2017/videos/low/GV2016_239.mp4,Absent,Present,Absent,Present,Present,Absent,Present,Present,Absent,Absent,Absent,,0,1,0,1,1,0,1,1,0,0,0,2,3,5,Pass,Pass,Pass,Pass,Pass,Pass,Pass,Pass,Pass,Pass,Pass,
REC0882,881,881,Benthic Habitat Maps for the Insular Shelf South of St. Thomas and St. John,"St. John, USVI",GV,Ground Validation,HD Seaviewer Drop Camera,GV2016_240,2016-09-17,10:12:23,2016,9,18.21947267,-64.73304548,2063253.497,-7206049.66,2063253.497,-7206049.66,0.0,-51.65968704,51.66,https://nccospublicstor.blob.core.windows.net/biomapper/usviinsularshelf2017/videos/low/GV2016_240.mp4,Absent,Present,Present,Absent,Present,Absent,Present,Present,Absent,Absent,Absent,,0,1,1,0,1,0,1,1,0,0,0,2,3,5,Pass,Pass,Pass,Pass,Pass,Pass,Pass,Pass,Pass,Pass,Pass,
REC0883,882,882,Benthic Habitat Maps for the Insular Shelf South of St. Thomas and St. John,"St. Thomas, USVI",GV,Ground Validation,HD Seaviewer Drop Camera,GV2016_243,2016-08-27,11:38:09,2016,8,18.27420981,-65.0342775,2069669.424,-7239582.655,2069669.424,-7239582.655,0.001,-32.38614655,32.386,https://nccospublicstor.blob.core.windows.net/biomapper/usviinsularshelf2017/videos/low/GV2016_243.mp4,Absent,Absent,Present,Absent,Absent,Absent,Present,Present,Absent,Absent,Absent,,0,0,1,0,0,0,1,1,0,0,0,1,2,3,Pass,Pass,Pass,Pass,Pass,Pass,Pass,Pass,Pass,Pass,Pass,
REC0884,883,883,Benthic Habitat Maps for the Insular Shelf South of St. Thomas and St. John,Puerto Rico,GV,Ground Validation,HD Seaviewer Drop Camera,GV2016_244,2016-08-23,10:20:52,2016,8,18.20357828,-65.15839146,2061390.84,-7253398.958,2061390.84,-7253398.958,0.001,-38.5800972,38.58,https://nccospublicstor.blob.core.windows.net/biomapper/usviinsularshelf2017/videos/low/GV2016_244.mp4,Present,Absent,Absent,Absent,Present,Absent,Present,Present,Absent,Absent,Absent,,1,0,0,0,1,0,1,1,0,0,0,1,3,4,Pass,Pass,Pass,Pass,Pass,Pass,Pass,Pass,Pass,Pass,Pass,
REC0885,884,884,Benthic Habitat Maps for the Insular Shelf South of St. Thomas and St. John,"St. John, USVI",GV,Ground Validation,HD Seaviewer Drop Camera,GV2016_245,2016-09-12,11:17:56,2016,9,18.21477042,-64.69227041,2062702.424,-7201510.6,2062702.424,-7201510.6,0.0,-45.14606476,45.146,https://nccospublicstor.blob.core.windows.net/biomapper/usviinsularshelf2017/videos/low/GV2016_245.mp4,Absent,Absent,Absent,Present,Absent,Absent,Present,Present,Absent,Absent,Absent,large jack,0,0,0,1,0,0,1,1,0,0,0,1,2,3,Pass,Pass,Pass,Pass,Pass,Pass,Pass,Pass,Pass,Pass,Pass,
REC0886,885,885,Benthic Habitat Maps for the Insular Shelf South of St. Thomas and St. John,"St. John, USVI",GV,Ground Validation,HD Seaviewer Drop Camera,GV2016_246,2016-09-17,08:33:44,2016,9,18.25346313,-64.70240501,2067237.397,-7202638.779,2067237.397,-7202638.779,0.0,-47.05615234,47.056,https://nccospublicstor.blob.core.windows.net/biomapper/usviinsularshelf2017/videos/low/GV2016_246.mp4,Absent,Absent,Present,Absent,Present,Absent,Present,Present,Absent,Absent,Absent,,0,0,1,0,1,0,1,1,0,0,0,1,3,4,Pass,Pass,Pass,Pass,Pass,Pass,Pass,Pass,Pass,Pass,Pass,
REC0887,886,886,Benthic Habitat Maps for the Insular Shelf South of St. Thomas and St. John,"St. Thomas, USVI",GV,Ground Validation,HD Seaviewer Drop Camera,GV2016_247,2016-09-09,12:27:30,2016,9,18.24210011,-64.84481427,2065905.491,-7218491.705,2065905.491,-7218491.705,0.0,-41.26400757,41.264,https://nccospublicstor.blob.core.windows.net/biomapper/usviinsularshelf2017/videos/low/GV2016_247.mp4,Absent,Absent,Present,Present,Absent,Absent,Present,Present,Absent,Absent,Absent,Shark at the bottom attrackted to the camera,0,0,1,1,0,0,1,1,0,0,0,2,2,4,Pass,Pass,Pass,Pass,Pass,Pass,Pass,Pass,Pass,Pass,Pass,
REC0888,887,887,Benthic Habitat Maps for the Insular Shelf South of St. Thomas and St. John,"St. Thomas, USVI",GV,Ground Validation,HD Seaviewer Drop Camera,GV2016_248,2016-08-29,14:28:54,2016,8,18.2221725,-64.99053939,2063569.906,-7234713.751,2063569.906,-7234713.751,0.0,-41.8910408,41.891,https://nccospublicstor.blob.core.windows.net/biomapper/usviinsularshelf2017/videos/low/GV2016_248.mp4,Absent,Absent,Present,Present,Absent,Absent,Present,Present,Absent,Absent,Absent,Queen Triggerfish,0,0,1,1,0,0,1,1,0,0,0,2,2,4,Pass,Pass,Pass,Pass,Pass,Pass,Pass,Pass,Pass,Pass,Pass,
REC0889,888,888,Benthic Habitat Maps for the Insular Shelf South of St. Thomas and St. John,"St. Thomas, USVI",GV,Ground Validation,HD Seaviewer Drop Camera,GV2016_249,2016-08-29,10:01:46,2016,8,18.23571828,-64.87469185,2065157.489,-7221817.662,2065157.489,-7221817.662,0.0,-42.63756561,42.638,https://nccospublicstor.blob.core.windows.net/biomapper/usviinsularshelf2017/videos/low/GV2016_249.mp4,Absent,Absent,Absent,Present,Absent,Absent,Present,Present,Absent,Absent,Absent,,0,0,0,1,0,0,1,1,0,0,0,1,2,3,Pass,Pass,Pass,Pass,Pass,Pass,Pass,Pass,Pass,Pass,Pass,
REC0890,889,889,Benthic Habitat Maps for the Insular Shelf South of St. Thomas and St. John,"St. John, USVI",GV,Ground Validation,HD Seaviewer Drop Camera,GV2016_250,2016-09-17,06:52:41,2016,9,18.24757745,-64.77445376,2066547.502,-7210659.209,2066547.502,-7210659.209,0.0,-46.15926361,46.159,https://nccospublicstor.blob.core.windows.net/biomapper/usviinsularshelf2017/videos/low/GV2016_250.mp4,Absent,Absent,Present,Absent,Absent,Absent,Present,Present,Absent,Absent,Absent,,0,0,1,0,0,0,1,1,0,0,0,1,2,3,Pass,Pass,Pass,Pass,Pass,Pass,Pass,Pass,Pass,Pass,Pass,
REC0891,890,890,Benthic Habitat Maps for the Insular Shelf South of St. Thomas and St. John,"St. Thomas, USVI",GV,Ground Validation,HD Seaviewer Drop Camera,GV2016_251,2016-08-27,14:53:45,2016,8,18.25540858,-65.0258804,2067465.44,-7238647.895,2067465.44,-7238647.895,0.001,-36.11458969,36.115,https://nccospublicstor.blob.core.windows.net/biomapper/usviinsularshelf2017/videos/low/GV2016_251.mp4,Absent,Absent,Present,Present,Absent,Absent,Present,Present,Absent,Absent,Absent,,0,0,1,1,0,0,1,1,0,0,0,2,2,4,Pass,Pass,Pass,Pass,Pass,Pass,Pass,Pass,Pass,Pass,Pass,
REC0892,891,891,Benthic Habitat Maps for the Insular Shelf South of St. Thomas and St. John,"St. Thomas, USVI",GV,Ground Validation,HD Seaviewer Drop Camera,GV2016_252,2016-08-30,11:22:36,2016,8,18.26597688,-64.94790911,2068704.285,-7229968.17,2068704.285,-7229968.17,0.0,-33.38344574,33.383,https://nccospublicstor.blob.core.windows.net/biomapper/usviinsularshelf2017/videos/low/GV2016_252.mp4,Absent,Absent,Present,Present,Absent,Absent,Present,Present,Absent,Absent,Absent,,0,0,1,1,0,0,1,1,0,0,0,2,2,4,Pass,Pass,Pass,Pass,Pass,Pass,Pass,Pass,Pass,Pass,Pass,
REC0893,892,892,Benthic Habitat Maps for the Insular Shelf South of St. Thomas and St. John,"St. Thomas, USVI",GV,Ground Validation,HD Seaviewer Drop Camera,GV2016_253,2016-08-28,10:43:13,2016,8,18.21535274,-64.91217186,2062770.668,-7225989.918,2062770.668,-7225989.918,0.0,-43.53718948,43.537,https://nccospublicstor.blob.core.windows.net/biomapper/usviinsularshelf2017/videos/low/GV2016_253.mp4,Present,Absent,Absent,Present,Present,Present,Present,Present,Absent,Absent,Absent,,1,0,0,1,1,1,1,1,0,0,0,2,4,6,Pass,Pass,Pass,Pass,Pass,Pass,Pass,Pass,Pass,Pass,Pass,
REC0894,893,893,Benthic Habitat Maps for the Insular Shelf South of St. Thomas and St. John,"St. John, USVI",GV,Ground Validation,HD Seaviewer Drop Camera,GV2016_254,2016-08-31,11:46:30,2016,8,18.27861803,-64.8029545,2070186.214,-7213831.897,2070186.214,-7213831.897,0.0,-33.08097458,33.081,https://nccospublicstor.blob.core.windows.net/biomapper/usviinsularshelf2017/videos/low/GV2016_254.mp4,Absent,Present,Present,Absent,Absent,Absent,Present,Present,Absent,Absent,Absent,,0,1,1,0,0,0,1,1,0,0,0,2,2,4,Pass,Pass,Pass,Pass,Pass,Pass,Pass,Pass,Pass,Pass,Pass,
REC0895,894,894,Benthic Habitat Maps for the Insular Shelf South of St. Thomas and St. John,"St. Thomas, USVI",GV,Ground Validation,HD Seaviewer Drop Camera,GV2016_255,2016-08-30,13:47:48,2016,8,18.28525511,-64.83086865,2070964.326,-7216939.286,2070964.326,-7216939.286,0.0,-27.48421288,27.484,https://nccospublicstor.blob.core.windows.net/biomapper/usviinsularshelf2017/videos/low/GV2016_255.mp4,Absent,Absent,Present,Present,Absent,Absent,Present,Present,Absent,Present,Absent,"Derelict trap, queen trigger, baracuda, bar jack",0,0,1,1,0,0,1,1,0,1,0,2,2,5,Pass,Pass,Pass,Pass,Pass,Pass,Pass,Pass,Pass,Pass,Pass,
REC0896,895,895,Benthic Habitat Maps for the Insular Shelf South of St. Thomas and St. John,"St. Thomas, USVI",GV,Ground Validation,HD Seaviewer Drop Camera,GV2016_256,2016-08-20,11:57:02,2016,8,18.27111612,-65.07417227,2069306.748,-7244023.721,2069306.748,-7244023.721,0.0,-34.29455566,34.295,https://nccospublicstor.blob.core.windows.net/biomapper/usviinsularshelf2017/videos/low/GV2016_256.mp4,Absent,Absent,Present,Absent,Absent,Absent,Present,Present,Absent,Absent,Absent,,0,0,1,0,0,0,1,1,0,0,0,1,2,3,Pass,Pass,Pass,Pass,Pass,Pass,Pass,Pass,Pass,Pass,Pass,
REC0897,896,896,Benthic Habitat Maps for the Insular Shelf South of St. Thomas and St. John,"St. Thomas, USVI",GV,Ground Validation,HD Seaviewer Drop Camera,GV2016_257,2016-08-27,13:37:11,2016,8,18.2246997,-65.01628978,2063866.088,-7237580.272,2063866.088,-7237580.272,0.001,-40.58366394,40.584,https://nccospublicstor.blob.core.windows.net/biomapper/usviinsularshelf2017/videos/low/GV2016_257.mp4,Absent,Absent,Present,Present,Absent,Absent,Present,Present,Absent,Absent,Absent,,0,0,1,1,0,0,1,1,0,0,0,2,2,4,Pass,Pass,Pass,Pass,Pass,Pass,Pass,Pass,Pass,Pass,Pass,
REC0898,897,897,Benthic Habitat Maps for the Insular Shelf South of St. Thomas and St. John,"St. John, USVI",GV,Ground Validation,HD Seaviewer Drop Camera,GV2016_258,2016-08-31,10:27:27,2016,8,18.29083255,-64.79170089,2071618.232,-7212579.151,2071618.232,-7212579.151,0.0,-31.20025635,31.2,https://nccospublicstor.blob.core.windows.net/biomapper/usviinsularshelf2017/videos/low/GV2016_258.mp4,Absent,Present,Present,Absent,Absent,Absent,Present,Present,Absent,Absent,Absent,,0,1,1,0,0,0,1,1,0,0,0,2,2,4,Pass,Pass,Pass,Pass,Pass,Pass,Pass,Pass,Pass,Pass,Pass,
REC0899,898,898,Benthic Habitat Maps for the Insular Shelf South of St. Thomas and St. John,Puerto Rico,GV,Ground Validation,HD Seaviewer Drop Camera,GV2016_259,2016-08-23,14:35:52,2016,8,18.22227247,-65.16690498,2063581.622,-7254346.679,2063581.622,-7254346.679,0.0,-33.89625168,33.896,https://nccospublicstor.blob.core.windows.net/biomapper/usviinsularshelf2017/videos/low/GV2016_259.mp4,Present,Absent,Absent,Absent,Present,Absent,Present,Present,Absent,Absent,Absent,,1,0,0,0,1,0,1,1,0,0,0,1,3,4,Pass,Pass,Pass,Pass,Pass,Pass,Pass,Pass,Pass,Pass,Pass,
REC0900,899,899,Benthic Habitat Maps for the Insular Shelf South of St. Thomas and St. John,"St. John, USVI",GV,Ground Validation,HD Seaviewer Drop Camera,GV2016_260,2016-09-13,09:36:32,2016,9,18.25901631,-64.80087828,2067888.339,-7213600.773,2067888.339,-7213600.773,0.0,-41.12916946,41.129,https://nccospublicstor.blob.core.windows.net/biomapper/usviinsularshelf2017/videos/low/GV2016_260.mp4,Absent,Absent,Present,Absent,Absent,Absent,Present,Present,Absent,Absent,Absent,,0,0,1,0,0,0,1,1,0,0,0,1,2,3,Pass,Pass,Pass,Pass,Pass,Pass,Pass,Pass,Pass,Pass,Pass,
REC0901,900,900,Benthic Habitat Maps for the Insular Shelf South of St. Thomas and St. John,"St. John, USVI",GV,Ground Validation,HD Seaviewer Drop Camera,GV2016_261,2016-09-16,11:47:44,2016,9,18.1926561,-64.79023643,2060110.972,-7212416.128,2060110.972,-7212416.128,0.0,-58.08217621,58.082,https://nccospublicstor.blob.core.windows.net/biomapper/usviinsularshelf2017/videos/low/GV2016_261.mp4,Absent,Absent,Present,Absent,Present,Absent,Present,Present,Absent,Absent,Absent,,0,0,1,0,1,0,1,1,0,0,0,1,3,4,Pass,Pass,Pass,Pass,Pass,Pass,Pass,Pass,Pass,Pass,Pass,
REC0902,901,901,Benthic Habitat Maps for the Insular Shelf South of St. Thomas and St. John,"St. John, USVI",GV,Ground Validation,HD Seaviewer Drop Camera,GV2016_262,2016-09-13,12:08:50,2016,9,18.22815495,-64.7962085,2064271.042,-7213080.936,2064271.042,-7213080.936,0.001,-52.19272232,52.193,https://nccospublicstor.blob.core.windows.net/biomapper/usviinsularshelf2017/videos/low/GV2016_262.mp4,Absent,Present,Present,Present,Present,Present,Present,Present,Absent,Absent,Absent,,0,1,1,1,1,1,1,1,0,0,0,3,4,7,Pass,Pass,Pass,Pass,Pass,Pass,Pass,Pass,Pass,Pass,Pass,
REC0903,902,902,Benthic Habitat Maps for the Insular Shelf South of St. Thomas and St. John,Puerto Rico,GV,Ground Validation,HD Seaviewer Drop Camera,GV2016_263,2016-08-21,08:54:35,2016,8,18.14532128,-65.20320564,2054565.176,-7258387.65,2054565.176,-7258387.65,0.0,-40.95859528,40.959,https://nccospublicstor.blob.core.windows.net/biomapper/usviinsularshelf2017/videos/low/GV2016_263.mp4,Present,Absent,Absent,Absent,Present,Present,Present,Present,Absent,Absent,Absent,Coral Bleaching,1,0,0,0,1,1,1,1,0,0,0,1,4,5,Pass,Pass,Pass,Pass,Pass,Pass,Pass,Pass,Pass,Pass,Pass,
REC0904,903,903,Benthic Habitat Maps for the Insular Shelf South of St. Thomas and St. John,"St. John, USVI",GV,Ground Validation,HD Seaviewer Drop Camera,GV2016_264,2016-08-31,12:30:01,2016,8,18.2641141,-64.79290898,2068485.919,-7212713.635,2068485.919,-7212713.635,0.0,-37.62995911,37.63,https://nccospublicstor.blob.core.windows.net/biomapper/usviinsularshelf2017/videos/low/GV2016_264.mp4,Absent,Absent,Present,Absent,Absent,Absent,Present,Absent,Absent,Absent,Absent,,0,0,1,0,0,0,1,0,0,0,0,1,1,2,Pass,Pass,Pass,Pass,Pass,Pass,Pass,Pass,Pass,Pass,Pass,
REC0905,904,904,Benthic Habitat Maps for the Insular Shelf South of St. Thomas and St. John,"St. Thomas, USVI",GV,Ground Validation,HD Seaviewer Drop Camera,GV2016_265,2016-08-28,14:32:55,2016,8,18.2519569,-64.89562205,2067060.84,-7224147.601,2067060.84,-7224147.601,0.001,-40.18032455,40.18,https://nccospublicstor.blob.core.windows.net/biomapper/usviinsularshelf2017/videos/low/GV2016_265.mp4,Absent,Absent,Present,Absent,Absent,Absent,Present,Present,Absent,Absent,Absent,,0,0,1,0,0,0,1,1,0,0,0,1,2,3,Pass,Pass,Pass,Pass,Pass,Pass,Pass,Pass,Pass,Pass,Pass,
REC0906,905,905,Benthic Habitat Maps for the Insular Shelf South of St. Thomas and St. John,"St. John, USVI",GV,Ground Validation,HD Seaviewer Drop Camera,GV2016_266,2016-09-12,09:47:09,2016,9,18.25067112,-64.66049262,2066910.126,-7197973.113,2066910.126,-7197973.113,0.0,-43.89173508,43.892,https://nccospublicstor.blob.core.windows.net/biomapper/usviinsularshelf2017/videos/low/GV2016_266.mp4,Present,Absent,Absent,Present,Present,Absent,Present,Present,Absent,Absent,Absent,,1,0,0,1,1,0,1,1,0,0,0,2,3,5,Pass,Pass,Pass,Pass,Pass,Pass,Pass,Pass,Pass,Pass,Pass,
REC0907,906,906,Benthic Habitat Maps for the Insular Shelf South of St. Thomas and St. John,"St. John, USVI",GV,Ground Validation,HD Seaviewer Drop Camera,GV2016_267,2016-09-12,13:42:38,2016,9,18.25267779,-64.68111494,2067145.341,-7200268.779,2067145.341,-7200268.779,0.0,-46.21892548,46.219,https://nccospublicstor.blob.core.windows.net/biomapper/usviinsularshelf2017/videos/low/GV2016_267.mp4,Present,Absent,Absent,Present,Present,Absent,Present,Present,Absent,Absent,Absent,,1,0,0,1,1,0,1,1,0,0,0,2,3,5,Pass,Pass,Pass,Pass,Pass,Pass,Pass,Pass,Pass,Pass,Pass,
REC0908,907,907,Benthic Habitat Maps for the Insular Shelf South of St. Thomas and St. John,Puerto Rico,GV,Ground Validation,HD Seaviewer Drop Camera,GV2016_268,2016-08-23,12:58:17,2016,8,18.17019633,-65.15893297,2057479.375,-7253459.239,2057479.375,-7253459.239,0.0,-47.68153,47.682,https://nccospublicstor.blob.core.windows.net/biomapper/usviinsularshelf2017/videos/low/GV2016_268.mp4,Present,Absent,Absent,Present,Present,Absent,Present,Present,Absent,Absent,Absent,,1,0,0,1,1,0,1,1,0,0,0,2,3,5,Pass,Pass,Pass,Pass,Pass,Pass,Pass,Pass,Pass,Pass,Pass,
REC0909,908,908,Benthic Habitat Maps for the Insular Shelf South of St. Thomas and St. John,"St. Thomas, USVI",GV,Ground Validation,HD Seaviewer Drop Camera,GV2016_269,2016-08-29,08:25:29,2016,8,18.26584751,-64.8598076,2068689.119,-7220160.755,2068689.119,-7220160.755,0.0,-30.6890316,30.689,https://nccospublicstor.blob.core.windows.net/biomapper/usviinsularshelf2017/videos/low/GV2016_269.mp4,Absent,Present,Absent,Present,Present,Present,Present,Present,Absent,Absent,Absent,,0,1,0,1,1,1,1,1,0,0,0,2,4,6,Pass,Pass,Pass,Pass,Pass,Pass,Pass,Pass,Pass,Pass,Pass,
REC0910,909,909,Benthic Habitat Maps for the Insular Shelf South of St. Thomas and St. John,"St. Thomas, USVI",GV,Ground Validation,HD Seaviewer Drop Camera,GV2016_270,2016-08-28,09:14:52,2016,8,18.19267528,-64.87678368,2060113.219,-7222050.524,2060113.219,-7222050.524,0.001,-45.34951019,45.35,https://nccospublicstor.blob.core.windows.net/biomapper/usviinsularshelf2017/videos/low/GV2016_270.mp4,Present,Absent,Absent,Absent,Present,Present,Present,Present,Absent,Absent,Absent,"Lionfish, Pork fish, Jacks and big school of Snappers",1,0,0,0,1,1,1,1,0,0,0,1,4,5,Pass,Pass,Pass,Pass,Pass,Pass,Pass,Pass,Pass,Pass,Pass,
REC0911,910,910,Benthic Habitat Maps for the Insular Shelf South of St. Thomas and St. John,"St. Thomas, USVI",GV,Ground Validation,HD Seaviewer Drop Camera,GV2016_271,2016-09-09,14:12:27,2016,9,18.25082055,-64.82927332,2066927.641,-7216761.695,2066927.642,-7216761.694,0.001,-30.27262497,30.273,https://nccospublicstor.blob.core.windows.net/biomapper/usviinsularshelf2017/videos/low/GV2016_271.mp4,Present,Absent,Absent,Present,Present,Present,Present,Present,Absent,Absent,Absent,,1,0,0,1,1,1,1,1,0,0,0,2,4,6,Pass,Pass,Pass,Pass,Pass,Pass,Pass,Pass,Pass,Pass,Pass,
REC0912,911,911,Benthic Habitat Maps for the Insular Shelf South of St. Thomas and St. John,"St. Thomas, USVI",GV,Ground Validation,HD Seaviewer Drop Camera,GV2016_273,2016-08-27,09:10:19,2016,8,18.22020578,-65.10786628,2063339.414,-7247774.521,2063339.414,-7247774.521,0.0,-31.78586197,31.786,https://nccospublicstor.blob.core.windows.net/biomapper/usviinsularshelf2017/videos/low/GV2016_273.mp4,Present,Absent,Absent,Absent,Present,Present,Present,Present,Absent,Absent,Absent,,1,0,0,0,1,1,1,1,0,0,0,1,4,5,Pass,Pass,Pass,Pass,Pass,Pass,Pass,Pass,Pass,Pass,Pass,
REC0913,912,912,Benthic Habitat Maps for the Insular Shelf South of St. Thomas and St. John,"St. John, USVI",GV,Ground Validation,HD Seaviewer Drop Camera,GV2016_275,2016-09-11,09:33:38,2016,9,18.28918049,-64.68859833,2071424.54,-7201101.826,2071424.54,-7201101.826,0.0,-32.30103683,32.301,https://nccospublicstor.blob.core.windows.net/biomapper/usviinsularshelf2017/videos/low/GV2016_275.mp4,Absent,Absent,Present,Present,Absent,Absent,Present,Present,Absent,Absent,Absent,,0,0,1,1,0,0,1,1,0,0,0,2,2,4,Pass,Pass,Pass,Pass,Pass,Pass,Pass,Pass,Pass,Pass,Pass,
REC0914,913,913,Benthic Habitat Maps for the Insular Shelf South of St. Thomas and St. John,"St. John, USVI",GV,Ground Validation,HD Seaviewer Drop Camera,GV2016_276,2016-09-13,11:49:51,2016,9,18.21735937,-64.78795579,2063005.83,-7212162.248,2063005.83,-7212162.248,0.0,-52.88193512,52.882,https://nccospublicstor.blob.core.windows.net/biomapper/usviinsularshelf2017/videos/low/GV2016_276.mp4,Absent,Present,Present,Absent,Present,Absent,Present,Present,Absent,Absent,Absent,,0,1,1,0,1,0,1,1,0,0,0,2,3,5,Pass,Pass,Pass,Pass,Pass,Pass,Pass,Pass,Pass,Pass,Pass,
REC0915,914,914,Benthic Habitat Maps for the Insular Shelf South of St. Thomas and St. John,Puerto Rico,GV,Ground Validation,HD Seaviewer Drop Camera,GV2016_277,2016-08-21,13:47:35,2016,8,18.17416275,-65.25760972,2057944.093,-7264443.884,2057944.093,-7264443.884,0.0,-30.33531189,30.335,https://nccospublicstor.blob.core.windows.net/biomapper/usviinsularshelf2017/videos/low/GV2016_277.mp4,Absent,Absent,Present,Absent,Present,Absent,Present,Present,Absent,Absent,Absent,,0,0,1,0,1,0,1,1,0,0,0,1,3,4,Pass,Pass,Pass,Pass,Pass,Pass,Pass,Pass,Pass,Pass,Pass,
REC0916,915,915,Benthic Habitat Maps for the Insular Shelf South of St. Thomas and St. John,"St. Thomas, USVI",GV,Ground Validation,HD Seaviewer Drop Camera,GV2016_278,2016-08-25,12:43:32,2016,8,18.24287388,-65.12825236,2065996.185,-7250043.889,2065996.185,-7250043.889,0.0,-31.30117607,31.301,https://nccospublicstor.blob.core.windows.net/biomapper/usviinsularshelf2017/videos/low/GV2016_278.mp4,Present,Absent,Absent,Absent,Present,Present,Present,Present,Absent,Absent,Absent,,1,0,0,0,1,1,1,1,0,0,0,1,4,5,Pass,Pass,Pass,Pass,Pass,Pass,Pass,Pass,Pass,Pass,Pass,
REC0917,916,916,Benthic Habitat Maps for the Insular Shelf South of St. Thomas and St. John,"St. Thomas, USVI",GV,Ground Validation,HD Seaviewer Drop Camera,GV2016_279,2016-08-28,13:10:06,2016,8,18.22685668,-64.9012433,2064118.884,-7224773.356,2064118.884,-7224773.356,0.0,-43.10640717,43.106,https://nccospublicstor.blob.core.windows.net/biomapper/usviinsularshelf2017/videos/low/GV2016_279.mp4,Absent,Absent,Present,Present,Absent,Absent,Present,Absent,Absent,Absent,Absent,,0,0,1,1,0,0,1,0,0,0,0,2,1,3,Pass,Pass,Pass,Pass,Pass,Pass,Pass,Pass,Pass,Pass,Pass,
REC0918,917,917,Benthic Habitat Maps for the Insular Shelf South of St. Thomas and St. John,"St. Thomas, USVI",GV,Ground Validation,HD Seaviewer Drop Camera,GV2016_280,2016-08-30,10:23:02,2016,8,18.24072094,-64.96042342,2065743.839,-7231361.257,2065743.839,-7231361.257,0.0,-41.03566742,41.036,https://nccospublicstor.blob.core.windows.net/biomapper/usviinsularshelf2017/videos/low/GV2016_280.mp4,Absent,Absent,Present,Present,Absent,Absent,Present,Present,Absent,Absent,Absent,,0,0,1,1,0,0,1,1,0,0,0,2,2,4,Pass,Pass,Pass,Pass,Pass,Pass,Pass,Pass,Pass,Pass,Pass,
REC0919,918,918,Benthic Habitat Maps for the Insular Shelf South of St. Thomas and St. John,"St. Thomas, USVI",GV,Ground Validation,HD Seaviewer Drop Camera,GV2016_281,2016-08-30,11:47:29,2016,8,18.27509933,-64.94892704,2069773.704,-7230081.486,2069773.704,-7230081.486,0.0,-33.23507309,33.235,https://nccospublicstor.blob.core.windows.net/biomapper/usviinsularshelf2017/videos/low/GV2016_281.mp4,Absent,Absent,Present,Absent,Absent,Absent,Present,Present,Absent,Absent,Absent,,0,0,1,0,0,0,1,1,0,0,0,1,2,3,Pass,Pass,Pass,Pass,Pass,Pass,Pass,Pass,Pass,Pass,Pass,
REC0920,919,919,Benthic Habitat Maps for the Insular Shelf South of St. Thomas and St. John,"St. Thomas, USVI",GV,Ground Validation,HD Seaviewer Drop Camera,GV2016_282,2016-08-27,13:23:46,2016,8,18.23607783,-65.01271311,2065199.631,-7237182.118,2065199.631,-7237182.118,0.001,-40.61882401,40.619,https://nccospublicstor.blob.core.windows.net/biomapper/usviinsularshelf2017/videos/low/GV2016_282.mp4,Absent,Absent,Present,Present,Absent,Absent,Present,Present,Absent,Absent,Absent,,0,0,1,1,0,0,1,1,0,0,0,2,2,4,Pass,Pass,Pass,Pass,Pass,Pass,Pass,Pass,Pass,Pass,Pass,
REC0921,920,920,Benthic Habitat Maps for the Insular Shelf South of St. Thomas and St. John,"St. Thomas, USVI",GV,Ground Validation,HD Seaviewer Drop Camera,GV2016_283,2016-08-26,13:17:45,2016,8,18.20355552,-65.08181178,2061388.172,-7244874.147,2061388.172,-7244874.147,0.0,-43.1555748,43.156,https://nccospublicstor.blob.core.windows.net/biomapper/usviinsularshelf2017/videos/low/GV2016_283.mp4,Present,Absent,Absent,Absent,Present,Absent,Present,Present,Absent,Absent,Absent,,1,0,0,0,1,0,1,1,0,0,0,1,3,4,Pass,Pass,Pass,Pass,Pass,Pass,Pass,Pass,Pass,Pass,Pass,
REC0922,921,921,Benthic Habitat Maps for the Insular Shelf South of St. Thomas and St. John,"St. Thomas, USVI",GV,Ground Validation,HD Seaviewer Drop Camera,GV2016_284,2016-08-20,12:44:40,2016,8,18.2768071,-65.09267007,2069973.911,-7246082.887,2069973.911,-7246082.887,0.0,-34.85664749,34.857,https://nccospublicstor.blob.core.windows.net/biomapper/usviinsularshelf2017/videos/low/GV2016_284.mp4,Present,Absent,Absent,Present,Present,Present,Present,Present,Absent,Absent,Absent,,1,0,0,1,1,1,1,1,0,0,0,2,4,6,Pass,Pass,Pass,Pass,Pass,Pass,Pass,Pass,Pass,Pass,Pass,
REC0923,922,922,Benthic Habitat Maps for the Insular Shelf South of St. Thomas and St. John,"St. Thomas, USVI",GV,Ground Validation,HD Seaviewer Drop Camera,GV2016_285,2016-08-27,11:53:37,2016,8,18.26036741,-65.01923766,2068046.718,-7237908.428,2068046.718,-7237908.428,0.0,-35.3466568,35.347,https://nccospublicstor.blob.core.windows.net/biomapper/usviinsularshelf2017/videos/low/GV2016_285.mp4,Absent,Absent,Present,Present,Absent,Absent,Present,Present,Absent,Absent,Absent,,0,0,1,1,0,0,1,1,0,0,0,2,2,4,Pass,Pass,Pass,Pass,Pass,Pass,Pass,Pass,Pass,Pass,Pass,
REC0924,923,923,Benthic Habitat Maps for the Insular Shelf South of St. Thomas and St. John,"St. John, USVI",GV,Ground Validation,HD Seaviewer Drop Camera,GV2016_286,2016-09-17,08:25:05,2016,9,18.24440572,-64.70943637,2066175.734,-7203421.506,2066175.734,-7203421.506,0.0,-45.53850937,45.539,https://nccospublicstor.blob.core.windows.net/biomapper/usviinsularshelf2017/videos/low/GV2016_286.mp4,Absent,Absent,Present,Absent,Present,Absent,Present,Present,Absent,Absent,Absent,,0,0,1,0,1,0,1,1,0,0,0,1,3,4,Pass,Pass,Pass,Pass,Pass,Pass,Pass,Pass,Pass,Pass,Pass,
REC0925,924,924,Benthic Habitat Maps for the Insular Shelf South of St. Thomas and St. John,"St. John, USVI",GV,Ground Validation,HD Seaviewer Drop Camera,GV2016_287,2016-09-13,12:31:24,2016,9,18.22454106,-64.80991659,2063847.495,-7214606.913,2063847.495,-7214606.913,0.0,-52.49960709,52.5,https://nccospublicstor.blob.core.windows.net/biomapper/usviinsularshelf2017/videos/low/GV2016_287.mp4,Absent,Present,Present,Absent,Absent,Absent,Present,Absent,Absent,Absent,Absent,,0,1,1,0,0,0,1,0,0,0,0,2,1,3,Pass,Pass,Pass,Pass,Pass,Pass,Pass,Pass,Pass,Pass,Pass,
REC0926,925,925,Benthic Habitat Maps for the Insular Shelf South of St. Thomas and St. John,"St. Thomas, USVI",GV,Ground Validation,HD Seaviewer Drop Camera,GV2016_288,2016-08-28,08:45:51,2016,8,18.20462336,-64.85427047,2061513.307,-7219544.365,2061513.307,-7219544.364,0.001,-52.68977356,52.69,https://nccospublicstor.blob.core.windows.net/biomapper/usviinsularshelf2017/videos/low/GV2016_288.mp4,Absent,Present,Present,Absent,Absent,Absent,Present,Present,Absent,Absent,Absent,,0,1,1,0,0,0,1,1,0,0,0,2,2,4,Pass,Pass,Pass,Pass,Pass,Pass,Pass,Pass,Pass,Pass,Pass,
REC0927,926,926,Benthic Habitat Maps for the Insular Shelf South of St. Thomas and St. John,"St. John, USVI",GV,Ground Validation,HD Seaviewer Drop Camera,GV2016_289,2016-09-11,10:40:08,2016,9,18.2891428,-64.70483836,2071420.121,-7202909.658,2071420.122,-7202909.658,0.001,-33.0079689,33.008,https://nccospublicstor.blob.core.windows.net/biomapper/usviinsularshelf2017/videos/low/GV2016_289.mp4,Absent,Absent,Present,Absent,Absent,Absent,Present,Present,Absent,Absent,Absent,,0,0,1,0,0,0,1,1,0,0,0,1,2,3,Pass,Pass,Pass,Pass,Pass,Pass,Pass,Pass,Pass,Pass,Pass,
REC0928,927,927,Benthic Habitat Maps for the Insular Shelf South of St. Thomas and St. John,Puerto Rico,GV,Ground Validation,HD Seaviewer Drop Camera,GV2016_290,2016-08-25,11:30:49,2016,8,18.21979347,-65.13775291,2063291.093,-7251101.485,2063291.093,-7251101.485,0.0,-34.49466324,34.495,https://nccospublicstor.blob.core.windows.net/biomapper/usviinsularshelf2017/videos/low/GV2016_290.mp4,Present,Absent,Absent,Absent,Present,Present,Present,Present,Absent,Absent,Absent,,1,0,0,0,1,1,1,1,0,0,0,1,4,5,Pass,Pass,Pass,Pass,Pass,Pass,Pass,Pass,Pass,Pass,Pass,
REC0929,928,928,Benthic Habitat Maps for the Insular Shelf South of St. Thomas and St. John,"St. Thomas, USVI",GV,Ground Validation,HD Seaviewer Drop Camera,GV2016_291,2016-08-26,14:40:38,2016,8,18.20649402,-65.12448771,2061732.521,-7249624.81,2061732.521,-7249624.81,0.0,-40.36065674,40.361,https://nccospublicstor.blob.core.windows.net/biomapper/usviinsularshelf2017/videos/low/GV2016_291.mp4,Present,Absent,Absent,Absent,Present,Absent,Present,Present,Absent,Absent,Absent,,1,0,0,0,1,0,1,1,0,0,0,1,3,4,Pass,Pass,Pass,Pass,Pass,Pass,Pass,Pass,Pass,Pass,Pass,
REC0930,929,929,Benthic Habitat Maps for the Insular Shelf South of St. Thomas and St. John,"St. John, USVI",GV,Ground Validation,HD Seaviewer Drop Camera,GV2016_293,2016-09-17,08:56:05,2016,9,18.2480711,-64.69903926,2066605.364,-7202264.105,2066605.364,-7202264.105,0.0,-48.32991409,48.33,https://nccospublicstor.blob.core.windows.net/biomapper/usviinsularshelf2017/videos/low/GV2016_293.mp4,Absent,Absent,Present,Present,Absent,Absent,Present,Present,Absent,Absent,Absent,,0,0,1,1,0,0,1,1,0,0,0,2,2,4,Pass,Pass,Pass,Pass,Pass,Pass,Pass,Pass,Pass,Pass,Pass,
REC0931,930,930,Benthic Habitat Maps for the Insular Shelf South of St. Thomas and St. John,Puerto Rico,GV,Ground Validation,HD Seaviewer Drop Camera,GV2016_294,2016-08-23,13:12:58,2016,8,18.16885208,-65.17411374,2057321.881,-7255149.154,2057321.881,-7255149.154,0.001,-49.63859177,49.639,https://nccospublicstor.blob.core.windows.net/biomapper/usviinsularshelf2017/videos/low/GV2016_294.mp4,Present,Absent,Absent,Present,Absent,Absent,Present,Present,Absent,Absent,Absent,,1,0,0,1,0,0,1,1,0,0,0,2,2,4,Pass,Pass,Pass,Pass,Pass,Pass,Pass,Pass,Pass,Pass,Pass,
REC0932,931,931,Benthic Habitat Maps for the Insular Shelf South of St. Thomas and St. John,"St. John, USVI",GV,Ground Validation,HD Seaviewer Drop Camera,GV2016_295,2016-09-17,10:35:40,2016,9,18.21195374,-64.71689113,2062372.335,-7204251.366,2062372.335,-7204251.366,0.0,-56.90792465,56.908,https://nccospublicstor.blob.core.windows.net/biomapper/usviinsularshelf2017/videos/low/GV2016_295.mp4,Absent,Present,Present,Absent,Present,Absent,Present,Absent,Absent,Absent,Absent,,0,1,1,0,1,0,1,0,0,0,0,2,2,4,Pass,Pass,Pass,Pass,Pass,Pass,Pass,Pass,Pass,Pass,Pass,
REC0933,932,932,Benthic Habitat Maps for the Insular Shelf South of St. Thomas and St. John,"St. Thomas, USVI",GV,Ground Validation,HD Seaviewer Drop Camera,GV2016_296,2016-08-28,08:52:52,2016,8,18.19903818,-64.86261215,2060858.818,-7220472.956,2060858.818,-7220472.956,0.0,-47.76367188,47.764,https://nccospublicstor.blob.core.windows.net/biomapper/usviinsularshelf2017/videos/low/GV2016_296.mp4,Absent,Present,Present,Absent,Absent,Present,Present,Present,Absent,Absent,Absent,,0,1,1,0,0,1,1,1,0,0,0,2,3,5,Pass,Pass,Pass,Pass,Pass,Pass,Pass,Pass,Pass,Pass,Pass,
REC0934,933,933,Benthic Habitat Maps for the Insular Shelf South of St. Thomas and St. John,"St. Thomas, USVI",GV,Ground Validation,HD Seaviewer Drop Camera,GV2016_297,2016-08-30,14:00:55,2016,8,18.29028586,-64.81912099,2071554.137,-7215631.542,2071554.137,-7215631.542,0.0,-25.26908684,25.269,https://nccospublicstor.blob.core.windows.net/biomapper/usviinsularshelf2017/videos/low/GV2016_297.mp4,Absent,Absent,Present,Absent,Absent,Absent,Present,Present,Absent,Absent,Absent,,0,0,1,0,0,0,1,1,0,0,0,1,2,3,Pass,Pass,Pass,Pass,Pass,Pass,Pass,Pass,Pass,Pass,Pass,
REC0935,934,934,Benthic Habitat Maps for the Insular Shelf South of St. Thomas and St. John,"St. John, USVI",GV,Ground Validation,HD Seaviewer Drop Camera,GV2016_298,2016-09-17,12:04:34,2016,9,18.21562682,-64.75575177,2062802.788,-7208577.313,2062802.788,-7208577.313,0.0,-52.47833633,52.478,https://nccospublicstor.blob.core.windows.net/biomapper/usviinsularshelf2017/videos/low/GV2016_298.mp4,Absent,Absent,Present,Absent,Present,Absent,Present,Present,Absent,Absent,Absent,,0,0,1,0,1,0,1,1,0,0,0,1,3,4,Pass,Pass,Pass,Pass,Pass,Pass,Pass,Pass,Pass,Pass,Pass,
REC0936,935,935,Benthic Habitat Maps for the Insular Shelf South of St. Thomas and St. John,Puerto Rico,GV,Ground Validation,HD Seaviewer Drop Camera,GV2016_299,2016-08-23,09:14:11,2016,8,18.20258833,-65.1887673,2061274.833,-7256780.381,2061274.833,-7256780.381,0.0,-36.2567749,36.257,https://nccospublicstor.blob.core.windows.net/biomapper/usviinsularshelf2017/videos/low/GV2016_299.mp4,Present,Absent,Absent,Absent,Present,Present,Present,Present,Absent,Absent,Absent,,1,0,0,0,1,1,1,1,0,0,0,1,4,5,Pass,Pass,Pass,Pass,Pass,Pass,Pass,Pass,Pass,Pass,Pass,
REC0937,936,936,Benthic Habitat Maps for the Insular Shelf South of St. Thomas and St. John,"St. Thomas, USVI",GV,Ground Validation,HD Seaviewer Drop Camera,GV2016_300,2016-08-26,14:17:14,2016,8,18.19087635,-65.12195419,2059902.427,-7249342.78,2059902.427,-7249342.78,0.0,-41.44498444,41.445,https://nccospublicstor.blob.core.windows.net/biomapper/usviinsularshelf2017/videos/low/GV2016_300.mp4,Present,Absent,Absent,Absent,Present,Present,Present,Present,Absent,Absent,Absent,,1,0,0,0,1,1,1,1,0,0,0,1,4,5,Pass,Pass,Pass,Pass,Pass,Pass,Pass,Pass,Pass,Pass,Pass,
REC0938,937,937,Benthic Habitat Maps for the Insular Shelf South of St. Thomas and St. John,Puerto Rico,GV,Ground Validation,HD Seaviewer Drop Camera,GV2016_301,2016-08-21,07:50:03,2016,8,18.16118098,-65.19541078,2056423.147,-7257519.93,2056423.147,-7257519.93,0.0,-36.81699753,36.817,https://nccospublicstor.blob.core.windows.net/biomapper/usviinsularshelf2017/videos/low/GV2016_301.mp4,Present,Absent,Absent,Absent,Present,Present,Present,Present,Absent,Absent,Absent,Coral Bleaching,1,0,0,0,1,1,1,1,0,0,0,1,4,5,Pass,Pass,Pass,Pass,Pass,Pass,Pass,Pass,Pass,Pass,Pass,
REC0939,938,938,Benthic Habitat Maps for the Insular Shelf South of St. Thomas and St. John,"St. John, USVI",GV,Ground Validation,HD Seaviewer Drop Camera,GV2016_302,2016-08-31,09:38:30,2016,8,18.29846704,-64.80243261,2072513.343,-7213773.8,2072513.343,-7213773.8,0.0,-25.59551048,25.596,https://nccospublicstor.blob.core.windows.net/biomapper/usviinsularshelf2017/videos/low/GV2016_302.mp4,Absent,Absent,Present,Absent,Absent,Absent,Present,Present,Absent,Absent,Absent,,0,0,1,0,0,0,1,1,0,0,0,1,2,3,Pass,Pass,Pass,Pass,Pass,Pass,Pass,Pass,Pass,Pass,Pass,
REC0940,939,939,Benthic Habitat Maps for the Insular Shelf South of St. Thomas and St. John,"St. John, USVI",GV,Ground Validation,HD Seaviewer Drop Camera,GV2016_303,2016-09-11,10:10:13,2016,9,18.28792746,-64.6696765,2071277.633,-7198995.458,2071277.633,-7198995.458,0.0,-32.44345474,32.443,https://nccospublicstor.blob.core.windows.net/biomapper/usviinsularshelf2017/videos/low/GV2016_303.mp4,Absent,Absent,Absent,Present,Absent,Absent,Absent,Absent,Absent,Absent,Present,,0,0,0,1,0,0,0,0,0,0,1,1,0,2,Pass,Pass,Pass,Pass,Pass,Pass,Pass,Review,Pass,Pass,Review,UNKNOWN class present
REC0941,940,940,Benthic Habitat Maps for the Insular Shelf South of St. Thomas and St. John,Puerto Rico,GV,Ground Validation,HD Seaviewer Drop Camera,GV2016_304,2016-08-23,12:10:07,2016,8,18.17864658,-65.15195629,2058469.445,-7252682.598,2058469.445,-7252682.598,0.001,-46.46695328,46.467,https://nccospublicstor.blob.core.windows.net/biomapper/usviinsularshelf2017/videos/low/GV2016_304.mp4,Present,Absent,Absent,Present,Present,Absent,Present,Present,Absent,Absent,Absent,,1,0,0,1,1,0,1,1,0,0,0,2,3,5,Pass,Pass,Pass,Pass,Pass,Pass,Pass,Pass,Pass,Pass,Pass,
REC0942,941,941,Benthic Habitat Maps for the Insular Shelf South of St. Thomas and St. John,"St. John, USVI",GV,Ground Validation,HD Seaviewer Drop Camera,GV2016_305,2016-09-16,11:04:50,2016,9,18.19446896,-64.80308405,2060323.398,-7213846.318,2060323.398,-7213846.318,0.001,-58.5443573,58.544,https://nccospublicstor.blob.core.windows.net/biomapper/usviinsularshelf2017/videos/low/GV2016_305.mp4,Absent,Absent,Present,Absent,Absent,Absent,Present,Present,Absent,Absent,Absent,,0,0,1,0,0,0,1,1,0,0,0,1,2,3,Pass,Pass,Pass,Pass,Pass,Pass,Pass,Pass,Pass,Pass,Pass,
REC0943,942,942,Benthic Habitat Maps for the Insular Shelf South of St. Thomas and St. John,"St. Thomas, USVI",GV,Ground Validation,HD Seaviewer Drop Camera,GV2016_306,2016-08-27,12:53:18,2016,8,18.2507338,-65.00671026,2066917.473,-7236513.884,2066917.473,-7236513.884,0.0,-39.6201973,39.62,https://nccospublicstor.blob.core.windows.net/biomapper/usviinsularshelf2017/videos/low/GV2016_306.mp4,Absent,Absent,Present,Absent,Absent,Absent,Present,Present,Absent,Absent,Absent,,0,0,1,0,0,0,1,1,0,0,0,1,2,3,Pass,Pass,Pass,Pass,Pass,Pass,Pass,Pass,Pass,Pass,Pass,
REC0944,943,943,Benthic Habitat Maps for the Insular Shelf South of St. Thomas and St. John,"St. John, USVI",GV,Ground Validation,HD Seaviewer Drop Camera,GV2016_308,2016-09-17,14:31:00,2016,9,18.23667347,-64.76453499,2065269.444,-7209555.056,2065269.444,-7209555.057,0.001,-41.50005341,41.5,https://nccospublicstor.blob.core.windows.net/biomapper/usviinsularshelf2017/videos/low/GV2016_308.mp4,Present,Absent,Absent,Present,Present,Absent,Present,Present,Absent,Absent,Absent,,1,0,0,1,1,0,1,1,0,0,0,2,3,5,Pass,Pass,Pass,Pass,Pass,Pass,Pass,Pass,Pass,Pass,Pass,
REC0945,944,944,Benthic Habitat Maps for the Insular Shelf South of St. Thomas and St. John,"St. Thomas, USVI",GV,Ground Validation,HD Seaviewer Drop Camera,GV2016_309,2016-08-30,10:36:40,2016,8,18.23659768,-64.95388528,2065260.561,-7230633.434,2065260.561,-7230633.434,0.001,-41.28701782,41.287,https://nccospublicstor.blob.core.windows.net/biomapper/usviinsularshelf2017/videos/low/GV2016_309.mp4,Absent,Absent,Present,Present,Absent,Absent,Present,Present,Absent,Absent,Absent,,0,0,1,1,0,0,1,1,0,0,0,2,2,4,Pass,Pass,Pass,Pass,Pass,Pass,Pass,Pass,Pass,Pass,Pass,
REC0946,945,945,Benthic Habitat Maps for the Insular Shelf South of St. Thomas and St. John,"St. John, USVI",GV,Ground Validation,HD Seaviewer Drop Camera,GV2016_310,2016-09-17,11:11:18,2016,9,18.20168311,-64.7445425,2061168.757,-7207329.503,2061168.757,-7207329.503,0.0,-54.05420303,54.054,https://nccospublicstor.blob.core.windows.net/biomapper/usviinsularshelf2017/videos/low/GV2016_310.mp4,Absent,Present,Present,Absent,Present,Absent,Present,Present,Absent,Absent,Absent,,0,1,1,0,1,0,1,1,0,0,0,2,3,5,Pass,Pass,Pass,Pass,Pass,Pass,Pass,Pass,Pass,Pass,Pass,
REC0947,946,946,Benthic Habitat Maps for the Insular Shelf South of St. Thomas and St. John,"St. Thomas, USVI",GV,Ground Validation,HD Seaviewer Drop Camera,GV2016_311,2016-08-28,09:31:09,2016,8,18.19266332,-64.88167219,2060111.818,-7222594.71,2060111.818,-7222594.71,0.0,-50.11837387,50.118,https://nccospublicstor.blob.core.windows.net/biomapper/usviinsularshelf2017/videos/low/GV2016_311.mp4,Absent,Present,Present,Absent,Present,Absent,Present,Present,Absent,Absent,Absent,,0,1,1,0,1,0,1,1,0,0,0,2,3,5,Pass,Pass,Pass,Pass,Pass,Pass,Pass,Pass,Pass,Pass,Pass,
REC0948,947,947,Benthic Habitat Maps for the Insular Shelf South of St. Thomas and St. John,"St. John, USVI",GV,Ground Validation,HD Seaviewer Drop Camera,GV2016_312,2016-09-11,11:04:27,2016,9,18.2651608,-64.73424314,2068608.619,-7206182.983,2068608.619,-7206182.983,0.0,-46.62312317,46.623,https://nccospublicstor.blob.core.windows.net/biomapper/usviinsularshelf2017/videos/low/GV2016_312.mp4,Absent,Absent,Present,Present,Absent,Absent,Present,Absent,Absent,Absent,Absent,,0,0,1,1,0,0,1,0,0,0,0,2,1,3,Pass,Pass,Pass,Pass,Pass,Pass,Pass,Pass,Pass,Pass,Pass,
REC0949,948,948,Benthic Habitat Maps for the Insular Shelf South of St. Thomas and St. John,"St. Thomas, USVI",GV,Ground Validation,HD Seaviewer Drop Camera,GV2016_313,2016-08-28,09:43:50,2016,8,18.1817246,-64.8872,2058830.093,-7223210.063,2058830.093,-7223210.063,0.0,-51.95994949,51.96,https://nccospublicstor.blob.core.windows.net/biomapper/usviinsularshelf2017/videos/low/GV2016_313.mp4,Absent,Absent,Present,Absent,Absent,Absent,Present,Present,Absent,Absent,Absent,,0,0,1,0,0,0,1,1,0,0,0,1,2,3,Pass,Pass,Pass,Pass,Pass,Pass,Pass,Pass,Pass,Pass,Pass,
REC0950,949,949,Benthic Habitat Maps for the Insular Shelf South of St. Thomas and St. John,"St. Thomas, USVI",GV,Ground Validation,HD Seaviewer Drop Camera,GV2016_314,2016-08-27,10:02:52,2016,8,18.2280559,-65.06949545,2064259.433,-7243503.1,2064259.433,-7243503.1,0.0,-36.88153458,36.882,https://nccospublicstor.blob.core.windows.net/biomapper/usviinsularshelf2017/videos/low/GV2016_314.mp4,Present,Absent,Absent,Absent,Present,Absent,Present,Present,Absent,Absent,Absent,,1,0,0,0,1,0,1,1,0,0,0,1,3,4,Pass,Pass,Pass,Pass,Pass,Pass,Pass,Pass,Pass,Pass,Pass,
REC0951,950,950,Benthic Habitat Maps for the Insular Shelf South of St. Thomas and St. John,"St. John, USVI",GV,Ground Validation,HD Seaviewer Drop Camera,GV2016_315,2016-09-17,08:00:27,2016,9,18.25938391,-64.73121195,2067931.43,-7205845.553,2067931.43,-7205845.553,0.0,-47.89976883,47.9,https://nccospublicstor.blob.core.windows.net/biomapper/usviinsularshelf2017/videos/low/GV2016_315.mp4,Absent,Absent,Present,Absent,Absent,Absent,Present,Present,Absent,Absent,Absent,,0,0,1,0,0,0,1,1,0,0,0,1,2,3,Pass,Pass,Pass,Pass,Pass,Pass,Pass,Pass,Pass,Pass,Pass,
REC0952,951,951,Benthic Habitat Maps for the Insular Shelf South of St. Thomas and St. John,"St. John, USVI",GV,Ground Validation,HD Seaviewer Drop Camera,GV2016_316,2016-09-16,15:34:35,2016,9,18.19538097,-64.75895052,2060430.266,-7208933.396,2060430.266,-7208933.396,0.0,-56.41026306,56.41,https://nccospublicstor.blob.core.windows.net/biomapper/usviinsularshelf2017/videos/low/GV2016_316.mp4,Absent,Present,Present,Absent,Present,Absent,Present,Present,Absent,Absent,Absent,,0,1,1,0,1,0,1,1,0,0,0,2,3,5,Pass,Pass,Pass,Pass,Pass,Pass,Pass,Pass,Pass,Pass,Pass,
REC0953,952,952,Benthic Habitat Maps for the Insular Shelf South of St. Thomas and St. John,"St. John, USVI",GV,Ground Validation,HD Seaviewer Drop Camera,GV2016_317,2016-09-16,10:20:37,2016,9,18.21209378,-64.80910771,2062388.746,-7214516.869,2062388.747,-7214516.869,0.001,-54.33831406,54.338,https://nccospublicstor.blob.core.windows.net/biomapper/usviinsularshelf2017/videos/low/GV2016_317.mp4,Absent,Present,Present,Absent,Present,Absent,Present,Present,Absent,Absent,Absent,,0,1,1,0,1,0,1,1,0,0,0,2,3,5,Pass,Pass,Pass,Pass,Pass,Pass,Pass,Pass,Pass,Pass,Pass,
REC0954,953,953,Benthic Habitat Maps for the Insular Shelf South of St. Thomas and St. John,"St. Thomas, USVI",GV,Ground Validation,HD Seaviewer Drop Camera,GV2016_318,2016-08-27,09:21:42,2016,8,18.23235765,-65.12145846,2064763.607,-7249287.595,2064763.608,-7249287.595,0.001,-30.73442841,30.734,https://nccospublicstor.blob.core.windows.net/biomapper/usviinsularshelf2017/videos/low/GV2016_318.mp4,Present,Absent,Absent,Absent,Present,Present,Present,Present,Absent,Absent,Absent,,1,0,0,0,1,1,1,1,0,0,0,1,4,5,Pass,Pass,Pass,Pass,Pass,Pass,Pass,Pass,Pass,Pass,Pass,
REC0955,954,954,Benthic Habitat Maps for the Insular Shelf South of St. Thomas and St. John,"St. Thomas, USVI",GV,Ground Validation,HD Seaviewer Drop Camera,GV2016_319,2016-08-29,12:28:35,2016,8,18.24644547,-64.93516534,2066414.818,-7228549.54,2066414.818,-7228549.54,0.0,-40.54232788,40.542,https://nccospublicstor.blob.core.windows.net/biomapper/usviinsularshelf2017/videos/low/GV2016_319.mp4,Absent,Absent,Present,Present,Absent,Absent,Present,Present,Absent,Absent,Absent,,0,0,1,1,0,0,1,1,0,0,0,2,2,4,Pass,Pass,Pass,Pass,Pass,Pass,Pass,Pass,Pass,Pass,Pass,
REC0956,955,955,Benthic Habitat Maps for the Insular Shelf South of St. Thomas and St. John,"St. Thomas, USVI",GV,Ground Validation,HD Seaviewer Drop Camera,GV2016_321,2016-08-20,13:33:50,2016,8,18.26892046,-65.12994736,2069049.353,-7250232.576,2069049.353,-7250232.576,0.001,-31.0271759,31.027,https://nccospublicstor.blob.core.windows.net/biomapper/usviinsularshelf2017/videos/low/GV2016_321.mp4,Present,Absent,Absent,Absent,Present,Absent,Present,Present,Absent,Absent,Absent,Coral Bleaching,1,0,0,0,1,0,1,1,0,0,0,1,3,4,Pass,Pass,Pass,Pass,Pass,Pass,Pass,Pass,Pass,Pass,Pass,
REC0957,956,956,Benthic Habitat Maps for the Insular Shelf South of St. Thomas and St. John,"St. John, USVI",GV,Ground Validation,HD Seaviewer Drop Camera,GV2016_323,2016-08-31,10:44:16,2016,8,18.28112814,-64.79774803,2070480.489,-7213252.315,2070480.489,-7213252.315,0.0,-33.08407211,33.084,https://nccospublicstor.blob.core.windows.net/biomapper/usviinsularshelf2017/videos/low/GV2016_323.mp4,Absent,Absent,Present,Absent,Absent,Absent,Present,Present,Absent,Absent,Absent,,0,0,1,0,0,0,1,1,0,0,0,1,2,3,Pass,Pass,Pass,Pass,Pass,Pass,Pass,Pass,Pass,Pass,Pass,
REC0958,957,957,Benthic Habitat Maps for the Insular Shelf South of St. Thomas and St. John,"St. John, USVI",GV,Ground Validation,HD Seaviewer Drop Camera,GV2016_324,2016-09-17,08:16:18,2016,9,18.24828134,-64.71643247,2066630.007,-7204200.309,2066630.007,-7204200.309,0.001,-48.45099258,48.451,https://nccospublicstor.blob.core.windows.net/biomapper/usviinsularshelf2017/videos/low/GV2016_324.mp4,Absent,Absent,Present,Absent,Absent,Absent,Present,Present,Absent,Absent,Absent,,0,0,1,0,0,0,1,1,0,0,0,1,2,3,Pass,Pass,Pass,Pass,Pass,Pass,Pass,Pass,Pass,Pass,Pass,
REC0959,958,958,Benthic Habitat Maps for the Insular Shelf South of St. Thomas and St. John,"St. Thomas, USVI",GV,Ground Validation,HD Seaviewer Drop Camera,GV2016_325,2016-08-28,12:54:32,2016,8,18.22134261,-64.89251233,2063472.646,-7223801.429,2063472.646,-7223801.429,0.0,-44.23005295,44.23,https://nccospublicstor.blob.core.windows.net/biomapper/usviinsularshelf2017/videos/low/GV2016_325.mp4,Absent,Present,Present,Present,Present,Absent,Present,Present,Absent,Absent,Absent,,0,1,1,1,1,0,1,1,0,0,0,3,3,6,Pass,Pass,Pass,Pass,Pass,Pass,Pass,Pass,Pass,Pass,Pass,
REC0960,959,959,Benthic Habitat Maps for the Insular Shelf South of St. Thomas and St. John,"St. John, USVI",GV,Ground Validation,HD Seaviewer Drop Camera,GV2016_327,2016-09-01,12:23:10,2016,9,18.30473083,-64.7452824,2073247.775,-7207411.868,2073247.775,-7207411.868,0.0,-26.20329285,26.203,https://nccospublicstor.blob.core.windows.net/biomapper/usviinsularshelf2017/videos/low/GV2016_327.mp4,Absent,Absent,Absent,Present,Absent,Absent,Absent,Present,Present,Absent,Absent,Seagrass (Halophila stipulacea),0,0,0,1,0,0,0,1,1,0,0,1,1,3,Pass,Pass,Pass,Pass,Pass,Pass,Pass,Pass,Pass,Pass,Pass,
REC0961,960,960,Benthic Habitat Maps for the Insular Shelf South of St. Thomas and St. John,"St. John, USVI",GV,Ground Validation,HD Seaviewer Drop Camera,GV2016_328,2016-09-16,16:17:39,2016,9,18.19503151,-64.7414081,2060389.317,-7206980.583,2060389.317,-7206980.583,0.0,-54.99996185,55.0,https://nccospublicstor.blob.core.windows.net/biomapper/usviinsularshelf2017/videos/low/GV2016_328.mp4,Absent,Present,Present,Absent,Absent,Absent,Present,Present,Absent,Absent,Absent,,0,1,1,0,0,0,1,1,0,0,0,2,2,4,Pass,Pass,Pass,Pass,Pass,Pass,Pass,Pass,Pass,Pass,Pass,
REC0962,961,961,Benthic Habitat Maps for the Insular Shelf South of St. Thomas and St. John,"St. Thomas, USVI",GV,Ground Validation,HD Seaviewer Drop Camera,GV2016_329,2016-08-26,09:59:27,2016,8,18.20759987,-64.9702983,2061862.112,-7232460.523,2061862.112,-7232460.523,0.0,-43.73548889,43.735,https://nccospublicstor.blob.core.windows.net/biomapper/usviinsularshelf2017/videos/low/GV2016_329.mp4,Present,Absent,Absent,Absent,Present,Present,Present,Present,Absent,Absent,Absent,,1,0,0,0,1,1,1,1,0,0,0,1,4,5,Pass,Pass,Pass,Pass,Pass,Pass,Pass,Pass,Pass,Pass,Pass,
REC0963,962,962,Benthic Habitat Maps for the Insular Shelf South of St. Thomas and St. John,Puerto Rico,GV,Ground Validation,HD Seaviewer Drop Camera,GV2016_330,2016-08-23,10:08:15,2016,8,18.18638378,-65.16181485,2059376.014,-7253780.048,2059376.014,-7253780.048,0.0,-38.72891617,38.729,https://nccospublicstor.blob.core.windows.net/biomapper/usviinsularshelf2017/videos/low/GV2016_330.mp4,Present,Absent,Absent,Absent,Present,Absent,Present,Present,Absent,Absent,Absent,,1,0,0,0,1,0,1,1,0,0,0,1,3,4,Pass,Pass,Pass,Pass,Pass,Pass,Pass,Pass,Pass,Pass,Pass,
REC0964,963,963,Benthic Habitat Maps for the Insular Shelf South of St. Thomas and St. John,"St. John, USVI",GV,Ground Validation,HD Seaviewer Drop Camera,GV2016_331,2016-09-17,13:26:46,2016,9,18.22729312,-64.75877104,2064170.035,-7208913.417,2064170.035,-7208913.417,0.0,-51.91949081,51.919,https://nccospublicstor.blob.core.windows.net/biomapper/usviinsularshelf2017/videos/low/GV2016_331.mp4,Absent,Absent,Present,Absent,Absent,Absent,Present,Present,Absent,Absent,Absent,,0,0,1,0,0,0,1,1,0,0,0,1,2,3,Pass,Pass,Pass,Pass,Pass,Pass,Pass,Pass,Pass,Pass,Pass,
REC0965,964,964,Benthic Habitat Maps for the Insular Shelf South of St. Thomas and St. John,Puerto Rico,GV,Ground Validation,HD Seaviewer Drop Camera,GV2016_332,2016-08-22,10:42:11,2016,8,18.19327762,-65.21641881,2060183.8,-7259858.533,2060183.8,-7259858.533,0.0,-39.08630753,39.086,https://nccospublicstor.blob.core.windows.net/biomapper/usviinsularshelf2017/videos/low/GV2016_332.mp4,Present,Absent,Absent,Present,Present,Absent,Present,Present,Absent,Absent,Absent,,1,0,0,1,1,0,1,1,0,0,0,2,3,5,Pass,Pass,Pass,Pass,Pass,Pass,Pass,Pass,Pass,Pass,Pass,
REC0966,965,965,Benthic Habitat Maps for the Insular Shelf South of St. Thomas and St. John,"St. Thomas, USVI",GV,Ground Validation,HD Seaviewer Drop Camera,GV2016_334,2016-08-28,09:20:52,2016,8,18.18638899,-64.8756378,2059376.624,-7221922.965,2059376.625,-7221922.965,0.001,-48.24728394,48.247,https://nccospublicstor.blob.core.windows.net/biomapper/usviinsularshelf2017/videos/low/GV2016_334.mp4,Absent,Absent,Present,Absent,Absent,Absent,Present,Present,Absent,Absent,Absent,,0,0,1,0,0,0,1,1,0,0,0,1,2,3,Pass,Pass,Pass,Pass,Pass,Pass,Pass,Pass,Pass,Pass,Pass,
REC0967,966,966,Benthic Habitat Maps for the Insular Shelf South of St. Thomas and St. John,"St. Thomas, USVI",GV,Ground Validation,HD Seaviewer Drop Camera,GV2016_335,2016-08-30,10:49:20,2016,8,18.23809872,-64.94322483,2065436.493,-7229446.719,2065436.493,-7229446.719,0.0,-41.31091309,41.311,https://nccospublicstor.blob.core.windows.net/biomapper/usviinsularshelf2017/videos/low/GV2016_335.mp4,Absent,Absent,Present,Present,Absent,Absent,Present,Present,Absent,Absent,Absent,,0,0,1,1,0,0,1,1,0,0,0,2,2,4,Pass,Pass,Pass,Pass,Pass,Pass,Pass,Pass,Pass,Pass,Pass,
REC0968,967,967,Benthic Habitat Maps for the Insular Shelf South of St. Thomas and St. John,"St. John, USVI",GV,Ground Validation,HD Seaviewer Drop Camera,GV2016_336,2016-09-17,09:27:19,2016,9,18.23680357,-64.69480321,2065284.692,-7201792.55,2065284.692,-7201792.55,0.0,-53.17200851,53.172,https://nccospublicstor.blob.core.windows.net/biomapper/usviinsularshelf2017/videos/low/GV2016_336.mp4,Absent,Present,Present,Absent,Present,Absent,Present,Present,Absent,Absent,Absent,,0,1,1,0,1,0,1,1,0,0,0,2,3,5,Pass,Pass,Pass,Pass,Pass,Pass,Pass,Pass,Pass,Pass,Pass,
REC0969,968,968,Benthic Habitat Maps for the Insular Shelf South of St. Thomas and St. John,"St. Thomas, USVI",GV,Ground Validation,HD Seaviewer Drop Camera,GV2016_337,2016-08-29,12:53:44,2016,8,18.22728778,-64.934617,2064169.409,-7228488.499,2064169.409,-7228488.499,0.0,-43.29212952,43.292,https://nccospublicstor.blob.core.windows.net/biomapper/usviinsularshelf2017/videos/low/GV2016_337.mp4,Absent,Absent,Present,Present,Absent,Absent,Present,Present,Absent,Absent,Absent,,0,0,1,1,0,0,1,1,0,0,0,2,2,4,Pass,Pass,Pass,Pass,Pass,Pass,Pass,Pass,Pass,Pass,Pass,
REC0970,969,969,Benthic Habitat Maps for the Insular Shelf South of St. Thomas and St. John,"St. Thomas, USVI",GV,Ground Validation,HD Seaviewer Drop Camera,GV2016_338,2016-08-26,09:17:42,2016,8,18.20078871,-64.9450713,2061063.948,-7229652.267,2061063.948,-7229652.267,0.001,-40.23161697,40.232,https://nccospublicstor.blob.core.windows.net/biomapper/usviinsularshelf2017/videos/low/GV2016_338.mp4,Present,Absent,Absent,Absent,Present,Absent,Present,Present,Absent,Absent,Absent,Very low coral cover <10%,1,0,0,0,1,0,1,1,0,0,0,1,3,4,Pass,Pass,Pass,Pass,Pass,Pass,Pass,Pass,Pass,Pass,Pass,
REC0971,970,970,Benthic Habitat Maps for the Insular Shelf South of St. Thomas and St. John,"St. John, USVI",GV,Ground Validation,HD Seaviewer Drop Camera,GV2016_339,2016-08-31,12:15:31,2016,8,18.27057356,-64.80405739,2069243.144,-7213954.67,2069243.144,-7213954.67,0.0,-35.38327026,35.383,https://nccospublicstor.blob.core.windows.net/biomapper/usviinsularshelf2017/videos/low/GV2016_339.mp4,Absent,Absent,Present,Absent,Absent,Absent,Present,Present,Absent,Absent,Absent,,0,0,1,0,0,0,1,1,0,0,0,1,2,3,Pass,Pass,Pass,Pass,Pass,Pass,Pass,Pass,Pass,Pass,Pass,
REC0972,971,971,Benthic Habitat Maps for the Insular Shelf South of St. Thomas and St. John,Puerto Rico,GV,Ground Validation,HD Seaviewer Drop Camera,GV2016_340,2016-08-23,09:43:41,2016,8,18.20440503,-65.18068307,2061487.722,-7255880.449,2061487.722,-7255880.449,0.0,-35.50373077,35.504,https://nccospublicstor.blob.core.windows.net/biomapper/usviinsularshelf2017/videos/low/GV2016_340.mp4,Present,Absent,Absent,Absent,Present,Present,Present,Present,Absent,Absent,Absent,,1,0,0,0,1,1,1,1,0,0,0,1,4,5,Pass,Pass,Pass,Pass,Pass,Pass,Pass,Pass,Pass,Pass,Pass,
REC0973,972,972,Benthic Habitat Maps for the Insular Shelf South of St. Thomas and St. John,"St. John, USVI",GV,Ground Validation,HD Seaviewer Drop Camera,GV2016_341,2016-09-17,14:38:01,2016,9,18.23279278,-64.77417672,2064814.606,-7210628.369,2064814.606,-7210628.369,0.0,-54.90146637,54.901,https://nccospublicstor.blob.core.windows.net/biomapper/usviinsularshelf2017/videos/low/GV2016_341.mp4,Absent,Absent,Present,Absent,Absent,Absent,Present,Present,Absent,Absent,Absent,,0,0,1,0,0,0,1,1,0,0,0,1,2,3,Pass,Pass,Pass,Pass,Pass,Pass,Pass,Pass,Pass,Pass,Pass,
REC0974,973,973,Benthic Habitat Maps for the Insular Shelf South of St. Thomas and St. John,Puerto Rico,GV,Ground Validation,HD Seaviewer Drop Camera,GV2016_342,2016-08-21,09:17:49,2016,8,18.1404819,-65.22257147,2053998.274,-7260543.444,2053998.274,-7260543.444,0.0,-37.87863159,37.879,https://nccospublicstor.blob.core.windows.net/biomapper/usviinsularshelf2017/videos/low/GV2016_342.mp4,Absent,Present,Present,Absent,Present,Absent,Present,Present,Absent,Absent,Absent,,0,1,1,0,1,0,1,1,0,0,0,2,3,5,Pass,Pass,Pass,Pass,Pass,Pass,Pass,Pass,Pass,Pass,Pass,
REC0975,974,974,Benthic Habitat Maps for the Insular Shelf South of St. Thomas and St. John,"St. Thomas, USVI",GV,Ground Validation,HD Seaviewer Drop Camera,GV2016_343,2016-08-28,12:24:20,2016,8,18.19988089,-64.88702203,2060957.568,-7223190.252,2060957.568,-7223190.251,0.001,-52.45795441,52.458,https://nccospublicstor.blob.core.windows.net/biomapper/usviinsularshelf2017/videos/low/GV2016_343.mp4,Absent,Absent,Present,Absent,Absent,Absent,Present,Present,Absent,Absent,Absent,,0,0,1,0,0,0,1,1,0,0,0,1,2,3,Pass,Pass,Pass,Pass,Pass,Pass,Pass,Pass,Pass,Pass,Pass,
REC0976,975,975,Benthic Habitat Maps for the Insular Shelf South of St. Thomas and St. John,"St. Thomas, USVI",GV,Ground Validation,HD Seaviewer Drop Camera,GV2016_344,2016-08-26,13:30:53,2016,8,18.18435015,-65.07917842,2059137.729,-7244581.003,2059137.73,-7244581.003,0.001,-29.21689606,29.217,https://nccospublicstor.blob.core.windows.net/biomapper/usviinsularshelf2017/videos/low/GV2016_344.mp4,Present,Absent,Absent,Absent,Present,Absent,Present,Present,Absent,Absent,Absent,High Coral Cover and coral reef fish density,1,0,0,0,1,0,1,1,0,0,0,1,3,4,Pass,Pass,Pass,Pass,Pass,Pass,Pass,Pass,Pass,Pass,Pass,
REC0977,976,976,Benthic Habitat Maps for the Insular Shelf South of St. Thomas and St. John,"St. Thomas, USVI",GV,Ground Validation,HD Seaviewer Drop Camera,GV2016_345,2016-08-27,11:48:55,2016,8,18.26454516,-65.02358007,2068536.45,-7238391.823,2068536.45,-7238391.823,0.0,-33.9496727,33.95,https://nccospublicstor.blob.core.windows.net/biomapper/usviinsularshelf2017/videos/low/GV2016_345.mp4,Absent,Absent,Present,Absent,Absent,Absent,Present,Present,Absent,Absent,Absent,,0,0,1,0,0,0,1,1,0,0,0,1,2,3,Pass,Pass,Pass,Pass,Pass,Pass,Pass,Pass,Pass,Pass,Pass,
REC0978,977,977,Benthic Habitat Maps for the Insular Shelf South of St. Thomas and St. John,"St. John, USVI",GV,Ground Validation,HD Seaviewer Drop Camera,GV2016_346,2016-09-11,08:04:10,2016,9,18.2735585,-64.77751031,2069593.07,-7210999.463,2069593.07,-7210999.463,0.001,-40.07199097,40.072,https://nccospublicstor.blob.core.windows.net/biomapper/usviinsularshelf2017/videos/low/GV2016_346.mp4,Absent,Absent,Present,Present,Absent,Absent,Present,Present,Absent,Absent,Absent,,0,0,1,1,0,0,1,1,0,0,0,2,2,4,Pass,Pass,Pass,Pass,Pass,Pass,Pass,Pass,Pass,Pass,Pass,
REC0979,978,978,Benthic Habitat Maps for the Insular Shelf South of St. Thomas and St. John,"St. Thomas, USVI",GV,Ground Validation,HD Seaviewer Drop Camera,GV2016_347,2016-08-20,13:21:28,2016,8,18.26513584,-65.11988312,2068605.693,-7249112.229,2068605.693,-7249112.229,0.0,-28.4703064,28.47,https://nccospublicstor.blob.core.windows.net/biomapper/usviinsularshelf2017/videos/low/GV2016_347.mp4,Present,Absent,Absent,Present,Present,Absent,Present,Present,Absent,Absent,Absent,,1,0,0,1,1,0,1,1,0,0,0,2,3,5,Pass,Pass,Pass,Pass,Pass,Pass,Pass,Pass,Pass,Pass,Pass,
REC0980,979,979,Benthic Habitat Maps for the Insular Shelf South of St. Thomas and St. John,"St. Thomas, USVI",GV,Ground Validation,HD Seaviewer Drop Camera,GV2016_348,2016-08-25,13:28:17,2016,8,18.25014121,-65.09084389,2066848.012,-7245879.597,2066848.012,-7245879.597,0.0,-28.44267273,28.443,https://nccospublicstor.blob.core.windows.net/biomapper/usviinsularshelf2017/videos/low/GV2016_348.mp4,Present,Absent,Absent,Absent,Present,Absent,Present,Present,Absent,Absent,Absent,amazing coral cover,1,0,0,0,1,0,1,1,0,0,0,1,3,4,Pass,Pass,Pass,Pass,Pass,Pass,Pass,Pass,Pass,Pass,Pass,
REC0981,980,980,Benthic Habitat Maps for the Insular Shelf South of St. Thomas and St. John,"St. John, USVI",GV,Ground Validation,HD Seaviewer Drop Camera,GV2016_349,2016-09-13,11:29:57,2016,9,18.22766933,-64.77644042,2064214.127,-7210880.363,2064214.127,-7210880.363,0.0,-55.80665207,55.807,https://nccospublicstor.blob.core.windows.net/biomapper/usviinsularshelf2017/videos/low/GV2016_349.mp4,Absent,Absent,Present,Present,Absent,Absent,Present,Absent,Absent,Absent,Absent,,0,0,1,1,0,0,1,0,0,0,0,2,1,3,Pass,Pass,Pass,Pass,Pass,Pass,Pass,Pass,Pass,Pass,Pass,
REC0982,981,981,Benthic Habitat Maps for the Insular Shelf South of St. Thomas and St. John,Puerto Rico,GV,Ground Validation,HD Seaviewer Drop Camera,GV2016_350,2016-08-23,10:32:11,2016,8,18.20827406,-65.15009656,2061941.119,-7252475.574,2061941.118,-7252475.574,0.001,-38.70393372,38.704,https://nccospublicstor.blob.core.windows.net/biomapper/usviinsularshelf2017/videos/low/GV2016_350.mp4,Absent,Absent,Present,Absent,Absent,Absent,Present,Present,Absent,Absent,Absent,,0,0,1,0,0,0,1,1,0,0,0,1,2,3,Pass,Pass,Pass,Pass,Pass,Pass,Pass,Pass,Pass,Pass,Pass,
REC0983,982,982,Benthic Habitat Maps for the Insular Shelf South of St. Thomas and St. John,"St. John, USVI",GV,Ground Validation,HD Seaviewer Drop Camera,GV2016_351,2016-09-11,11:32:29,2016,9,18.26152479,-64.75309409,2068182.389,-7208281.461,2068182.389,-7208281.461,0.001,-46.212883,46.213,https://nccospublicstor.blob.core.windows.net/biomapper/usviinsularshelf2017/videos/low/GV2016_351.mp4,Absent,Absent,Present,Absent,Absent,Absent,Present,Present,Absent,Absent,Absent,,0,0,1,0,0,0,1,1,0,0,0,1,2,3,Pass,Pass,Pass,Pass,Pass,Pass,Pass,Pass,Pass,Pass,Pass,
REC0984,983,983,Benthic Habitat Maps for the Insular Shelf South of St. Thomas and St. John,"St. John, USVI",GV,Ground Validation,HD Seaviewer Drop Camera,GV2016_352,2016-09-11,10:28:53,2016,9,18.29656835,-64.69285701,2072290.726,-7201575.9,2072290.726,-7201575.9,0.0,-33.89310074,33.893,https://nccospublicstor.blob.core.windows.net/biomapper/usviinsularshelf2017/videos/low/GV2016_352.mp4,Absent,Absent,Present,Present,Absent,Absent,Present,Present,Absent,Absent,Absent,,0,0,1,1,0,0,1,1,0,0,0,2,2,4,Pass,Pass,Pass,Pass,Pass,Pass,Pass,Pass,Pass,Pass,Pass,
REC0985,984,984,Benthic Habitat Maps for the Insular Shelf South of St. Thomas and St. John,"St. John, USVI",GV,Ground Validation,HD Seaviewer Drop Camera,GV2016_353,2016-08-31,10:09:03,2016,8,18.29139396,-64.78345392,2071684.054,-7211661.102,2071684.054,-7211661.102,0.0,-29.79816628,29.798,https://nccospublicstor.blob.core.windows.net/biomapper/usviinsularshelf2017/videos/low/GV2016_353.mp4,Absent,Absent,Present,Present,Absent,Absent,Present,Present,Absent,Absent,Absent,,0,0,1,1,0,0,1,1,0,0,0,2,2,4,Pass,Pass,Pass,Pass,Pass,Pass,Pass,Pass,Pass,Pass,Pass,
REC0986,985,985,Benthic Habitat Maps for the Insular Shelf South of St. Thomas and St. John,"St. Thomas, USVI",GV,Ground Validation,HD Seaviewer Drop Camera,GV2016_355,2016-08-27,15:05:23,2016,8,18.24816039,-65.01758747,2066615.83,-7237724.73,2066615.83,-7237724.73,0.0,-39.85863876,39.859,https://nccospublicstor.blob.core.windows.net/biomapper/usviinsularshelf2017/videos/low/GV2016_355.mp4,Absent,Absent,Absent,Present,Absent,Absent,Present,Absent,Absent,Absent,Absent,,0,0,0,1,0,0,1,0,0,0,0,1,1,2,Pass,Pass,Pass,Pass,Pass,Pass,Pass,Pass,Pass,Pass,Pass,
REC0987,986,986,Benthic Habitat Maps for the Insular Shelf South of St. Thomas and St. John,"St. John, USVI",GV,Ground Validation,HD Seaviewer Drop Camera,GV2016_356,2016-09-16,12:26:42,2016,9,18.21161698,-64.78896687,2062332.87,-7212274.801,2062332.87,-7212274.801,0.0,-54.47078323,54.471,https://nccospublicstor.blob.core.windows.net/biomapper/usviinsularshelf2017/videos/low/GV2016_356.mp4,Absent,Absent,Present,Absent,Present,Absent,Present,Present,Absent,Absent,Absent,,0,0,1,0,1,0,1,1,0,0,0,1,3,4,Pass,Pass,Pass,Pass,Pass,Pass,Pass,Pass,Pass,Pass,Pass,
REC0988,987,987,Benthic Habitat Maps for the Insular Shelf South of St. Thomas and St. John,"St. Thomas, USVI",GV,Ground Validation,HD Seaviewer Drop Camera,GV2016_357,2016-08-26,13:25:44,2016,8,18.18986494,-65.07675334,2059783.915,-7244311.044,2059783.915,-7244311.044,0.0,-36.96525192,36.965,https://nccospublicstor.blob.core.windows.net/biomapper/usviinsularshelf2017/videos/low/GV2016_357.mp4,Present,Absent,Absent,Absent,Present,Present,Present,Present,Absent,Absent,Absent,,1,0,0,0,1,1,1,1,0,0,0,1,4,5,Pass,Pass,Pass,Pass,Pass,Pass,Pass,Pass,Pass,Pass,Pass,
REC0989,988,988,Benthic Habitat Maps for the Insular Shelf South of St. Thomas and St. John,"St. John, USVI",GV,Ground Validation,HD Seaviewer Drop Camera,GV2016_358,2016-09-17,09:12:59,2016,9,18.24233051,-64.69907968,2065932.497,-7202268.605,2065932.497,-7202268.605,0.001,-44.5678215,44.568,https://nccospublicstor.blob.core.windows.net/biomapper/usviinsularshelf2017/videos/low/GV2016_358.mp4,Absent,Absent,Present,Absent,Present,Absent,Present,Present,Absent,Absent,Absent,,0,0,1,0,1,0,1,1,0,0,0,1,3,4,Pass,Pass,Pass,Pass,Pass,Pass,Pass,Pass,Pass,Pass,Pass,
REC0990,989,989,Benthic Habitat Maps for the Insular Shelf South of St. Thomas and St. John,Puerto Rico,GV,Ground Validation,HD Seaviewer Drop Camera,GV2016_359,2016-08-21,10:07:48,2016,8,18.13905751,-65.19077685,2053831.418,-7257004.083,2053831.419,-7257004.083,0.001,-36.10408401,36.104,https://nccospublicstor.blob.core.windows.net/biomapper/usviinsularshelf2017/videos/low/GV2016_359.mp4,Present,Absent,Absent,Absent,Present,Present,Present,Present,Absent,Absent,Absent,"School of Bar Jacks, Coral Bleaching",1,0,0,0,1,1,1,1,0,0,0,1,4,5,Pass,Pass,Pass,Pass,Pass,Pass,Pass,Pass,Pass,Pass,Pass,
REC0991,990,990,Benthic Habitat Maps for the Insular Shelf South of St. Thomas and St. John,"St. Thomas, USVI",GV,Ground Validation,HD Seaviewer Drop Camera,GV2016_360,2016-08-30,13:34:11,2016,8,18.27449979,-64.81815276,2069703.419,-7215523.759,2069703.419,-7215523.759,0.001,-34.67095566,34.671,https://nccospublicstor.blob.core.windows.net/biomapper/usviinsularshelf2017/videos/low/GV2016_360.mp4,Absent,Absent,Present,Present,Absent,Absent,Present,Present,Absent,Absent,Absent,,0,0,1,1,0,0,1,1,0,0,0,2,2,4,Pass,Pass,Pass,Pass,Pass,Pass,Pass,Pass,Pass,Pass,Pass,
REC0992,991,991,Benthic Habitat Maps for the Insular Shelf South of St. Thomas and St. John,"St. Thomas, USVI",GV,Ground Validation,HD Seaviewer Drop Camera,GV2016_361,2016-08-27,14:37:55,2016,8,18.25116223,-65.03338999,2066967.692,-7239483.858,2066967.692,-7239483.858,0.0,-38.05408859,38.054,https://nccospublicstor.blob.core.windows.net/biomapper/usviinsularshelf2017/videos/low/GV2016_361.mp4,Absent,Absent,Present,Absent,Absent,Absent,Present,Present,Absent,Absent,Absent,,0,0,1,0,0,0,1,1,0,0,0,1,2,3,Pass,Pass,Pass,Pass,Pass,Pass,Pass,Pass,Pass,Pass,Pass,
REC0993,992,992,Benthic Habitat Maps for the Insular Shelf South of St. Thomas and St. John,"St. John, USVI",GV,Ground Validation,HD Seaviewer Drop Camera,GV2016_362,2016-08-31,09:44:00,2016,8,18.30184473,-64.79572461,2072909.376,-7213027.069,2072909.375,-7213027.069,0.001,-27.35878563,27.359,https://nccospublicstor.blob.core.windows.net/biomapper/usviinsularshelf2017/videos/low/GV2016_362.mp4,Absent,Absent,Present,Present,Absent,Absent,Present,Present,Absent,Absent,Absent,,0,0,1,1,0,0,1,1,0,0,0,2,2,4,Pass,Pass,Pass,Pass,Pass,Pass,Pass,Pass,Pass,Pass,Pass,
REC0994,993,993,Benthic Habitat Maps for the Insular Shelf South of St. Thomas and St. John,Puerto Rico,GV,Ground Validation,HD Seaviewer Drop Camera,GV2016_363,2016-08-21,08:59:35,2016,8,18.14030509,-65.20453212,2053977.562,-7258535.313,2053977.562,-7258535.313,0.0,-38.31672287,38.317,https://nccospublicstor.blob.core.windows.net/biomapper/usviinsularshelf2017/videos/low/GV2016_363.mp4,Present,Absent,Absent,Absent,Present,Absent,Present,Absent,Absent,Absent,Absent,Coral Bleaching,1,0,0,0,1,0,1,0,0,0,0,1,2,3,Pass,Pass,Pass,Pass,Pass,Pass,Pass,Pass,Pass,Pass,Pass,
REC0995,994,994,Benthic Habitat Maps for the Insular Shelf South of St. Thomas and St. John,"St. Thomas, USVI",GV,Ground Validation,HD Seaviewer Drop Camera,GV2016_364,2016-08-27,10:53:50,2016,8,18.27406537,-65.04585558,2069652.491,-7240871.521,2069652.491,-7240871.521,0.0,-35.21005249,35.21,https://nccospublicstor.blob.core.windows.net/biomapper/usviinsularshelf2017/videos/low/GV2016_364.mp4,Absent,Present,Present,Absent,Absent,Absent,Present,Present,Absent,Absent,Absent,,0,1,1,0,0,0,1,1,0,0,0,2,2,4,Pass,Pass,Pass,Pass,Pass,Pass,Pass,Pass,Pass,Pass,Pass,
REC0996,995,995,Benthic Habitat Maps for the Insular Shelf South of St. Thomas and St. John,"St. John, USVI",GV,Ground Validation,HD Seaviewer Drop Camera,GV2016_365,2016-09-17,10:44:26,2016,9,18.21080465,-64.74230091,2062237.674,-7207079.97,2062237.674,-7207079.97,0.0,-52.38001633,52.38,https://nccospublicstor.blob.core.windows.net/biomapper/usviinsularshelf2017/videos/low/GV2016_365.mp4,Absent,Present,Present,Absent,Present,Absent,Present,Present,Absent,Absent,Absent,,0,1,1,0,1,0,1,1,0,0,0,2,3,5,Pass,Pass,Pass,Pass,Pass,Pass,Pass,Pass,Pass,Pass,Pass,
REC0997,996,996,Benthic Habitat Maps for the Insular Shelf South of St. Thomas and St. John,"St. Thomas, USVI",GV,Ground Validation,HD Seaviewer Drop Camera,GV2016_366,2016-08-30,14:07:24,2016,8,18.29135923,-64.81371858,2071679.982,-7215030.149,2071679.982,-7215030.149,0.0,-24.82798767,24.828,https://nccospublicstor.blob.core.windows.net/biomapper/usviinsularshelf2017/videos/low/GV2016_366.mp4,Absent,Absent,Present,Present,Absent,Absent,Present,Present,Absent,Absent,Absent,,0,0,1,1,0,0,1,1,0,0,0,2,2,4,Pass,Pass,Pass,Pass,Pass,Pass,Pass,Pass,Pass,Pass,Pass,
REC0998,997,997,Benthic Habitat Maps for the Insular Shelf South of St. Thomas and St. John,"St. Thomas, USVI",GV,Ground Validation,HD Seaviewer Drop Camera,GV2016_367,2016-08-27,08:42:10,2016,8,18.19963501,-65.10370815,2060928.756,-7247311.64,2060928.756,-7247311.64,0.0,-40.11043549,40.11,https://nccospublicstor.blob.core.windows.net/biomapper/usviinsularshelf2017/videos/low/GV2016_367.mp4,Present,Absent,Absent,Present,Present,Present,Present,Present,Absent,Absent,Absent,,1,0,0,1,1,1,1,1,0,0,0,2,4,6,Pass,Pass,Pass,Pass,Pass,Pass,Pass,Pass,Pass,Pass,Pass,
REC0999,998,998,Benthic Habitat Maps for the Insular Shelf South of St. Thomas and St. John,"St. John, USVI",GV,Ground Validation,HD Seaviewer Drop Camera,GV2016_368,2016-09-10,10:47:54,2016,9,18.26900584,-64.77618224,2069059.362,-7210851.622,2069059.362,-7210851.622,0.001,-42.01878357,42.019,https://nccospublicstor.blob.core.windows.net/biomapper/usviinsularshelf2017/videos/low/GV2016_368.mp4,Absent,Absent,Absent,Present,Absent,Absent,Absent,Present,Absent,Absent,Absent,,0,0,0,1,0,0,0,1,0,0,0,1,1,2,Pass,Pass,Pass,Pass,Pass,Pass,Pass,Pass,Pass,Pass,Pass,
REC1000,999,999,Benthic Habitat Maps for the Insular Shelf South of St. Thomas and St. John,"St. John, USVI",GV,Ground Validation,HD Seaviewer Drop Camera,GV2016_369,2016-09-17,09:49:09,2016,9,18.22866885,-64.73003709,2064331.271,-7205714.768,2064331.271,-7205714.768,0.0,-54.51074982,54.511,https://nccospublicstor.blob.core.windows.net/biomapper/usviinsularshelf2017/videos/low/GV2016_369.mp4,Absent,Present,Present,Absent,Present,Absent,Present,Present,Absent,Absent,Absent,,0,1,1,0,1,0,1,1,0,0,0,2,3,5,Pass,Pass,Pass,Pass,Pass,Pass,Pass,Pass,Pass,Pass,Pass,
REC1001,1000,1000,Benthic Habitat Maps for the Insular Shelf South of St. Thomas and St. John,Puerto Rico,GV,Ground Validation,HD Seaviewer Drop Camera,GV2016_370,2016-08-23,10:52:37,2016,8,18.19393771,-65.14002501,2060261.148,-7251354.414,2060261.148,-7251354.414,0.001,-40.4502449,40.45,https://nccospublicstor.blob.core.windows.net/biomapper/usviinsularshelf2017/videos/low/GV2016_370.mp4,Present,Absent,Absent,Absent,Present,Absent,Present,Present,Absent,Absent,Absent,,1,0,0,0,1,0,1,1,0,0,0,1,3,4,Pass,Pass,Pass,Pass,Pass,Pass,Pass,Pass,Pass,Pass,Pass,
REC1002,1001,1001,Benthic Habitat Maps for the Insular Shelf South of St. Thomas and St. John,"St. Thomas, USVI",GV,Ground Validation,HD Seaviewer Drop Camera,GV2016_371,2016-08-26,12:08:36,2016,8,18.22038215,-65.03234029,2063360.084,-7239367.006,2063360.084,-7239367.006,0.0,-41.26660156,41.267,https://nccospublicstor.blob.core.windows.net/biomapper/usviinsularshelf2017/videos/low/GV2016_371.mp4,Present,Absent,Absent,Present,Present,Present,Present,Present,Absent,Absent,Absent,Lionfish 1:21,1,0,0,1,1,1,1,1,0,0,0,2,4,6,Pass,Pass,Pass,Pass,Pass,Pass,Pass,Pass,Pass,Pass,Pass,
REC1003,1002,1002,Benthic Habitat Maps for the Insular Shelf South of St. Thomas and St. John,"St. Thomas, USVI",GV,Ground Validation,HD Seaviewer Drop Camera,GV2016_372,2016-08-30,11:16:50,2016,8,18.26181053,-64.94248282,2068215.885,-7229364.118,2068215.885,-7229364.118,0.0,-33.42357254,33.424,https://nccospublicstor.blob.core.windows.net/biomapper/usviinsularshelf2017/videos/low/GV2016_372.mp4,Absent,Absent,Present,Present,Absent,Absent,Present,Present,Absent,Absent,Absent,,0,0,1,1,0,0,1,1,0,0,0,2,2,4,Pass,Pass,Pass,Pass,Pass,Pass,Pass,Pass,Pass,Pass,Pass,
REC1004,1003,1003,Benthic Habitat Maps for the Insular Shelf South of St. Thomas and St. John,"St. Thomas, USVI",GV,Ground Validation,HD Seaviewer Drop Camera,GV2016_373,2016-08-26,13:02:05,2016,8,18.21235978,-65.07577109,2062419.919,-7244201.701,2062419.919,-7244201.701,0.0,-42.73017502,42.73,https://nccospublicstor.blob.core.windows.net/biomapper/usviinsularshelf2017/videos/low/GV2016_373.mp4,Absent,Absent,Absent,Present,Absent,Absent,Present,Present,Absent,Absent,Absent,Nurse Shark at 00:02 and 00:04,0,0,0,1,0,0,1,1,0,0,0,1,2,3,Pass,Pass,Pass,Pass,Pass,Pass,Pass,Pass,Pass,Pass,Pass,
REC1005,1004,1004,Benthic Habitat Maps for the Insular Shelf South of St. Thomas and St. John,"St. Thomas, USVI",GV,Ground Validation,HD Seaviewer Drop Camera,GV2016_374,2016-08-29,11:13:44,2016,8,18.23047019,-64.88709499,2064542.392,-7223198.373,2064542.392,-7223198.373,0.001,-43.97600555,43.976,https://nccospublicstor.blob.core.windows.net/biomapper/usviinsularshelf2017/videos/low/GV2016_374.mp4,Absent,Absent,Present,Present,Absent,Absent,Present,Present,Absent,Absent,Absent,,0,0,1,1,0,0,1,1,0,0,0,2,2,4,Pass,Pass,Pass,Pass,Pass,Pass,Pass,Pass,Pass,Pass,Pass,
REC1006,1005,1005,Benthic Habitat Maps for the Insular Shelf South of St. Thomas and St. John,"St. Thomas, USVI",GV,Ground Validation,HD Seaviewer Drop Camera,GV2016_375,2016-08-30,09:15:16,2016,8,18.24344875,-64.98080289,2066063.566,-7233629.889,2066063.566,-7233629.889,0.0,-40.55485153,40.555,https://nccospublicstor.blob.core.windows.net/biomapper/usviinsularshelf2017/videos/low/GV2016_375.mp4,Absent,Absent,Present,Present,Absent,Absent,Present,Present,Absent,Absent,Absent,,0,0,1,1,0,0,1,1,0,0,0,2,2,4,Pass,Pass,Pass,Pass,Pass,Pass,Pass,Pass,Pass,Pass,Pass,
REC1007,1006,1006,Benthic Habitat Maps for the Insular Shelf South of St. Thomas and St. John,"St. John, USVI",GV,Ground Validation,HD Seaviewer Drop Camera,GV2016_376,2016-09-11,11:55:48,2016,9,18.26874157,-64.74435432,2069028.382,-7207308.555,2069028.382,-7207308.555,0.0,-44.61372375,44.614,https://nccospublicstor.blob.core.windows.net/biomapper/usviinsularshelf2017/videos/low/GV2016_376.mp4,Absent,Absent,Present,Present,Absent,Absent,Present,Present,Absent,Absent,Absent,,0,0,1,1,0,0,1,1,0,0,0,2,2,4,Pass,Pass,Pass,Pass,Pass,Pass,Pass,Pass,Pass,Pass,Pass,
REC1008,1007,1007,Benthic Habitat Maps for the Insular Shelf South of St. Thomas and St. John,"St. John, USVI",GV,Ground Validation,HD Seaviewer Drop Camera,GV2016_377,2016-09-12,12:23:20,2016,9,18.22778891,-64.68913681,2064228.142,-7201161.77,2064228.142,-7201161.77,0.001,-53.08459854,53.085,https://nccospublicstor.blob.core.windows.net/biomapper/usviinsularshelf2017/videos/low/GV2016_377.mp4,Absent,Absent,Present,Absent,Present,Absent,Present,Present,Absent,Absent,Absent,,0,0,1,0,1,0,1,1,0,0,0,1,3,4,Pass,Pass,Pass,Pass,Pass,Pass,Pass,Pass,Pass,Pass,Pass,
REC1009,1008,1008,Benthic Habitat Maps for the Insular Shelf South of St. Thomas and St. John,"St. Thomas, USVI",GV,Ground Validation,HD Seaviewer Drop Camera,GV2016_378,2016-08-27,14:24:29,2016,8,18.23444768,-65.04819498,2065008.568,-7241131.942,2065008.568,-7241131.942,0.0,-39.37237549,39.372,https://nccospublicstor.blob.core.windows.net/biomapper/usviinsularshelf2017/videos/low/GV2016_378.mp4,Absent,Absent,Absent,Present,Absent,Absent,Present,Present,Absent,Absent,Absent,,0,0,0,1,0,0,1,1,0,0,0,1,2,3,Pass,Pass,Pass,Pass,Pass,Pass,Pass,Pass,Pass,Pass,Pass,
REC1010,1009,1009,Benthic Habitat Maps for the Insular Shelf South of St. Thomas and St. John,"St. John, USVI",GV,Ground Validation,HD Seaviewer Drop Camera,GV2016_379,2016-09-13,13:42:58,2016,9,18.24705725,-64.80296533,2066486.527,-7213833.102,2066486.527,-7213833.102,0.0,-39.19164658,39.192,https://nccospublicstor.blob.core.windows.net/biomapper/usviinsularshelf2017/videos/low/GV2016_379.mp4,Absent,Present,Absent,Absent,Absent,Absent,Present,Present,Absent,Absent,Absent,Red Hind,0,1,0,0,0,0,1,1,0,0,0,1,2,3,Pass,Pass,Pass,Pass,Pass,Pass,Pass,Pass,Pass,Pass,Pass,
REC1011,1010,1010,Benthic Habitat Maps for the Insular Shelf South of St. Thomas and St. John,"St. John, USVI",GV,Ground Validation,HD Seaviewer Drop Camera,GV2016_380,2016-08-31,10:38:18,2016,8,18.27699099,-64.79689743,2069995.469,-7213157.627,2069995.469,-7213157.627,0.0,-35.14715195,35.147,https://nccospublicstor.blob.core.windows.net/biomapper/usviinsularshelf2017/videos/low/GV2016_380.mp4,Absent,Absent,Absent,Present,Absent,Absent,Absent,Present,Absent,Absent,Absent,,0,0,0,1,0,0,0,1,0,0,0,1,1,2,Pass,Pass,Pass,Pass,Pass,Pass,Pass,Pass,Pass,Pass,Pass,
REC1012,1011,1011,Benthic Habitat Maps for the Insular Shelf South of St. Thomas and St. John,"St. Thomas, USVI",GV,Ground Validation,HD Seaviewer Drop Camera,GV2016_381,2016-08-27,13:03:47,2016,8,18.24721463,-65.00080931,2066504.974,-7235856.993,2066504.974,-7235856.994,0.001,-40.36131287,40.361,https://nccospublicstor.blob.core.windows.net/biomapper/usviinsularshelf2017/videos/low/GV2016_381.mp4,Absent,Absent,Present,Present,Absent,Absent,Present,Present,Absent,Absent,Absent,,0,0,1,1,0,0,1,1,0,0,0,2,2,4,Pass,Pass,Pass,Pass,Pass,Pass,Pass,Pass,Pass,Pass,Pass,
REC1013,1012,1012,Benthic Habitat Maps for the Insular Shelf South of St. Thomas and St. John,"St. John, USVI",GV,Ground Validation,HD Seaviewer Drop Camera,GV2016_382,2016-09-01,12:43:57,2016,9,18.29104981,-64.74035581,2071643.704,-7206863.442,2071643.704,-7206863.443,0.001,-31.87882042,31.879,https://nccospublicstor.blob.core.windows.net/biomapper/usviinsularshelf2017/videos/low/GV2016_382.mp4,Absent,Absent,Present,Absent,Absent,Absent,Present,Present,Absent,Absent,Absent,,0,0,1,0,0,0,1,1,0,0,0,1,2,3,Pass,Pass,Pass,Pass,Pass,Pass,Pass,Pass,Pass,Pass,Pass,
REC1014,1013,1013,Benthic Habitat Maps for the Insular Shelf South of St. Thomas and St. John,"St. Thomas, USVI",GV,Ground Validation,HD Seaviewer Drop Camera,GV2016_383,2016-08-30,09:58:42,2016,8,18.249722,-64.97615472,2066798.874,-7233112.457,2066798.874,-7233112.457,0.0,-39.61473465,39.615,https://nccospublicstor.blob.core.windows.net/biomapper/usviinsularshelf2017/videos/low/GV2016_383.mp4,Absent,Absent,Present,Absent,Absent,Absent,Present,Present,Absent,Absent,Absent,,0,0,1,0,0,0,1,1,0,0,0,1,2,3,Pass,Pass,Pass,Pass,Pass,Pass,Pass,Pass,Pass,Pass,Pass,
REC1015,1014,1014,Benthic Habitat Maps for the Insular Shelf South of St. Thomas and St. John,"St. Thomas, USVI",GV,Ground Validation,HD Seaviewer Drop Camera,GV2016_384,2016-08-29,12:37:03,2016,8,18.23421307,-64.92528854,2064981.071,-7227450.06,2064981.071,-7227450.06,0.0,-42.77930069,42.779,https://nccospublicstor.blob.core.windows.net/biomapper/usviinsularshelf2017/videos/low/GV2016_384.mp4,Absent,Absent,Present,Present,Absent,Absent,Present,Present,Absent,Absent,Absent,,0,0,1,1,0,0,1,1,0,0,0,2,2,4,Pass,Pass,Pass,Pass,Pass,Pass,Pass,Pass,Pass,Pass,Pass,
REC1016,1015,1015,Benthic Habitat Maps for the Insular Shelf South of St. Thomas and St. John,"St. Thomas, USVI",GV,Ground Validation,HD Seaviewer Drop Camera,GV2016_385,2016-08-26,08:49:22,2016,8,18.20245006,-64.93183616,2061258.63,-7228178.938,2061258.63,-7228178.938,0.001,-46.89944077,46.899,https://nccospublicstor.blob.core.windows.net/biomapper/usviinsularshelf2017/videos/low/GV2016_385.mp4,Absent,Absent,Present,Present,Absent,Absent,Present,Present,Absent,Absent,Absent,,0,0,1,1,0,0,1,1,0,0,0,2,2,4,Pass,Pass,Pass,Pass,Pass,Pass,Pass,Pass,Pass,Pass,Pass,
REC1017,1016,1016,Benthic Habitat Maps for the Insular Shelf South of St. Thomas and St. John,"St. Thomas, USVI",GV,Ground Validation,HD Seaviewer Drop Camera,GV2016_386,2016-08-20,12:01:36,2016,8,18.27131713,-65.07800122,2069330.312,-7244449.958,2069330.312,-7244449.958,0.0,-34.60826111,34.608,https://nccospublicstor.blob.core.windows.net/biomapper/usviinsularshelf2017/videos/low/GV2016_386.mp4,Absent,Absent,Present,Present,Absent,Absent,Present,Present,Absent,Absent,Absent,,0,0,1,1,0,0,1,1,0,0,0,2,2,4,Pass,Pass,Pass,Pass,Pass,Pass,Pass,Pass,Pass,Pass,Pass,
REC1018,1017,1017,Benthic Habitat Maps for the Insular Shelf South of St. Thomas and St. John,"St. Thomas, USVI",GV,Ground Validation,HD Seaviewer Drop Camera,GV2016_387,2016-08-20,13:27:59,2016,8,18.26737761,-65.12275556,2068868.488,-7249431.988,2068868.488,-7249431.988,0.0,-29.32685661,29.327,https://nccospublicstor.blob.core.windows.net/biomapper/usviinsularshelf2017/videos/low/GV2016_387.mp4,Present,Absent,Absent,Absent,Present,Present,Present,Present,Absent,Absent,Absent,,1,0,0,0,1,1,1,1,0,0,0,1,4,5,Pass,Pass,Pass,Pass,Pass,Pass,Pass,Pass,Pass,Pass,Pass,
REC1019,1018,1018,Benthic Habitat Maps for the Insular Shelf South of St. Thomas and St. John,"St. John, USVI",GV,Ground Validation,HD Seaviewer Drop Camera,GV2016_388,2016-08-31,12:08:55,2016,8,18.27366104,-64.8041071,2069605.09,-7213960.204,2069605.09,-7213960.204,0.001,-35.02994537,35.03,https://nccospublicstor.blob.core.windows.net/biomapper/usviinsularshelf2017/videos/low/GV2016_388.mp4,Absent,Present,Present,Present,Absent,Absent,Present,Present,Absent,Absent,Absent,,0,1,1,1,0,0,1,1,0,0,0,3,2,5,Pass,Pass,Pass,Pass,Pass,Pass,Pass,Pass,Pass,Pass,Pass,
REC1020,1019,1019,Benthic Habitat Maps for the Insular Shelf South of St. Thomas and St. John,"St. Thomas, USVI",GV,Ground Validation,HD Seaviewer Drop Camera,GV2016_389,2016-08-29,10:53:42,2016,8,18.23858509,-64.88880502,2065493.499,-7223388.733,2065493.499,-7223388.733,0.0,-41.98249817,41.982,https://nccospublicstor.blob.core.windows.net/biomapper/usviinsularshelf2017/videos/low/GV2016_389.mp4,Absent,Absent,Present,Present,Absent,Absent,Present,Present,Absent,Absent,Absent,,0,0,1,1,0,0,1,1,0,0,0,2,2,4,Pass,Pass,Pass,Pass,Pass,Pass,Pass,Pass,Pass,Pass,Pass,
REC1021,1020,1020,Benthic Habitat Maps for the Insular Shelf South of St. Thomas and St. John,Puerto Rico,GV,Ground Validation,HD Seaviewer Drop Camera,GV2016_390,2016-08-21,08:41:09,2016,8,18.14987354,-65.18731716,2055098.458,-7256618.952,2055098.458,-7256618.952,0.0,-52.80166626,52.802,https://nccospublicstor.blob.core.windows.net/biomapper/usviinsularshelf2017/videos/low/GV2016_390.mp4,Absent,Absent,Present,Absent,Absent,Absent,Present,Present,Absent,Absent,Absent,,0,0,1,0,0,0,1,1,0,0,0,1,2,3,Pass,Pass,Pass,Pass,Pass,Pass,Pass,Pass,Pass,Pass,Pass,
REC1022,1021,1021,Benthic Habitat Maps for the Insular Shelf South of St. Thomas and St. John,Puerto Rico,GV,Ground Validation,HD Seaviewer Drop Camera,GV2016_391,2016-08-21,08:13:41,2016,8,18.15168186,-65.21365013,2055310.3,-7259550.325,2055310.3,-7259550.325,0.0,-39.53837204,39.538,https://nccospublicstor.blob.core.windows.net/biomapper/usviinsularshelf2017/videos/low/GV2016_391.mp4,Present,Absent,Absent,Absent,Present,Present,Present,Present,Absent,Absent,Absent,lionfish @ 1:33,1,0,0,0,1,1,1,1,0,0,0,1,4,5,Pass,Pass,Pass,Pass,Pass,Pass,Pass,Pass,Pass,Pass,Pass,
REC1023,1022,1022,Benthic Habitat Maps for the Insular Shelf South of St. Thomas and St. John,Puerto Rico,GV,Ground Validation,HD Seaviewer Drop Camera,GV2016_392,2016-08-21,11:44:06,2016,8,18.12100371,-65.21729254,2051716.688,-7259955.797,2051716.688,-7259955.796,0.001,-45.33314896,45.333,https://nccospublicstor.blob.core.windows.net/biomapper/usviinsularshelf2017/videos/low/GV2016_392.mp4,Absent,Absent,Present,Absent,Absent,Absent,Present,Present,Absent,Absent,Absent,,0,0,1,0,0,0,1,1,0,0,0,1,2,3,Pass,Pass,Pass,Pass,Pass,Pass,Pass,Pass,Pass,Pass,Pass,
REC1024,1023,1023,Benthic Habitat Maps for the Insular Shelf South of St. Thomas and St. John,"St. Thomas, USVI",GV,Ground Validation,HD Seaviewer Drop Camera,GV2016_393,2016-08-26,11:33:28,2016,8,18.21115356,-65.02322938,2062278.562,-7238352.784,2062278.562,-7238352.784,0.001,-43.96912766,43.969,https://nccospublicstor.blob.core.windows.net/biomapper/usviinsularshelf2017/videos/low/GV2016_393.mp4,Present,Absent,Absent,Present,Present,Absent,Present,Present,Absent,Absent,Absent,Spotted Trunkfish 1:06,1,0,0,1,1,0,1,1,0,0,0,2,3,5,Pass,Pass,Pass,Pass,Pass,Pass,Pass,Pass,Pass,Pass,Pass,
REC1025,1024,1024,Benthic Habitat Maps for the Insular Shelf South of St. Thomas and St. John,Puerto Rico,GV,Ground Validation,HD Seaviewer Drop Camera,GV2016_394,2016-08-22,10:17:41,2016,8,18.18007884,-65.20238314,2058637.261,-7258296.09,2058637.261,-7258296.09,0.001,-40.73048401,40.73,https://nccospublicstor.blob.core.windows.net/biomapper/usviinsularshelf2017/videos/low/GV2016_394.mp4,Present,Absent,Absent,Absent,Present,Present,Present,Present,Absent,Absent,Absent,,1,0,0,0,1,1,1,1,0,0,0,1,4,5,Pass,Pass,Pass,Pass,Pass,Pass,Pass,Pass,Pass,Pass,Pass,
REC1026,1025,1025,Benthic Habitat Maps for the Insular Shelf South of St. Thomas and St. John,"St. John, USVI",GV,Ground Validation,HD Seaviewer Drop Camera,GV2016_395,2016-09-12,09:53:22,2016,9,18.24996948,-64.66503911,2066827.883,-7198479.226,2066827.883,-7198479.226,0.0,-45.95858765,45.959,https://nccospublicstor.blob.core.windows.net/biomapper/usviinsularshelf2017/videos/low/GV2016_395.mp4,Present,Absent,Absent,Present,Present,Absent,Present,Present,Absent,Absent,Absent,,1,0,0,1,1,0,1,1,0,0,0,2,3,5,Pass,Pass,Pass,Pass,Pass,Pass,Pass,Pass,Pass,Pass,Pass,
REC1027,1026,1026,Benthic Habitat Maps for the Insular Shelf South of St. Thomas and St. John,"St. Thomas, USVI",GV,Ground Validation,HD Seaviewer Drop Camera,GV2016_396,2016-08-20,12:51:31,2016,8,18.27795129,-65.096732,2070108.049,-7246535.059,2070108.049,-7246535.059,0.0,-34.92460251,34.925,https://nccospublicstor.blob.core.windows.net/biomapper/usviinsularshelf2017/videos/low/GV2016_396.mp4,Absent,Absent,Absent,Present,Absent,Present,Absent,Present,Absent,Absent,Absent,,0,0,0,1,0,1,0,1,0,0,0,1,2,3,Pass,Pass,Pass,Pass,Pass,Pass,Pass,Pass,Pass,Pass,Pass,
REC1028,1027,1027,Benthic Habitat Maps for the Insular Shelf South of St. Thomas and St. John,"St. Thomas, USVI",GV,Ground Validation,HD Seaviewer Drop Camera,GV2016_397,2016-08-26,10:50:59,2016,8,18.21997176,-65.00792763,2063311.988,-7236649.401,2063311.988,-7236649.401,0.0,-42.22385788,42.224,https://nccospublicstor.blob.core.windows.net/biomapper/usviinsularshelf2017/videos/low/GV2016_397.mp4,Absent,Absent,Absent,Present,Absent,Absent,Present,Present,Absent,Absent,Absent,Grat Barracuda 00:18 and two sharks 1:39,0,0,0,1,0,0,1,1,0,0,0,1,2,3,Pass,Pass,Pass,Pass,Pass,Pass,Pass,Pass,Pass,Pass,Pass,
REC1029,1028,1028,Benthic Habitat Maps for the Insular Shelf South of St. Thomas and St. John,Puerto Rico,GV,Ground Validation,HD Seaviewer Drop Camera,GV2016_398,2016-08-22,10:36:43,2016,8,18.19049489,-65.20871503,2059857.73,-7259000.952,2059857.73,-7259000.952,0.001,-36.59953308,36.6,https://nccospublicstor.blob.core.windows.net/biomapper/usviinsularshelf2017/videos/low/GV2016_398.mp4,Present,Absent,Absent,Absent,Present,Absent,Present,Present,Absent,Absent,Absent,,1,0,0,0,1,0,1,1,0,0,0,1,3,4,Pass,Pass,Pass,Pass,Pass,Pass,Pass,Pass,Pass,Pass,Pass,
REC1030,1029,1029,Benthic Habitat Maps for the Insular Shelf South of St. Thomas and St. John,"St. Thomas, USVI",GV,Ground Validation,HD Seaviewer Drop Camera,GV2016_399,2016-09-16,09:38:14,2016,9,18.20922574,-64.82704068,2062052.644,-7216513.158,2062052.644,-7216513.158,0.0,-55.0681572,55.068,https://nccospublicstor.blob.core.windows.net/biomapper/usviinsularshelf2017/videos/low/GV2016_399.mp4,Absent,Absent,Present,Absent,Present,Absent,Present,Present,Absent,Absent,Absent,,0,0,1,0,1,0,1,1,0,0,0,1,3,4,Pass,Pass,Pass,Pass,Pass,Pass,Pass,Pass,Pass,Pass,Pass,
REC1031,1030,1030,Benthic Habitat Maps for the Insular Shelf South of St. Thomas and St. John,"St. Thomas, USVI",GV,Ground Validation,HD Seaviewer Drop Camera,GV2016_400,2016-08-27,13:31:21,2016,8,18.22756367,-65.00754419,2064201.743,-7236606.717,2064201.743,-7236606.717,0.0,-41.02902222,41.029,https://nccospublicstor.blob.core.windows.net/biomapper/usviinsularshelf2017/videos/low/GV2016_400.mp4,Absent,Absent,Present,Present,Absent,Absent,Present,Present,Absent,Absent,Absent,,0,0,1,1,0,0,1,1,0,0,0,2,2,4,Pass,Pass,Pass,Pass,Pass,Pass,Pass,Pass,Pass,Pass,Pass,
REC1032,1031,1031,Benthic Habitat Maps for the Insular Shelf South of St. Thomas and St. John,"St. John, USVI",GV,Ground Validation,HD Seaviewer Drop Camera,GV2016_402,2016-09-17,07:26:33,2016,9,18.2515213,-64.75551689,2067009.781,-7208551.166,2067009.781,-7208551.166,0.0,-45.19524384,45.195,https://nccospublicstor.blob.core.windows.net/biomapper/usviinsularshelf2017/videos/low/GV2016_402.mp4,Absent,Absent,Present,Absent,Absent,Absent,Present,Present,Absent,Absent,Absent,,0,0,1,0,0,0,1,1,0,0,0,1,2,3,Pass,Pass,Pass,Pass,Pass,Pass,Pass,Pass,Pass,Pass,Pass,
REC1033,1032,1032,Benthic Habitat Maps for the Insular Shelf South of St. Thomas and St. John,"St. John, USVI",GV,Ground Validation,HD Seaviewer Drop Camera,GV2016_403,2016-09-17,09:20:46,2016,9,18.2383665,-64.69756533,2065467.879,-7202100.028,2065467.879,-7202100.028,0.0,-49.89131927,49.891,https://nccospublicstor.blob.core.windows.net/biomapper/usviinsularshelf2017/videos/low/GV2016_403.mp4,Absent,Present,Present,Absent,Present,Present,Present,Present,Absent,Absent,Absent,SeaWhip,0,1,1,0,1,1,1,1,0,0,0,2,4,6,Pass,Pass,Pass,Pass,Pass,Pass,Pass,Pass,Pass,Pass,Pass,
REC1034,1033,1033,Benthic Habitat Maps for the Insular Shelf South of St. Thomas and St. John,Puerto Rico,GV,Ground Validation,HD Seaviewer Drop Camera,GV2016_404,2016-08-25,10:43:04,2016,8,18.2405358,-65.16413909,2065722.139,-7254038.781,2065722.139,-7254038.781,0.0,-34.16674805,34.167,https://nccospublicstor.blob.core.windows.net/biomapper/usviinsularshelf2017/videos/low/GV2016_404.mp4,Present,Absent,Absent,Absent,Present,Present,Present,Present,Absent,Absent,Absent,,1,0,0,0,1,1,1,1,0,0,0,1,4,5,Pass,Pass,Pass,Pass,Pass,Pass,Pass,Pass,Pass,Pass,Pass,
REC1035,1034,1034,Benthic Habitat Maps for the Insular Shelf South of St. Thomas and St. John,Puerto Rico,GV,Ground Validation,HD Seaviewer Drop Camera,GV2016_405,2016-08-21,09:32:32,2016,8,18.13420962,-65.21918616,2053263.54,-7260166.593,2053263.54,-7260166.593,0.0,-39.29938507,39.299,https://nccospublicstor.blob.core.windows.net/biomapper/usviinsularshelf2017/videos/low/GV2016_405.mp4,Absent,Absent,Present,Absent,Present,Absent,Present,Present,Absent,Absent,Absent,,0,0,1,0,1,0,1,1,0,0,0,1,3,4,Pass,Pass,Pass,Pass,Pass,Pass,Pass,Pass,Pass,Pass,Pass,
REC1036,1035,1035,Benthic Habitat Maps for the Insular Shelf South of St. Thomas and St. John,Puerto Rico,GV,Ground Validation,HD Seaviewer Drop Camera,GV2016_406,2016-08-23,10:58:38,2016,8,18.20023724,-65.1406495,2060999.326,-7251423.932,2060999.326,-7251423.932,0.0,-37.18153381,37.182,https://nccospublicstor.blob.core.windows.net/biomapper/usviinsularshelf2017/videos/low/GV2016_406.mp4,Present,Absent,Absent,Absent,Present,Absent,Present,Present,Absent,Absent,Absent,,1,0,0,0,1,0,1,1,0,0,0,1,3,4,Pass,Pass,Pass,Pass,Pass,Pass,Pass,Pass,Pass,Pass,Pass,
REC1037,1036,1036,Benthic Habitat Maps for the Insular Shelf South of St. Thomas and St. John,"St. John, USVI",GV,Ground Validation,HD Seaviewer Drop Camera,GV2016_407,2016-09-17,11:35:35,2016,9,18.20512128,-64.76188893,2061571.656,-7209260.498,2061571.656,-7209260.498,0.001,-54.37238693,54.372,https://nccospublicstor.blob.core.windows.net/biomapper/usviinsularshelf2017/videos/low/GV2016_407.mp4,Absent,Present,Present,Absent,Present,Absent,Present,Present,Absent,Absent,Absent,,0,1,1,0,1,0,1,1,0,0,0,2,3,5,Pass,Pass,Pass,Pass,Pass,Pass,Pass,Pass,Pass,Pass,Pass,
REC1038,1037,1037,Benthic Habitat Maps for the Insular Shelf South of St. Thomas and St. John,"St. Thomas, USVI",GV,Ground Validation,HD Seaviewer Drop Camera,GV2016_408,2016-08-28,14:26:44,2016,8,18.25010352,-64.89832327,2066843.594,-7224448.3,2066843.594,-7224448.3,0.0,-40.40250397,40.403,https://nccospublicstor.blob.core.windows.net/biomapper/usviinsularshelf2017/videos/low/GV2016_408.mp4,Absent,Absent,Present,Present,Absent,Absent,Present,Present,Absent,Absent,Absent,,0,0,1,1,0,0,1,1,0,0,0,2,2,4,Pass,Pass,Pass,Pass,Pass,Pass,Pass,Pass,Pass,Pass,Pass,
REC1039,1038,1038,Benthic Habitat Maps for the Insular Shelf South of St. Thomas and St. John,"St. Thomas, USVI",GV,Ground Validation,HD Seaviewer Drop Camera,GV2016_409,2016-08-29,09:56:03,2016,8,18.23093343,-64.87324057,2064596.685,-7221656.106,2064596.684,-7221656.106,0.001,-43.83733749,43.837,https://nccospublicstor.blob.core.windows.net/biomapper/usviinsularshelf2017/videos/low/GV2016_409.mp4,Absent,Absent,Absent,Present,Absent,Absent,Present,Present,Absent,Absent,Absent,,0,0,0,1,0,0,1,1,0,0,0,1,2,3,Pass,Pass,Pass,Pass,Pass,Pass,Pass,Pass,Pass,Pass,Pass,
REC1040,1039,1039,Benthic Habitat Maps for the Insular Shelf South of St. Thomas and St. John,"St. John, USVI",GV,Ground Validation,HD Seaviewer Drop Camera,GV2016_410,2016-09-17,10:05:30,2016,9,18.22010642,-64.7309104,2063327.769,-7205811.984,2063327.769,-7205811.984,0.0,-52.55665588,52.557,https://nccospublicstor.blob.core.windows.net/biomapper/usviinsularshelf2017/videos/low/GV2016_410.mp4,Absent,Present,Present,Absent,Present,Absent,Present,Present,Absent,Absent,Absent,,0,1,1,0,1,0,1,1,0,0,0,2,3,5,Pass,Pass,Pass,Pass,Pass,Pass,Pass,Pass,Pass,Pass,Pass,
REC1041,1040,1040,Benthic Habitat Maps for the Insular Shelf South of St. Thomas and St. John,"St. Thomas, USVI",GV,Ground Validation,HD Seaviewer Drop Camera,GV2016_411,2016-08-25,14:35:18,2016,8,18.252714,-65.05640716,2067149.586,-7242046.118,2067149.586,-7242046.118,0.0,-35.808815,35.809,https://nccospublicstor.blob.core.windows.net/biomapper/usviinsularshelf2017/videos/low/GV2016_411.mp4,Absent,Absent,Present,Present,Absent,Absent,Present,Present,Absent,Absent,Absent,,0,0,1,1,0,0,1,1,0,0,0,2,2,4,Pass,Pass,Pass,Pass,Pass,Pass,Pass,Pass,Pass,Pass,Pass,
REC1042,1041,1041,Benthic Habitat Maps for the Insular Shelf South of St. Thomas and St. John,"St. Thomas, USVI",GV,Ground Validation,HD Seaviewer Drop Camera,GV2016_412,2016-08-27,11:04:01,2016,8,18.27254876,-65.03785583,2069474.697,-7239980.993,2069474.697,-7239980.993,0.0,-33.09238815,33.092,https://nccospublicstor.blob.core.windows.net/biomapper/usviinsularshelf2017/videos/low/GV2016_412.mp4,Absent,Absent,Present,Absent,Absent,Absent,Present,Present,Absent,Absent,Absent,,0,0,1,0,0,0,1,1,0,0,0,1,2,3,Pass,Pass,Pass,Pass,Pass,Pass,Pass,Pass,Pass,Pass,Pass,
REC1043,1042,1042,Benthic Habitat Maps for the Insular Shelf South of St. Thomas and St. John,"St. Thomas, USVI",GV,Ground Validation,HD Seaviewer Drop Camera,GV2016_414,2016-08-25,14:17:25,2016,8,18.25867646,-65.08410216,2067848.501,-7245129.111,2067848.501,-7245129.111,0.0,-26.05844879,26.058,https://nccospublicstor.blob.core.windows.net/biomapper/usviinsularshelf2017/videos/low/GV2016_414.mp4,Present,Absent,Absent,Absent,Present,Present,Present,Present,Absent,Absent,Absent,,1,0,0,0,1,1,1,1,0,0,0,1,4,5,Pass,Pass,Pass,Pass,Pass,Pass,Pass,Pass,Pass,Pass,Pass,
REC1044,1043,1043,Benthic Habitat Maps for the Insular Shelf South of St. Thomas and St. John,"St. Thomas, USVI",GV,Ground Validation,HD Seaviewer Drop Camera,GV2016_415,2016-08-28,13:15:32,2016,8,18.22935613,-64.90686362,2064411.822,-7225399.007,2064411.822,-7225399.007,0.001,-43.79113007,43.791,https://nccospublicstor.blob.core.windows.net/biomapper/usviinsularshelf2017/videos/low/GV2016_415.mp4,Absent,Absent,Present,Present,Absent,Absent,Present,Present,Absent,Absent,Absent,,0,0,1,1,0,0,1,1,0,0,0,2,2,4,Pass,Pass,Pass,Pass,Pass,Pass,Pass,Pass,Pass,Pass,Pass,
REC1045,1044,1044,Benthic Habitat Maps for the Insular Shelf South of St. Thomas and St. John,Puerto Rico,GV,Ground Validation,HD Seaviewer Drop Camera,GV2016_416,2016-08-21,07:55:56,2016,8,18.16201413,-65.2048225,2056520.756,-7258567.638,2056520.756,-7258567.638,0.0,-35.20439529,35.204,https://nccospublicstor.blob.core.windows.net/biomapper/usviinsularshelf2017/videos/low/GV2016_416.mp4,Present,Absent,Absent,Absent,Present,Present,Present,Present,Absent,Absent,Absent,Coral Bleaching,1,0,0,0,1,1,1,1,0,0,0,1,4,5,Pass,Pass,Pass,Pass,Pass,Pass,Pass,Pass,Pass,Pass,Pass,
REC1046,1045,1045,Benthic Habitat Maps for the Insular Shelf South of St. Thomas and St. John,"St. Thomas, USVI",GV,Ground Validation,HD Seaviewer Drop Camera,GV2016_417,2016-08-28,13:04:30,2016,8,18.22464204,-64.90178692,2063859.33,-7224833.872,2063859.33,-7224833.872,0.0,-41.72793198,41.728,https://nccospublicstor.blob.core.windows.net/biomapper/usviinsularshelf2017/videos/low/GV2016_417.mp4,Absent,Absent,Present,Absent,Present,Absent,Present,Present,Absent,Absent,Absent,,0,0,1,0,1,0,1,1,0,0,0,1,3,4,Pass,Pass,Pass,Pass,Pass,Pass,Pass,Pass,Pass,Pass,Pass,
REC1047,1046,1046,Benthic Habitat Maps for the Insular Shelf South of St. Thomas and St. John,"St. Thomas, USVI",GV,Ground Validation,HD Seaviewer Drop Camera,GV2016_418,2016-08-27,12:13:13,2016,8,18.27597131,-64.99611349,2069875.929,-7235334.257,2069875.929,-7235334.257,0.0,-32.52474976,32.525,https://nccospublicstor.blob.core.windows.net/biomapper/usviinsularshelf2017/videos/low/GV2016_418.mp4,Absent,Absent,Present,Absent,Absent,Absent,Present,Present,Absent,Absent,Absent,,0,0,1,0,0,0,1,1,0,0,0,1,2,3,Pass,Pass,Pass,Pass,Pass,Pass,Pass,Pass,Pass,Pass,Pass,
REC1048,1047,1047,Benthic Habitat Maps for the Insular Shelf South of St. Thomas and St. John,"St. John, USVI",GV,Ground Validation,HD Seaviewer Drop Camera,GV2016_419,2016-09-12,11:57:17,2016,9,18.22485397,-64.70891016,2063884.168,-7203362.929,2063884.168,-7203362.929,0.0,-54.2375412,54.238,https://nccospublicstor.blob.core.windows.net/biomapper/usviinsularshelf2017/videos/low/GV2016_419.mp4,Absent,Present,Absent,Absent,Present,Absent,Present,Present,Absent,Absent,Absent,,0,1,0,0,1,0,1,1,0,0,0,1,3,4,Pass,Pass,Pass,Pass,Pass,Pass,Pass,Pass,Pass,Pass,Pass,
REC1049,1048,1048,Benthic Habitat Maps for the Insular Shelf South of St. Thomas and St. John,"St. Thomas, USVI",GV,Ground Validation,HD Seaviewer Drop Camera,GV2016_420,2016-08-29,09:23:20,2016,8,18.22505154,-64.86287088,2063907.323,-7220501.758,2063907.323,-7220501.758,0.0,-45.84867859,45.849,https://nccospublicstor.blob.core.windows.net/biomapper/usviinsularshelf2017/videos/low/GV2016_420.mp4,Absent,Absent,Present,Absent,Present,Absent,Present,Present,Absent,Absent,Absent,,0,0,1,0,1,0,1,1,0,0,0,1,3,4,Pass,Pass,Pass,Pass,Pass,Pass,Pass,Pass,Pass,Pass,Pass,
REC1050,1049,1049,Benthic Habitat Maps for the Insular Shelf South of St. Thomas and St. John,"St. Thomas, USVI",GV,Ground Validation,HD Seaviewer Drop Camera,GV2016_421,2016-08-26,13:10:38,2016,8,18.20266664,-65.07817705,2061284.01,-7244469.531,2061284.01,-7244469.531,0.0,-43.71030808,43.71,https://nccospublicstor.blob.core.windows.net/biomapper/usviinsularshelf2017/videos/low/GV2016_421.mp4,Present,Absent,Absent,Absent,Present,Present,Present,Present,Absent,Absent,Absent,,1,0,0,0,1,1,1,1,0,0,0,1,4,5,Pass,Pass,Pass,Pass,Pass,Pass,Pass,Pass,Pass,Pass,Pass,
REC1051,1050,1050,Benthic Habitat Maps for the Insular Shelf South of St. Thomas and St. John,Puerto Rico,GV,Ground Validation,HD Seaviewer Drop Camera,GV2016_422,2016-08-25,11:50:17,2016,8,18.22991426,-65.13733022,2064477.235,-7251054.432,2064477.235,-7251054.432,0.0,-32.89749527,32.897,https://nccospublicstor.blob.core.windows.net/biomapper/usviinsularshelf2017/videos/low/GV2016_422.mp4,Present,Absent,Absent,Absent,Present,Absent,Present,Present,Absent,Absent,Absent,"not a great video, camera was on its side, no placard",1,0,0,0,1,0,1,1,0,0,0,1,3,4,Pass,Pass,Pass,Pass,Pass,Pass,Pass,Pass,Pass,Pass,Pass,
REC1052,1051,1051,Benthic Habitat Maps for the Insular Shelf South of St. Thomas and St. John,"St. Thomas, USVI",GV,Ground Validation,HD Seaviewer Drop Camera,GV2016_423,2016-09-16,09:52:01,2016,9,18.20402588,-64.8255836,2061443.291,-7216350.957,2061443.291,-7216350.957,0.0,-53.89593124,53.896,https://nccospublicstor.blob.core.windows.net/biomapper/usviinsularshelf2017/videos/low/GV2016_423.mp4,Absent,Absent,Present,Present,Present,Absent,Present,Present,Absent,Absent,Absent,,0,0,1,1,1,0,1,1,0,0,0,2,3,5,Pass,Pass,Pass,Pass,Pass,Pass,Pass,Pass,Pass,Pass,Pass,
REC1053,1052,1052,Benthic Habitat Maps for the Insular Shelf South of St. Thomas and St. John,"St. Thomas, USVI",GV,Ground Validation,HD Seaviewer Drop Camera,GV2016_424,2016-08-26,11:59:49,2016,8,18.20236872,-65.04211697,2061249.099,-7240455.341,2061249.099,-7240455.341,0.0,-48.55367661,48.554,https://nccospublicstor.blob.core.windows.net/biomapper/usviinsularshelf2017/videos/low/GV2016_424.mp4,Present,Absent,Absent,Absent,Present,Absent,Present,Present,Absent,Absent,Absent,,1,0,0,0,1,0,1,1,0,0,0,1,3,4,Pass,Pass,Pass,Pass,Pass,Pass,Pass,Pass,Pass,Pass,Pass,
REC1054,1053,1053,Benthic Habitat Maps for the Insular Shelf South of St. Thomas and St. John,"St. John, USVI",GV,Ground Validation,HD Seaviewer Drop Camera,GV2016_425,2016-09-17,12:13:00,2016,9,18.21798591,-64.74914171,2063079.257,-7207841.485,2063079.257,-7207841.484,0.001,-52.10696411,52.107,https://nccospublicstor.blob.core.windows.net/biomapper/usviinsularshelf2017/videos/low/GV2016_425.mp4,Absent,Present,Present,Absent,Present,Absent,Present,Present,Absent,Absent,Absent,,0,1,1,0,1,0,1,1,0,0,0,2,3,5,Pass,Pass,Pass,Pass,Pass,Pass,Pass,Pass,Pass,Pass,Pass,
REC1055,1054,1054,Benthic Habitat Maps for the Insular Shelf South of St. Thomas and St. John,"St. John, USVI",GV,Ground Validation,HD Seaviewer Drop Camera,GV2016_426,2016-09-02,11:37:25,2016,9,18.28616291,-64.71526474,2071070.756,-7204070.317,2071070.756,-7204070.317,0.001,-33.19607162,33.196,https://nccospublicstor.blob.core.windows.net/biomapper/usviinsularshelf2017/videos/low/GV2016_426.mp4,Absent,Absent,Present,Present,Present,Absent,Present,Present,Absent,Absent,Absent,,0,0,1,1,1,0,1,1,0,0,0,2,3,5,Pass,Pass,Pass,Pass,Pass,Pass,Pass,Pass,Pass,Pass,Pass,
REC1056,1055,1055,Benthic Habitat Maps for the Insular Shelf South of St. Thomas and St. John,"St. John, USVI",GV,Ground Validation,HD Seaviewer Drop Camera,GV2016_427,2016-09-12,08:33:46,2016,9,18.26550477,-64.70113758,2068648.941,-7202497.689,2068648.941,-7202497.689,0.0,-47.50017929,47.5,https://nccospublicstor.blob.core.windows.net/biomapper/usviinsularshelf2017/videos/low/GV2016_427.mp4,Absent,Absent,Present,Absent,Absent,Absent,Present,Present,Absent,Absent,Absent,,0,0,1,0,0,0,1,1,0,0,0,1,2,3,Pass,Pass,Pass,Pass,Pass,Pass,Pass,Pass,Pass,Pass,Pass,
REC1057,1056,1056,Benthic Habitat Maps for the Insular Shelf South of St. Thomas and St. John,"St. John, USVI",GV,Ground Validation,HD Seaviewer Drop Camera,GV2016_428,2016-09-17,14:23:14,2016,9,18.23961477,-64.75217712,2065614.186,-7208179.385,2065614.186,-7208179.385,0.0,-45.00001907,45.0,https://nccospublicstor.blob.core.windows.net/biomapper/usviinsularshelf2017/videos/low/GV2016_428.mp4,Present,Absent,Absent,Absent,Present,Absent,Present,Present,Absent,Absent,Absent,,1,0,0,0,1,0,1,1,0,0,0,1,3,4,Pass,Pass,Pass,Pass,Pass,Pass,Pass,Pass,Pass,Pass,Pass,
REC1058,1057,1057,Benthic Habitat Maps for the Insular Shelf South of St. Thomas and St. John,"St. Thomas, USVI",GV,Ground Validation,HD Seaviewer Drop Camera,GV2016_429,2016-08-20,13:10:05,2016,8,18.27720552,-65.11158939,2070020.62,-7248188.976,2070020.619,-7248188.976,0.001,-27.89665031,27.897,https://nccospublicstor.blob.core.windows.net/biomapper/usviinsularshelf2017/videos/low/GV2016_429.mp4,Present,Absent,Absent,Absent,Present,Absent,Present,Present,Absent,Absent,Absent,,1,0,0,0,1,0,1,1,0,0,0,1,3,4,Pass,Pass,Pass,Pass,Pass,Pass,Pass,Pass,Pass,Pass,Pass,
REC1059,1058,1058,Benthic Habitat Maps for the Insular Shelf South of St. Thomas and St. John,Puerto Rico,GV,Ground Validation,HD Seaviewer Drop Camera,GV2016_430,2016-08-22,11:13:03,2016,8,18.20017997,-65.19891568,2060992.615,-7257910.094,2060992.615,-7257910.094,0.0,-32.22559357,32.226,https://nccospublicstor.blob.core.windows.net/biomapper/usviinsularshelf2017/videos/low/GV2016_430.mp4,Present,Absent,Absent,Absent,Present,Present,Present,Present,Absent,Absent,Absent,,1,0,0,0,1,1,1,1,0,0,0,1,4,5,Pass,Pass,Pass,Pass,Pass,Pass,Pass,Pass,Pass,Pass,Pass,
REC1060,1059,1059,Benthic Habitat Maps for the Insular Shelf South of St. Thomas and St. John,Puerto Rico,GV,Ground Validation,HD Seaviewer Drop Camera,GV2016_431,2016-08-25,11:08:19,2016,8,18.22674406,-65.15316486,2064105.685,-7252817.136,2064105.685,-7252817.136,0.0,-38.83385468,38.834,https://nccospublicstor.blob.core.windows.net/biomapper/usviinsularshelf2017/videos/low/GV2016_431.mp4,Absent,Absent,Present,Present,Absent,Absent,Present,Present,Absent,Absent,Absent,,0,0,1,1,0,0,1,1,0,0,0,2,2,4,Pass,Pass,Pass,Pass,Pass,Pass,Pass,Pass,Pass,Pass,Pass,
REC1061,1060,1060,Benthic Habitat Maps for the Insular Shelf South of St. Thomas and St. John,"St. Thomas, USVI",GV,Ground Validation,HD Seaviewer Drop Camera,GV2016_432,2016-08-27,13:18:58,2016,8,18.23947124,-65.00871603,2065597.363,-7236737.166,2065597.363,-7236737.166,0.0,-40.18474579,40.185,https://nccospublicstor.blob.core.windows.net/biomapper/usviinsularshelf2017/videos/low/GV2016_432.mp4,Absent,Absent,Present,Present,Absent,Absent,Present,Present,Absent,Absent,Absent,,0,0,1,1,0,0,1,1,0,0,0,2,2,4,Pass,Pass,Pass,Pass,Pass,Pass,Pass,Pass,Pass,Pass,Pass,
REC1062,1061,1061,Benthic Habitat Maps for the Insular Shelf South of St. Thomas and St. John,"St. Thomas, USVI",GV,Ground Validation,HD Seaviewer Drop Camera,GV2016_433,2016-08-20,12:09:02,2016,8,18.26264291,-65.06850766,2068313.46,-7243393.139,2068313.459,-7243393.139,0.001,-34.31853485,34.319,https://nccospublicstor.blob.core.windows.net/biomapper/usviinsularshelf2017/videos/low/GV2016_433.mp4,Absent,Absent,Present,Absent,Absent,Absent,Present,Present,Absent,Absent,Absent,,0,0,1,0,0,0,1,1,0,0,0,1,2,3,Pass,Pass,Pass,Pass,Pass,Pass,Pass,Pass,Pass,Pass,Pass,
REC1063,1062,1062,Benthic Habitat Maps for the Insular Shelf South of St. Thomas and St. John,"St. Thomas, USVI",GV,Ground Validation,HD Seaviewer Drop Camera,GV2016_434,2016-08-27,14:47:40,2016,8,18.25394044,-65.02944532,2067293.346,-7239044.74,2067293.346,-7239044.74,0.0,-35.75539398,35.755,https://nccospublicstor.blob.core.windows.net/biomapper/usviinsularshelf2017/videos/low/GV2016_434.mp4,Present,Absent,Present,Present,Present,Absent,Present,Present,Absent,Absent,Absent,,1,0,1,1,1,0,1,1,0,0,0,3,3,6,Pass,Pass,Pass,Pass,Pass,Pass,Pass,Pass,Pass,Pass,Pass,
REC1064,1063,1063,Benthic Habitat Maps for the Insular Shelf South of St. Thomas and St. John,Puerto Rico,GV,Ground Validation,HD Seaviewer Drop Camera,GV2016_435,2016-08-21,08:35:24,2016,8,18.15174317,-65.19298062,2055317.483,-7257249.406,2055317.483,-7257249.406,0.0,-37.23449707,37.234,https://nccospublicstor.blob.core.windows.net/biomapper/usviinsularshelf2017/videos/low/GV2016_435.mp4,Present,Absent,Absent,Absent,Present,Absent,Present,Present,Absent,Absent,Absent,Coral Bleaching,1,0,0,0,1,0,1,1,0,0,0,1,3,4,Pass,Pass,Pass,Pass,Pass,Pass,Pass,Pass,Pass,Pass,Pass,
REC1065,1064,1064,Benthic Habitat Maps for the Insular Shelf South of St. Thomas and St. John,"St. Thomas, USVI",GV,Ground Validation,HD Seaviewer Drop Camera,GV2016_436,2016-08-27,12:05:09,2016,8,18.27416213,-65.01351489,2069663.834,-7237271.372,2069663.834,-7237271.372,0.0,-33.36838913,33.368,https://nccospublicstor.blob.core.windows.net/biomapper/usviinsularshelf2017/videos/low/GV2016_436.mp4,Absent,Absent,Present,Absent,Absent,Absent,Present,Present,Absent,Absent,Absent,,0,0,1,0,0,0,1,1,0,0,0,1,2,3,Pass,Pass,Pass,Pass,Pass,Pass,Pass,Pass,Pass,Pass,Pass,
REC1066,1065,1065,Benthic Habitat Maps for the Insular Shelf South of St. Thomas and St. John,"St. John, USVI",GV,Ground Validation,HD Seaviewer Drop Camera,GV2016_437,2016-09-01,12:56:16,2016,9,18.29659101,-64.73615295,2072293.383,-7206395.582,2072293.383,-7206395.582,0.0,-28.90224266,28.902,https://nccospublicstor.blob.core.windows.net/biomapper/usviinsularshelf2017/videos/low/GV2016_437.mp4,Absent,Absent,Present,Present,Absent,Absent,Present,Present,Absent,Absent,Absent,,0,0,1,1,0,0,1,1,0,0,0,2,2,4,Pass,Pass,Pass,Pass,Pass,Pass,Pass,Pass,Pass,Pass,Pass,
REC1067,1066,1066,Benthic Habitat Maps for the Insular Shelf South of St. Thomas and St. John,"St. Thomas, USVI",GV,Ground Validation,HD Seaviewer Drop Camera,GV2016_439,2016-09-10,09:48:00,2016,9,18.25691794,-64.85238957,2067642.366,-7219334.984,2067642.366,-7219334.984,0.0,-37.78231049,37.782,https://nccospublicstor.blob.core.windows.net/biomapper/usviinsularshelf2017/videos/low/GV2016_439.mp4,Absent,Absent,Present,Present,Absent,Absent,Present,Present,Absent,Absent,Absent,Nurse Shark checkin it out,0,0,1,1,0,0,1,1,0,0,0,2,2,4,Pass,Pass,Pass,Pass,Pass,Pass,Pass,Pass,Pass,Pass,Pass,
REC1068,1067,1067,Benthic Habitat Maps for the Insular Shelf South of St. Thomas and St. John,"St. Thomas, USVI",GV,Ground Validation,HD Seaviewer Drop Camera,GV2016_440,2016-08-29,14:12:57,2016,8,18.23788828,-64.9802801,2065411.828,-7233571.692,2065411.828,-7233571.692,0.0,-40.1739502,40.174,https://nccospublicstor.blob.core.windows.net/biomapper/usviinsularshelf2017/videos/low/GV2016_440.mp4,Absent,Absent,Present,Present,Absent,Absent,Present,Present,Absent,Absent,Absent,,0,0,1,1,0,0,1,1,0,0,0,2,2,4,Pass,Pass,Pass,Pass,Pass,Pass,Pass,Pass,Pass,Pass,Pass,
REC1069,1068,1068,Benthic Habitat Maps for the Insular Shelf South of St. Thomas and St. John,"St. John, USVI",GV,Ground Validation,HD Seaviewer Drop Camera,GV2016_441,2016-09-12,10:35:19,2016,9,18.22895919,-64.66793845,2064365.3,-7198801.979,2064365.3,-7198801.979,0.0,-56.10419464,56.104,https://nccospublicstor.blob.core.windows.net/biomapper/usviinsularshelf2017/videos/low/GV2016_441.mp4,Absent,Present,Absent,Absent,Absent,Absent,Present,Present,Absent,Absent,Absent,,0,1,0,0,0,0,1,1,0,0,0,1,2,3,Pass,Pass,Pass,Pass,Pass,Pass,Pass,Pass,Pass,Pass,Pass,
REC1070,1069,1069,Benthic Habitat Maps for the Insular Shelf South of St. Thomas and St. John,"St. John, USVI",GV,Ground Validation,HD Seaviewer Drop Camera,GV2016_442,2016-09-12,10:43:20,2016,9,18.22357046,-64.67502423,2063733.743,-7199590.764,2063733.743,-7199590.764,0.0,-39.73923492,39.739,https://nccospublicstor.blob.core.windows.net/biomapper/usviinsularshelf2017/videos/low/GV2016_442.mp4,Absent,Present,Absent,Absent,Present,Present,Present,Present,Absent,Absent,Absent,,0,1,0,0,1,1,1,1,0,0,0,1,4,5,Pass,Pass,Pass,Pass,Pass,Pass,Pass,Pass,Pass,Pass,Pass,
REC1071,1070,1070,Benthic Habitat Maps for the Insular Shelf South of St. Thomas and St. John,"St. John, USVI",GV,Ground Validation,HD Seaviewer Drop Camera,GV2016_443,2016-09-12,11:26:58,2016,9,18.21387238,-64.70164194,2062597.182,-7202553.834,2062597.182,-7202553.834,0.0,-55.79101181,55.791,https://nccospublicstor.blob.core.windows.net/biomapper/usviinsularshelf2017/videos/low/GV2016_443.mp4,Absent,Present,Absent,Absent,Present,Absent,Present,Present,Absent,Absent,Absent,,0,1,0,0,1,0,1,1,0,0,0,1,3,4,Pass,Pass,Pass,Pass,Pass,Pass,Pass,Pass,Pass,Pass,Pass,
REC1072,1071,1071,Benthic Habitat Maps for the Insular Shelf South of St. Thomas and St. John,Puerto Rico,GV,Ground Validation,HD Seaviewer Drop Camera,GV2016_445,2016-08-21,14:09:36,2016,8,18.18379621,-65.23529083,2059072.824,-7261959.357,2059072.824,-7261959.357,0.0,-23.81072426,23.811,https://nccospublicstor.blob.core.windows.net/biomapper/usviinsularshelf2017/videos/low/GV2016_445.mp4,Present,Absent,Absent,Present,Present,Present,Present,Present,Absent,Absent,Absent,amazing coral cover!,1,0,0,1,1,1,1,1,0,0,0,2,4,6,Pass,Pass,Pass,Pass,Pass,Pass,Pass,Pass,Pass,Pass,Pass,
REC1073,1072,1072,Benthic Habitat Maps for the Insular Shelf South of St. Thomas and St. John,"St. Thomas, USVI",GV,Ground Validation,HD Seaviewer Drop Camera,GV2016_446,2016-08-27,09:48:59,2016,8,18.22214006,-65.09181586,2063566.104,-7245987.796,2063566.104,-7245987.796,0.0,-35.36614609,35.366,https://nccospublicstor.blob.core.windows.net/biomapper/usviinsularshelf2017/videos/low/GV2016_446.mp4,Present,Absent,Absent,Absent,Present,Present,Present,Present,Absent,Absent,Absent,,1,0,0,0,1,1,1,1,0,0,0,1,4,5,Pass,Pass,Pass,Pass,Pass,Pass,Pass,Pass,Pass,Pass,Pass,
REC1074,1073,1073,Benthic Habitat Maps for the Insular Shelf South of St. Thomas and St. John,"St. John, USVI",GV,Ground Validation,HD Seaviewer Drop Camera,GV2016_447,2016-09-13,12:18:33,2016,9,18.22727742,-64.80357139,2064168.195,-7213900.569,2064168.195,-7213900.569,0.0,-55.27455139,55.275,https://nccospublicstor.blob.core.windows.net/biomapper/usviinsularshelf2017/videos/low/GV2016_447.mp4,Absent,Absent,Present,Present,Absent,Absent,Present,Present,Absent,Absent,Absent,,0,0,1,1,0,0,1,1,0,0,0,2,2,4,Pass,Pass,Pass,Pass,Pass,Pass,Pass,Pass,Pass,Pass,Pass,
REC1075,1074,1074,Benthic Habitat Maps for the Insular Shelf South of St. Thomas and St. John,Puerto Rico,GV,Ground Validation,HD Seaviewer Drop Camera,GV2016_448,2016-08-23,13:36:59,2016,8,18.18360977,-65.17766343,2059050.978,-7255544.304,2059050.978,-7255544.304,0.0,-39.7981987,39.798,https://nccospublicstor.blob.core.windows.net/biomapper/usviinsularshelf2017/videos/low/GV2016_448.mp4,Present,Absent,Absent,Absent,Present,Present,Present,Present,Absent,Absent,Absent,,1,0,0,0,1,1,1,1,0,0,0,1,4,5,Pass,Pass,Pass,Pass,Pass,Pass,Pass,Pass,Pass,Pass,Pass,
REC1076,1075,1075,Benthic Habitat Maps for the Insular Shelf South of St. Thomas and St. John,"St. Thomas, USVI",GV,Ground Validation,HD Seaviewer Drop Camera,GV2016_449,2016-09-09,12:48:19,2016,9,18.22540605,-64.84549212,2063948.871,-7218567.163,2063948.871,-7218567.163,0.0,-45.38083649,45.381,https://nccospublicstor.blob.core.windows.net/biomapper/usviinsularshelf2017/videos/low/GV2016_449.mp4,Absent,Absent,Present,Absent,Absent,Absent,Present,Present,Absent,Absent,Absent,,0,0,1,0,0,0,1,1,0,0,0,1,2,3,Pass,Pass,Pass,Pass,Pass,Pass,Pass,Pass,Pass,Pass,Pass,
REC1077,1076,1076,Benthic Habitat Maps for the Insular Shelf South of St. Thomas and St. John,"St. Thomas, USVI",GV,Ground Validation,HD Seaviewer Drop Camera,GV2016_450,2016-08-30,09:07:12,2016,8,18.24215038,-64.98768486,2065911.384,-7234395.986,2065911.383,-7234395.986,0.001,-40.59263611,40.593,https://nccospublicstor.blob.core.windows.net/biomapper/usviinsularshelf2017/videos/low/GV2016_450.mp4,Absent,Absent,Absent,Present,Absent,Absent,Present,Present,Absent,Absent,Absent,,0,0,0,1,0,0,1,1,0,0,0,1,2,3,Pass,Pass,Pass,Pass,Pass,Pass,Pass,Pass,Pass,Pass,Pass,
REC1078,1077,1077,Benthic Habitat Maps for the Insular Shelf South of St. Thomas and St. John,"St. Thomas, USVI",GV,Ground Validation,HD Seaviewer Drop Camera,GV2016_451,2016-08-28,09:09:52,2016,8,18.19363559,-64.87395336,2060225.746,-7221735.454,2060225.746,-7221735.454,0.0,-38.93651581,38.937,https://nccospublicstor.blob.core.windows.net/biomapper/usviinsularshelf2017/videos/low/GV2016_451.mp4,Present,Absent,Absent,Absent,Present,Absent,Present,Present,Absent,Absent,Absent,"High coral Cover >75%, Lionfish, parrotfish and Surgeonfish.",1,0,0,0,1,0,1,1,0,0,0,1,3,4,Pass,Pass,Pass,Pass,Pass,Pass,Pass,Pass,Pass,Pass,Pass,
REC1079,1078,1078,Benthic Habitat Maps for the Insular Shelf South of St. Thomas and St. John,"St. Thomas, USVI",GV,Ground Validation,HD Seaviewer Drop Camera,GV2016_452,2016-08-28,11:09:59,2016,8,18.19636962,-64.90665777,2060546.116,-7225376.092,2060546.115,-7225376.092,0.001,-50.95330811,50.953,https://nccospublicstor.blob.core.windows.net/biomapper/usviinsularshelf2017/videos/low/GV2016_452.mp4,Absent,Absent,Present,Absent,Present,Absent,Present,Present,Absent,Absent,Absent,,0,0,1,0,1,0,1,1,0,0,0,1,3,4,Pass,Pass,Pass,Pass,Pass,Pass,Pass,Pass,Pass,Pass,Pass,
REC1080,1079,1079,Benthic Habitat Maps for the Insular Shelf South of St. Thomas and St. John,"St. Thomas, USVI",GV,Ground Validation,HD Seaviewer Drop Camera,GV2016_453,2016-08-28,10:19:12,2016,8,18.18415209,-64.9140385,2059114.523,-7226197.711,2059114.523,-7226197.711,0.0,-56.57580566,56.576,https://nccospublicstor.blob.core.windows.net/biomapper/usviinsularshelf2017/videos/low/GV2016_453.mp4,Absent,Absent,Present,Absent,Absent,Absent,Present,Present,Absent,Absent,Absent,,0,0,1,0,0,0,1,1,0,0,0,1,2,3,Pass,Pass,Pass,Pass,Pass,Pass,Pass,Pass,Pass,Pass,Pass,
REC1081,1080,1080,Benthic Habitat Maps for the Insular Shelf South of St. Thomas and St. John,Puerto Rico,GV,Ground Validation,HD Seaviewer Drop Camera,GV2016_454,2016-08-22,11:48:35,2016,8,18.21622623,-65.19479598,2062873.034,-7257451.491,2062873.034,-7257451.491,0.0,-30.04290199,30.043,https://nccospublicstor.blob.core.windows.net/biomapper/usviinsularshelf2017/videos/low/GV2016_454.mp4,Present,Absent,Absent,Absent,Present,Present,Present,Present,Absent,Absent,Absent,,1,0,0,0,1,1,1,1,0,0,0,1,4,5,Pass,Pass,Pass,Pass,Pass,Pass,Pass,Pass,Pass,Pass,Pass,
REC1082,1081,1081,Benthic Habitat Maps for the Insular Shelf South of St. Thomas and St. John,"St. Thomas, USVI",GV,Ground Validation,HD Seaviewer Drop Camera,GV2016_455,2016-08-20,12:14:57,2016,8,18.26394243,-65.08261687,2068465.795,-7244963.77,2068465.795,-7244963.769,0.001,-34.71806335,34.718,https://nccospublicstor.blob.core.windows.net/biomapper/usviinsularshelf2017/videos/low/GV2016_455.mp4,Present,Absent,Absent,Present,Present,Present,Present,Present,Absent,Absent,Absent,,1,0,0,1,1,1,1,1,0,0,0,2,4,6,Pass,Pass,Pass,Pass,Pass,Pass,Pass,Pass,Pass,Pass,Pass,
REC1083,1082,1082,Benthic Habitat Maps for the Insular Shelf South of St. Thomas and St. John,"St. John, USVI",GV,Ground Validation,HD Seaviewer Drop Camera,GV2016_456,2016-09-16,15:23:58,2016,9,18.19387162,-64.75605649,2060253.403,-7208611.234,2060253.403,-7208611.234,0.0,-55.12279129,55.123,https://nccospublicstor.blob.core.windows.net/biomapper/usviinsularshelf2017/videos/low/GV2016_456.mp4,Absent,Present,Absent,Absent,Present,Absent,Present,Present,Absent,Absent,Absent,,0,1,0,0,1,0,1,1,0,0,0,1,3,4,Pass,Pass,Pass,Pass,Pass,Pass,Pass,Pass,Pass,Pass,Pass,
REC1084,1083,1083,Benthic Habitat Maps for the Insular Shelf South of St. Thomas and St. John,"St. John, USVI",GV,Ground Validation,HD Seaviewer Drop Camera,GV2016_457,2016-09-12,09:39:25,2016,9,18.2586695,-64.65945483,2067847.685,-7197857.587,2067847.686,-7197857.587,0.001,-41.77772903,41.778,https://nccospublicstor.blob.core.windows.net/biomapper/usviinsularshelf2017/videos/low/GV2016_457.mp4,Present,Absent,Absent,Present,Present,Absent,Present,Present,Absent,Absent,Absent,,1,0,0,1,1,0,1,1,0,0,0,2,3,5,Pass,Pass,Pass,Pass,Pass,Pass,Pass,Pass,Pass,Pass,Pass,
REC1085,1084,1084,Benthic Habitat Maps for the Insular Shelf South of St. Thomas and St. John,"St. John, USVI",GV,Ground Validation,HD Seaviewer Drop Camera,GV2016_458,2016-08-31,10:15:04,2016,8,18.29349769,-64.78990407,2071930.704,-7212379.13,2071930.704,-7212379.13,0.0,-28.44344521,28.443,https://nccospublicstor.blob.core.windows.net/biomapper/usviinsularshelf2017/videos/low/GV2016_458.mp4,Absent,Absent,Present,Present,Absent,Absent,Present,Present,Absent,Absent,Absent,,0,0,1,1,0,0,1,1,0,0,0,2,2,4,Pass,Pass,Pass,Pass,Pass,Pass,Pass,Pass,Pass,Pass,Pass,
REC1086,1085,1085,Benthic Habitat Maps for the Insular Shelf South of St. Thomas and St. John,"St. John, USVI",GV,Ground Validation,HD Seaviewer Drop Camera,GV2016_460,2016-09-12,11:40:31,2016,9,18.20929262,-64.70679675,2062060.481,-7203127.665,2062060.481,-7203127.665,0.0,-55.50782394,55.508,https://nccospublicstor.blob.core.windows.net/biomapper/usviinsularshelf2017/videos/low/GV2016_460.mp4,Absent,Present,Absent,Absent,Present,Absent,Present,Present,Absent,Absent,Absent,,0,1,0,0,1,0,1,1,0,0,0,1,3,4,Pass,Pass,Pass,Pass,Pass,Pass,Pass,Pass,Pass,Pass,Pass,
REC1087,1086,1086,Benthic Habitat Maps for the Insular Shelf South of St. Thomas and St. John,"St. John, USVI",GV,Ground Validation,HD Seaviewer Drop Camera,GV2016_461,2016-09-12,13:10:52,2016,9,18.23815794,-64.67078942,2065443.434,-7199119.347,2065443.434,-7199119.347,0.0,-54.56214142,54.562,https://nccospublicstor.blob.core.windows.net/biomapper/usviinsularshelf2017/videos/low/GV2016_461.mp4,Absent,Present,Present,Absent,Present,Absent,Present,Present,Absent,Absent,Absent,,0,1,1,0,1,0,1,1,0,0,0,2,3,5,Pass,Pass,Pass,Pass,Pass,Pass,Pass,Pass,Pass,Pass,Pass,
REC1088,1087,1087,Benthic Habitat Maps for the Insular Shelf South of St. Thomas and St. John,"St. John, USVI",GV,Ground Validation,HD Seaviewer Drop Camera,GV2016_462,2016-09-13,11:03:14,2016,9,18.23552065,-64.77667214,2065134.326,-7210906.158,2065134.326,-7210906.158,0.0,-50.60392761,50.604,https://nccospublicstor.blob.core.windows.net/biomapper/usviinsularshelf2017/videos/low/GV2016_462.mp4,Absent,Absent,Present,Absent,Absent,Absent,Present,Present,Absent,Absent,Absent,,0,0,1,0,0,0,1,1,0,0,0,1,2,3,Pass,Pass,Pass,Pass,Pass,Pass,Pass,Pass,Pass,Pass,Pass,
REC1089,1088,1088,Benthic Habitat Maps for the Insular Shelf South of St. Thomas and St. John,Puerto Rico,GV,Ground Validation,HD Seaviewer Drop Camera,GV2016_463,2016-08-23,09:50:14,2016,8,18.20892964,-65.17365109,2062017.944,-7255097.652,2062017.944,-7255097.652,0.001,-34.11080551,34.111,https://nccospublicstor.blob.core.windows.net/biomapper/usviinsularshelf2017/videos/low/GV2016_463.mp4,Present,Absent,Absent,Absent,Present,Present,Present,Present,Absent,Absent,Absent,,1,0,0,0,1,1,1,1,0,0,0,1,4,5,Pass,Pass,Pass,Pass,Pass,Pass,Pass,Pass,Pass,Pass,Pass,
REC1090,1089,1089,Benthic Habitat Maps for the Insular Shelf South of St. Thomas and St. John,"St. Thomas, USVI",GV,Ground Validation,HD Seaviewer Drop Camera,GV2016_464,2016-08-30,13:05:26,2016,8,18.27412612,-64.84935443,2069659.613,-7218997.113,2069659.613,-7218997.113,0.001,-27.98667526,27.987,https://nccospublicstor.blob.core.windows.net/biomapper/usviinsularshelf2017/videos/low/GV2016_464.mp4,Absent,Absent,Present,Present,Absent,Absent,Present,Present,Absent,Absent,Absent,,0,0,1,1,0,0,1,1,0,0,0,2,2,4,Pass,Pass,Pass,Pass,Pass,Pass,Pass,Pass,Pass,Pass,Pass,
REC1091,1090,1090,Benthic Habitat Maps for the Insular Shelf South of St. Thomas and St. John,"St. Thomas, USVI",GV,Ground Validation,HD Seaviewer Drop Camera,GV2016_465,2016-08-27,13:47:02,2016,8,18.2311865,-65.02357587,2064626.345,-7238391.355,2064626.345,-7238391.355,0.0,-40.34693909,40.347,https://nccospublicstor.blob.core.windows.net/biomapper/usviinsularshelf2017/videos/low/GV2016_465.mp4,Absent,Absent,Present,Present,Absent,Absent,Present,Present,Absent,Absent,Absent,,0,0,1,1,0,0,1,1,0,0,0,2,2,4,Pass,Pass,Pass,Pass,Pass,Pass,Pass,Pass,Pass,Pass,Pass,
REC1092,1091,1091,Benthic Habitat Maps for the Insular Shelf South of St. Thomas and St. John,Puerto Rico,GV,Ground Validation,HD Seaviewer Drop Camera,GV2016_467,2016-08-22,10:09:37,2016,8,18.17018159,-65.19973185,2057477.648,-7258000.949,2057477.648,-7258000.949,0.0,-40.6799202,40.68,https://nccospublicstor.blob.core.windows.net/biomapper/usviinsularshelf2017/videos/low/GV2016_467.mp4,Present,Absent,Absent,Absent,Present,Present,Present,Absent,Absent,Absent,Absent,,1,0,0,0,1,1,1,0,0,0,0,1,3,4,Pass,Pass,Pass,Pass,Pass,Pass,Pass,Pass,Pass,Pass,Pass,
REC1093,1092,1092,Benthic Habitat Maps for the Insular Shelf South of St. Thomas and St. John,"St. John, USVI",GV,Ground Validation,HD Seaviewer Drop Camera,GV2016_468,2016-09-12,08:20:59,2016,9,18.26146806,-64.7200957,2068175.739,-7204608.097,2068175.739,-7204608.097,0.0,-47.1973877,47.197,https://nccospublicstor.blob.core.windows.net/biomapper/usviinsularshelf2017/videos/low/GV2016_468.mp4,Absent,Absent,Present,Absent,Absent,Absent,Present,Present,Absent,Absent,Absent,,0,0,1,0,0,0,1,1,0,0,0,1,2,3,Pass,Pass,Pass,Pass,Pass,Pass,Pass,Pass,Pass,Pass,Pass,
REC1094,1093,1093,Benthic Habitat Maps for the Insular Shelf South of St. Thomas and St. John,Puerto Rico,GV,Ground Validation,HD Seaviewer Drop Camera,GV2016_469,2016-08-22,10:30:03,2016,8,18.1876421,-65.20218371,2059523.455,-7258273.889,2059523.455,-7258273.889,0.0,-38.30547714,38.305,https://nccospublicstor.blob.core.windows.net/biomapper/usviinsularshelf2017/videos/low/GV2016_469.mp4,Present,Absent,Absent,Absent,Present,Absent,Present,Present,Absent,Absent,Absent,Some coral colonies with coral bleaching,1,0,0,0,1,0,1,1,0,0,0,1,3,4,Pass,Pass,Pass,Pass,Pass,Pass,Pass,Pass,Pass,Pass,Pass,
REC1095,1094,1094,Benthic Habitat Maps for the Insular Shelf South of St. Thomas and St. John,"St. Thomas, USVI",GV,Ground Validation,HD Seaviewer Drop Camera,GV2016_470,2016-08-28,09:25:15,2016,8,18.18789581,-64.88112399,2059553.184,-7222533.685,2059553.183,-7222533.685,0.001,-48.34493256,48.345,https://nccospublicstor.blob.core.windows.net/biomapper/usviinsularshelf2017/videos/low/GV2016_470.mp4,Absent,Absent,Present,Absent,Present,Absent,Present,Present,Absent,Absent,Absent,,0,0,1,0,1,0,1,1,0,0,0,1,3,4,Pass,Pass,Pass,Pass,Pass,Pass,Pass,Pass,Pass,Pass,Pass,
REC1096,1095,1095,Benthic Habitat Maps for the Insular Shelf South of St. Thomas and St. John,"St. Thomas, USVI",GV,Ground Validation,HD Seaviewer Drop Camera,GV2016_471,2016-08-27,12:48:41,2016,8,18.25466049,-65.00885405,2067377.749,-7236752.53,2067377.749,-7236752.53,0.0,-39.34670258,39.347,https://nccospublicstor.blob.core.windows.net/biomapper/usviinsularshelf2017/videos/low/GV2016_471.mp4,Absent,Absent,Present,Absent,Absent,Absent,Present,Present,Absent,Absent,Absent,,0,0,1,0,0,0,1,1,0,0,0,1,2,3,Pass,Pass,Pass,Pass,Pass,Pass,Pass,Pass,Pass,Pass,Pass,
REC1097,1096,1096,Benthic Habitat Maps for the Insular Shelf South of St. Thomas and St. John,Puerto Rico,GV,Ground Validation,HD Seaviewer Drop Camera,GV2016_472,2016-08-21,13:06:17,2016,8,18.15740958,-65.24582463,2055981.31,-7263131.974,2055981.31,-7263131.974,0.0,-32.13704681,32.137,https://nccospublicstor.blob.core.windows.net/biomapper/usviinsularshelf2017/videos/low/GV2016_472.mp4,Absent,Absent,Present,Absent,Present,Absent,Present,Present,Absent,Absent,Absent,,0,0,1,0,1,0,1,1,0,0,0,1,3,4,Pass,Pass,Pass,Pass,Pass,Pass,Pass,Pass,Pass,Pass,Pass,
REC1098,1097,1097,Benthic Habitat Maps for the Insular Shelf South of St. Thomas and St. John,"St. Thomas, USVI",GV,Ground Validation,HD Seaviewer Drop Camera,GV2016_473,2016-09-13,13:10:43,2016,9,18.23689848,-64.81345033,2065295.816,-7215000.287,2065295.816,-7215000.287,0.0,-49.48509216,49.485,https://nccospublicstor.blob.core.windows.net/biomapper/usviinsularshelf2017/videos/low/GV2016_473.mp4,Absent,Absent,Present,Absent,Absent,Absent,Present,Present,Absent,Absent,Absent,,0,0,1,0,0,0,1,1,0,0,0,1,2,3,Pass,Pass,Pass,Pass,Pass,Pass,Pass,Pass,Pass,Pass,Pass,
REC1099,1098,1098,Benthic Habitat Maps for the Insular Shelf South of St. Thomas and St. John,"St. Thomas, USVI",GV,Ground Validation,HD Seaviewer Drop Camera,GV2016_474,2016-08-30,10:05:24,2016,8,18.25671522,-64.97258454,2067618.603,-7232715.026,2067618.603,-7232715.027,0.001,-37.24866104,37.249,https://nccospublicstor.blob.core.windows.net/biomapper/usviinsularshelf2017/videos/low/GV2016_474.mp4,Absent,Absent,Present,Present,Absent,Absent,Present,Present,Absent,Absent,Absent,,0,0,1,1,0,0,1,1,0,0,0,2,2,4,Pass,Pass,Pass,Pass,Pass,Pass,Pass,Pass,Pass,Pass,Pass,
REC1100,1099,1099,Benthic Habitat Maps for the Insular Shelf South of St. Thomas and St. John,"St. John, USVI",GV,Ground Validation,HD Seaviewer Drop Camera,GV2016_475,2016-09-10,12:38:09,2016,9,18.28302957,-64.72767402,2070703.407,-7205451.712,2070703.407,-7205451.712,0.0,-35.96790314,35.968,https://nccospublicstor.blob.core.windows.net/biomapper/usviinsularshelf2017/videos/low/GV2016_475.mp4,Absent,Absent,Present,Present,Absent,Absent,Present,Present,Absent,Absent,Absent,Queen conch or hermit crab foraging,0,0,1,1,0,0,1,1,0,0,0,2,2,4,Pass,Pass,Pass,Pass,Pass,Pass,Pass,Pass,Pass,Pass,Pass,
REC1101,1100,1100,Benthic Habitat Maps for the Insular Shelf South of St. Thomas and St. John,"St. Thomas, USVI",GV,Ground Validation,HD Seaviewer Drop Camera,GV2016_476,2016-09-16,10:15:03,2016,9,18.21162375,-64.81164084,2062333.664,-7214798.856,2062333.664,-7214798.856,0.0,-51.92267227,51.923,https://nccospublicstor.blob.core.windows.net/biomapper/usviinsularshelf2017/videos/low/GV2016_476.mp4,Absent,Absent,Present,Absent,Present,Absent,Present,Present,Absent,Absent,Absent,,0,0,1,0,1,0,1,1,0,0,0,1,3,4,Pass,Pass,Pass,Pass,Pass,Pass,Pass,Pass,Pass,Pass,Pass,
REC1102,1101,1101,Benthic Habitat Maps for the Insular Shelf South of St. Thomas and St. John,"St. John, USVI",GV,Ground Validation,HD Seaviewer Drop Camera,GV2016_477,2016-09-10,10:58:28,2016,9,18.26528934,-64.76929333,2068623.687,-7210084.753,2068623.687,-7210084.753,0.0,-43.65542221,43.655,https://nccospublicstor.blob.core.windows.net/biomapper/usviinsularshelf2017/videos/low/GV2016_477.mp4,Absent,Absent,Present,Present,Absent,Absent,Present,Present,Absent,Absent,Absent,,0,0,1,1,0,0,1,1,0,0,0,2,2,4,Pass,Pass,Pass,Pass,Pass,Pass,Pass,Pass,Pass,Pass,Pass,
REC1103,1102,1102,Benthic Habitat Maps for the Insular Shelf South of St. Thomas and St. John,"St. John, USVI",GV,Ground Validation,HD Seaviewer Drop Camera,GV2016_478,2016-09-16,11:13:18,2016,9,18.19407318,-64.79849392,2060277.022,-7213335.347,2060277.022,-7213335.347,0.0,-55.18706131,55.187,https://nccospublicstor.blob.core.windows.net/biomapper/usviinsularshelf2017/videos/low/GV2016_478.mp4,Absent,Present,Present,Absent,Present,Absent,Present,Present,Absent,Absent,Absent,,0,1,1,0,1,0,1,1,0,0,0,2,3,5,Pass,Pass,Pass,Pass,Pass,Pass,Pass,Pass,Pass,Pass,Pass,
REC1104,1103,1103,Benthic Habitat Maps for the Insular Shelf South of St. Thomas and St. John,Puerto Rico,GV,Ground Validation,HD Seaviewer Drop Camera,GV2016_479,2016-08-23,13:25:19,2016,8,18.17512467,-65.17274602,2058056.796,-7254996.901,2058056.796,-7254996.901,0.001,-42.25199127,42.252,https://nccospublicstor.blob.core.windows.net/biomapper/usviinsularshelf2017/videos/low/GV2016_479.mp4,Present,Absent,Absent,Absent,Present,Present,Present,Present,Absent,Absent,Absent,,1,0,0,0,1,1,1,1,0,0,0,1,4,5,Pass,Pass,Pass,Pass,Pass,Pass,Pass,Pass,Pass,Pass,Pass,
REC1105,1104,1104,Benthic Habitat Maps for the Insular Shelf South of St. Thomas and St. John,"St. Thomas, USVI",GV,Ground Validation,HD Seaviewer Drop Camera,GV2016_481,2016-08-28,12:48:55,2016,8,18.21519403,-64.89250953,2062752.068,-7223801.117,2062752.068,-7223801.117,0.0,-44.98276138,44.983,https://nccospublicstor.blob.core.windows.net/biomapper/usviinsularshelf2017/videos/low/GV2016_481.mp4,Present,Absent,Present,Absent,Absent,Absent,Present,Present,Absent,Absent,Absent,,1,0,1,0,0,0,1,1,0,0,0,2,2,4,Pass,Pass,Pass,Pass,Pass,Pass,Pass,Pass,Pass,Pass,Pass,
REC1106,1105,1105,Benthic Habitat Maps for the Insular Shelf South of St. Thomas and St. John,Puerto Rico,GV,Ground Validation,HD Seaviewer Drop Camera,GV2016_482,2016-08-21,10:16:21,2016,8,18.12803093,-65.179403,2052539.795,-7255737.952,2052539.795,-7255737.952,0.0,-40.7858696,40.786,https://nccospublicstor.blob.core.windows.net/biomapper/usviinsularshelf2017/videos/low/GV2016_482.mp4,Absent,Present,Absent,Absent,Present,Present,Present,Present,Absent,Absent,Absent,sponge haven,0,1,0,0,1,1,1,1,0,0,0,1,4,5,Pass,Pass,Pass,Pass,Pass,Pass,Pass,Pass,Pass,Pass,Pass,
REC1107,1106,1106,Benthic Habitat Maps for the Insular Shelf South of St. Thomas and St. John,"St. Thomas, USVI",GV,Ground Validation,HD Seaviewer Drop Camera,GV2016_483,2016-08-28,09:37:09,2016,8,18.18625458,-64.88769514,2059360.875,-7223265.182,2059360.875,-7223265.182,0.0,-51.7771225,51.777,https://nccospublicstor.blob.core.windows.net/biomapper/usviinsularshelf2017/videos/low/GV2016_483.mp4,Absent,Absent,Present,Absent,Absent,Absent,Present,Absent,Absent,Absent,Absent,,0,0,1,0,0,0,1,0,0,0,0,1,1,2,Pass,Pass,Pass,Pass,Pass,Pass,Pass,Pass,Pass,Pass,Pass,
REC1108,1107,1107,Benthic Habitat Maps for the Insular Shelf South of St. Thomas and St. John,"St. John, USVI",GV,Ground Validation,HD Seaviewer Drop Camera,GV2016_484,2016-08-31,10:33:13,2016,8,18.28151474,-64.79522908,2070525.812,-7212971.907,2070525.812,-7212971.907,0.0,-32.83546829,32.835,https://nccospublicstor.blob.core.windows.net/biomapper/usviinsularshelf2017/videos/low/GV2016_484.mp4,Absent,Absent,Present,Present,Absent,Absent,Present,Present,Absent,Absent,Absent,,0,0,1,1,0,0,1,1,0,0,0,2,2,4,Pass,Pass,Pass,Pass,Pass,Pass,Pass,Pass,Pass,Pass,Pass,
REC1109,1108,1108,Benthic Habitat Maps for the Insular Shelf South of St. Thomas and St. John,"St. Thomas, USVI",GV,Ground Validation,HD Seaviewer Drop Camera,GV2016_485,2016-08-29,11:27:32,2016,8,18.23730067,-64.90422697,2065342.956,-7225105.497,2065342.956,-7225105.497,0.0,-41.91533279,41.915,https://nccospublicstor.blob.core.windows.net/biomapper/usviinsularshelf2017/videos/low/GV2016_485.mp4,Absent,Absent,Present,Present,Absent,Absent,Present,Present,Absent,Present,Absent,Derelict Trap,0,0,1,1,0,0,1,1,0,1,0,2,2,5,Pass,Pass,Pass,Pass,Pass,Pass,Pass,Pass,Pass,Pass,Pass,
REC1110,1109,1109,Benthic Habitat Maps for the Insular Shelf South of St. Thomas and St. John,"St. Thomas, USVI",GV,Ground Validation,HD Seaviewer Drop Camera,GV2016_486,2016-08-26,12:44:15,2016,8,18.20862461,-65.06034767,2061982.198,-7242484.774,2061982.199,-7242484.773,0.001,-41.64600754,41.646,https://nccospublicstor.blob.core.windows.net/biomapper/usviinsularshelf2017/videos/low/GV2016_486.mp4,Present,Absent,Absent,Present,Present,Absent,Present,Present,Absent,Absent,Absent,,1,0,0,1,1,0,1,1,0,0,0,2,3,5,Pass,Pass,Pass,Pass,Pass,Pass,Pass,Pass,Pass,Pass,Pass,
REC1111,1110,1110,Benthic Habitat Maps for the Insular Shelf South of St. Thomas and St. John,"St. Thomas, USVI",GV,Ground Validation,HD Seaviewer Drop Camera,GV2016_487,2016-08-30,11:43:21,2016,8,18.27170344,-64.95151088,2069375.599,-7230369.117,2069375.599,-7230369.117,0.001,-35.10298538,35.103,https://nccospublicstor.blob.core.windows.net/biomapper/usviinsularshelf2017/videos/low/GV2016_487.mp4,Absent,Absent,Present,Present,Absent,Absent,Present,Present,Absent,Absent,Absent,,0,0,1,1,0,0,1,1,0,0,0,2,2,4,Pass,Pass,Pass,Pass,Pass,Pass,Pass,Pass,Pass,Pass,Pass,
REC1112,1111,1111,Benthic Habitat Maps for the Insular Shelf South of St. Thomas and St. John,"St. Thomas, USVI",GV,Ground Validation,HD Seaviewer Drop Camera,GV2016_488,2016-08-28,12:35:52,2016,8,18.20606175,-64.88793069,2061681.865,-7223291.403,2061681.865,-7223291.403,0.0,-47.24318695,47.243,https://nccospublicstor.blob.core.windows.net/biomapper/usviinsularshelf2017/videos/low/GV2016_488.mp4,Absent,Present,Present,Absent,Present,Absent,Present,Present,Absent,Absent,Absent,,0,1,1,0,1,0,1,1,0,0,0,2,3,5,Pass,Pass,Pass,Pass,Pass,Pass,Pass,Pass,Pass,Pass,Pass,
REC1113,1112,1112,Benthic Habitat Maps for the Insular Shelf South of St. Thomas and St. John,"St. Thomas, USVI",GV,Ground Validation,HD Seaviewer Drop Camera,GV2016_489,2016-08-26,08:41:32,2016,8,18.20884173,-64.93072558,2062007.642,-7228055.308,2062007.642,-7228055.308,0.001,-44.87363815,44.874,https://nccospublicstor.blob.core.windows.net/biomapper/usviinsularshelf2017/videos/low/GV2016_489.mp4,Present,Absent,Absent,Absent,Present,Absent,Present,Present,Absent,Absent,Absent,,1,0,0,0,1,0,1,1,0,0,0,1,3,4,Pass,Pass,Pass,Pass,Pass,Pass,Pass,Pass,Pass,Pass,Pass,
REC1114,1113,1113,Benthic Habitat Maps for the Insular Shelf South of St. Thomas and St. John,"St. Thomas, USVI",GV,Ground Validation,HD Seaviewer Drop Camera,GV2016_490,2016-08-29,11:20:51,2016,8,18.23563249,-64.89730804,2065147.434,-7224335.285,2065147.434,-7224335.285,0.0,-42.42335129,42.423,https://nccospublicstor.blob.core.windows.net/biomapper/usviinsularshelf2017/videos/low/GV2016_490.mp4,Absent,Absent,Absent,Present,Absent,Absent,Present,Present,Absent,Absent,Absent,,0,0,0,1,0,0,1,1,0,0,0,1,2,3,Pass,Pass,Pass,Pass,Pass,Pass,Pass,Pass,Pass,Pass,Pass,
REC1115,1114,1114,Benthic Habitat Maps for the Insular Shelf South of St. Thomas and St. John,"St. Thomas, USVI",GV,Ground Validation,HD Seaviewer Drop Camera,GV2016_491,2016-08-28,10:25:37,2016,8,18.19445255,-64.91784407,2060321.475,-7226621.345,2060321.476,-7226621.345,0.001,-53.45118713,53.451,https://nccospublicstor.blob.core.windows.net/biomapper/usviinsularshelf2017/videos/low/GV2016_491.mp4,Absent,Absent,Present,Absent,Absent,Absent,Present,Present,Absent,Absent,Absent,,0,0,1,0,0,0,1,1,0,0,0,1,2,3,Pass,Pass,Pass,Pass,Pass,Pass,Pass,Pass,Pass,Pass,Pass,
REC1116,1115,1115,Benthic Habitat Maps for the Insular Shelf South of St. Thomas and St. John,"St. Thomas, USVI",GV,Ground Validation,HD Seaviewer Drop Camera,GV2016_492,2016-08-27,13:51:50,2016,8,18.23450131,-65.02702324,2065014.854,-7238775.115,2065014.854,-7238775.115,0.0,-39.85899735,39.859,https://nccospublicstor.blob.core.windows.net/biomapper/usviinsularshelf2017/videos/low/GV2016_492.mp4,Absent,Absent,Present,Present,Absent,Absent,Present,Present,Absent,Absent,Absent,,0,0,1,1,0,0,1,1,0,0,0,2,2,4,Pass,Pass,Pass,Pass,Pass,Pass,Pass,Pass,Pass,Pass,Pass,
REC1117,1116,1116,Benthic Habitat Maps for the Insular Shelf South of St. Thomas and St. John,"St. John, USVI",GV,Ground Validation,HD Seaviewer Drop Camera,GV2016_493,2016-09-16,10:47:13,2016,9,18.20246179,-64.80743995,2061260.005,-7214331.215,2061260.005,-7214331.215,0.0,-54.25819397,54.258,https://nccospublicstor.blob.core.windows.net/biomapper/usviinsularshelf2017/videos/low/GV2016_493.mp4,Absent,Absent,Present,Absent,Absent,Absent,Present,Present,Absent,Absent,Absent,,0,0,1,0,0,0,1,1,0,0,0,1,2,3,Pass,Pass,Pass,Pass,Pass,Pass,Pass,Pass,Pass,Pass,Pass,
REC1118,1117,1117,Benthic Habitat Maps for the Insular Shelf South of St. Thomas and St. John,"St. Thomas, USVI",GV,Ground Validation,HD Seaviewer Drop Camera,GV2016_494,2016-08-30,13:29:07,2016,8,18.26980671,-64.82042273,2069153.247,-7215776.451,2069153.247,-7215776.451,0.001,-35.09373856,35.094,https://nccospublicstor.blob.core.windows.net/biomapper/usviinsularshelf2017/videos/low/GV2016_494.mp4,Absent,Absent,Present,Present,Absent,Absent,Present,Present,Absent,Absent,Absent,,0,0,1,1,0,0,1,1,0,0,0,2,2,4,Pass,Pass,Pass,Pass,Pass,Pass,Pass,Pass,Pass,Pass,Pass,
REC1119,1118,1118,Benthic Habitat Maps for the Insular Shelf South of St. Thomas and St. John,"St. John, USVI",GV,Ground Validation,HD Seaviewer Drop Camera,GV2016_495,2016-09-02,11:11:43,2016,9,18.30528396,-64.72534887,2073312.631,-7205192.878,2073312.631,-7205192.878,0.0,-24.25577736,24.256,https://nccospublicstor.blob.core.windows.net/biomapper/usviinsularshelf2017/videos/low/GV2016_495.mp4,Absent,Absent,Absent,Present,Absent,Absent,Absent,Present,Present,Absent,Absent,,0,0,0,1,0,0,0,1,1,0,0,1,1,3,Pass,Pass,Pass,Pass,Pass,Pass,Pass,Pass,Pass,Pass,Pass,
REC1120,1119,1119,Benthic Habitat Maps for the Insular Shelf South of St. Thomas and St. John,Puerto Rico,GV,Ground Validation,HD Seaviewer Drop Camera,GV2016_496,2016-08-21,09:37:17,2016,8,18.1292519,-65.21544388,2052682.812,-7259750.005,2052682.812,-7259750.005,0.0,-38.98845673,38.988,https://nccospublicstor.blob.core.windows.net/biomapper/usviinsularshelf2017/videos/low/GV2016_496.mp4,Absent,Absent,Present,Absent,Present,Absent,Present,Present,Absent,Absent,Absent,,0,0,1,0,1,0,1,1,0,0,0,1,3,4,Pass,Pass,Pass,Pass,Pass,Pass,Pass,Pass,Pass,Pass,Pass,
REC1121,1120,1120,Benthic Habitat Maps for the Insular Shelf South of St. Thomas and St. John,"St. John, USVI",GV,Ground Validation,HD Seaviewer Drop Camera,GV2016_498,2016-09-02,11:45:35,2016,9,18.28953885,-64.70934244,2071466.555,-7203411.05,2071466.555,-7203411.05,0.0,-33.60322189,33.603,https://nccospublicstor.blob.core.windows.net/biomapper/usviinsularshelf2017/videos/low/GV2016_498.mp4,Absent,Absent,Present,Present,Absent,Absent,Present,Present,Absent,Absent,Absent,,0,0,1,1,0,0,1,1,0,0,0,2,2,4,Pass,Pass,Pass,Pass,Pass,Pass,Pass,Pass,Pass,Pass,Pass,
REC1122,1121,1121,Benthic Habitat Maps for the Insular Shelf South of St. Thomas and St. John,"St. John, USVI",GV,Ground Validation,HD Seaviewer Drop Camera,GV2016_499,2016-09-17,07:05:59,2016,9,18.25677413,-64.77043831,2067625.509,-7210212.211,2067625.509,-7210212.211,0.0,-35.2699852,35.27,https://nccospublicstor.blob.core.windows.net/biomapper/usviinsularshelf2017/videos/low/GV2016_499.mp4,Present,Absent,Absent,Absent,Present,Absent,Present,Present,Absent,Absent,Absent,,1,0,0,0,1,0,1,1,0,0,0,1,3,4,Pass,Pass,Pass,Pass,Pass,Pass,Pass,Pass,Pass,Pass,Pass,
REC1123,1122,1122,Benthic Habitat Maps for the Insular Shelf South of St. Thomas and St. John,"St. Thomas, USVI",GV,Ground Validation,HD Seaviewer Drop Camera,GV2016_500,2016-08-26,12:31:15,2016,8,18.21955104,-65.04332937,2063262.681,-7240590.305,2063262.681,-7240590.305,0.0,-41.27514267,41.275,https://nccospublicstor.blob.core.windows.net/biomapper/usviinsularshelf2017/videos/low/GV2016_500.mp4,Present,Absent,Absent,Present,Present,Present,Present,Present,Absent,Absent,Absent,,1,0,0,1,1,1,1,1,0,0,0,2,4,6,Pass,Pass,Pass,Pass,Pass,Pass,Pass,Pass,Pass,Pass,Pass,
REC1124,1123,1123,Benthic Habitat Maps for the Insular Shelf South of St. Thomas and St. John,Puerto Rico,GV,Ground Validation,HD Seaviewer Drop Camera,GV2016_501,2016-08-22,10:53:45,2016,8,18.20277982,-65.20963206,2061297.273,-7259103.036,2061297.273,-7259103.036,0.0,-37.06464767,37.065,https://nccospublicstor.blob.core.windows.net/biomapper/usviinsularshelf2017/videos/low/GV2016_501.mp4,Present,Absent,Absent,Absent,Present,Present,Present,Present,Absent,Absent,Absent,,1,0,0,0,1,1,1,1,0,0,0,1,4,5,Pass,Pass,Pass,Pass,Pass,Pass,Pass,Pass,Pass,Pass,Pass,
REC1125,1124,1124,Benthic Habitat Maps for the Insular Shelf South of St. Thomas and St. John,"St. John, USVI",GV,Ground Validation,HD Seaviewer Drop Camera,GV2016_503,2016-09-16,13:41:27,2016,9,18.2001057,-64.77263981,2060983.912,-7210457.281,2060983.912,-7210457.281,0.0,-56.17254639,56.173,https://nccospublicstor.blob.core.windows.net/biomapper/usviinsularshelf2017/videos/low/GV2016_503.mp4,Absent,Absent,Present,Absent,Absent,Absent,Present,Present,Absent,Absent,Absent,,0,0,1,0,0,0,1,1,0,0,0,1,2,3,Pass,Pass,Pass,Pass,Pass,Pass,Pass,Pass,Pass,Pass,Pass,
REC1126,1125,1125,Benthic Habitat Maps for the Insular Shelf South of St. Thomas and St. John,"St. John, USVI",GV,Ground Validation,HD Seaviewer Drop Camera,GV2016_504,2016-09-13,10:45:29,2016,9,18.2368973,-64.78249673,2065295.678,-7211554.548,2065295.678,-7211554.548,0.0,-51.55744553,51.557,https://nccospublicstor.blob.core.windows.net/biomapper/usviinsularshelf2017/videos/low/GV2016_504.mp4,Absent,Absent,Present,Present,Absent,Absent,Present,Present,Absent,Absent,Absent,,0,0,1,1,0,0,1,1,0,0,0,2,2,4,Pass,Pass,Pass,Pass,Pass,Pass,Pass,Pass,Pass,Pass,Pass,
REC1127,1126,1126,Benthic Habitat Maps for the Insular Shelf South of St. Thomas and St. John,"St. Thomas, USVI",GV,Ground Validation,HD Seaviewer Drop Camera,GV2016_505,2016-08-29,12:16:15,2016,8,18.25810057,-64.92490642,2067780.995,-7227407.523,2067780.995,-7227407.522,0.001,-36.46714783,36.467,https://nccospublicstor.blob.core.windows.net/biomapper/usviinsularshelf2017/videos/low/GV2016_505.mp4,Absent,Absent,Present,Present,Absent,Absent,Present,Present,Absent,Absent,Absent,,0,0,1,1,0,0,1,1,0,0,0,2,2,4,Pass,Pass,Pass,Pass,Pass,Pass,Pass,Pass,Pass,Pass,Pass,
REC1128,1127,1127,Benthic Habitat Maps for the Insular Shelf South of St. Thomas and St. John,"St. Thomas, USVI",GV,Ground Validation,HD Seaviewer Drop Camera,GV2016_506,2016-08-20,12:28:06,2016,8,18.26369614,-65.09307342,2068436.924,-7246127.787,2068436.924,-7246127.787,0.0,-27.42342758,27.423,https://nccospublicstor.blob.core.windows.net/biomapper/usviinsularshelf2017/videos/low/GV2016_506.mp4,Present,Absent,Absent,Absent,Present,Absent,Present,Present,Absent,Absent,Absent,,1,0,0,0,1,0,1,1,0,0,0,1,3,4,Pass,Pass,Pass,Pass,Pass,Pass,Pass,Pass,Pass,Pass,Pass,
REC1129,1128,1128,Benthic Habitat Maps for the Insular Shelf South of St. Thomas and St. John,Puerto Rico,GV,Ground Validation,HD Seaviewer Drop Camera,GV2016_507,2016-08-25,11:18:12,2016,8,18.21572421,-65.14252269,2062814.201,-7251632.455,2062814.201,-7251632.455,0.0,-41.03186417,41.032,https://nccospublicstor.blob.core.windows.net/biomapper/usviinsularshelf2017/videos/low/GV2016_507.mp4,Present,Absent,Absent,Present,Present,Absent,Present,Present,Absent,Absent,Absent,,1,0,0,1,1,0,1,1,0,0,0,2,3,5,Pass,Pass,Pass,Pass,Pass,Pass,Pass,Pass,Pass,Pass,Pass,
REC1130,1129,1129,Benthic Habitat Maps for the Insular Shelf South of St. Thomas and St. John,"St. Thomas, USVI",GV,Ground Validation,HD Seaviewer Drop Camera,GV2016_508,2016-08-23,11:05:46,2016,8,18.19366103,-65.13113224,2060228.727,-7250364.476,2060228.727,-7250364.476,0.0,-39.87863541,39.879,https://nccospublicstor.blob.core.windows.net/biomapper/usviinsularshelf2017/videos/low/GV2016_508.mp4,Present,Absent,Absent,Absent,Present,Absent,Present,Present,Absent,Absent,Absent,,1,0,0,0,1,0,1,1,0,0,0,1,3,4,Pass,Pass,Pass,Pass,Pass,Pass,Pass,Pass,Pass,Pass,Pass,
REC1131,1130,1130,Benthic Habitat Maps for the Insular Shelf South of St. Thomas and St. John,Puerto Rico,GV,Ground Validation,HD Seaviewer Drop Camera,GV2016_510,2016-08-22,09:19:50,2016,8,18.17490491,-65.22877539,2058031.048,-7261234.061,2058031.048,-7261234.061,0.0,-36.06165695,36.062,https://nccospublicstor.blob.core.windows.net/biomapper/usviinsularshelf2017/videos/low/GV2016_510.mp4,Present,Absent,Absent,Present,Present,Absent,Present,Present,Absent,Absent,Absent,,1,0,0,1,1,0,1,1,0,0,0,2,3,5,Pass,Pass,Pass,Pass,Pass,Pass,Pass,Pass,Pass,Pass,Pass,
REC1132,1131,1131,Benthic Habitat Maps for the Insular Shelf South of St. Thomas and St. John,Puerto Rico,GV,Ground Validation,HD Seaviewer Drop Camera,GV2016_511,2016-08-25,10:35:47,2016,8,18.23463444,-65.17162995,2065030.457,-7254872.66,2065030.457,-7254872.66,0.0,-24.70050621,24.701,https://nccospublicstor.blob.core.windows.net/biomapper/usviinsularshelf2017/videos/low/GV2016_511.mp4,Present,Absent,Absent,Absent,Present,Absent,Present,Present,Absent,Absent,Absent,,1,0,0,0,1,0,1,1,0,0,0,1,3,4,Pass,Pass,Pass,Pass,Pass,Pass,Pass,Pass,Pass,Pass,Pass,
REC1133,1132,1132,Benthic Habitat Maps for the Insular Shelf South of St. Thomas and St. John,"St. John, USVI",GV,Ground Validation,HD Seaviewer Drop Camera,GV2016_512,2016-09-17,08:41:38,2016,9,18.25993063,-64.700153,2067995.518,-7202388.086,2067995.517,-7202388.086,0.001,-42.09309387,42.093,https://nccospublicstor.blob.core.windows.net/biomapper/usviinsularshelf2017/videos/low/GV2016_512.mp4,Absent,Present,Absent,Absent,Present,Present,Present,Present,Absent,Absent,Absent,,0,1,0,0,1,1,1,1,0,0,0,1,4,5,Pass,Pass,Pass,Pass,Pass,Pass,Pass,Pass,Pass,Pass,Pass,
REC1134,1133,1133,Benthic Habitat Maps for the Insular Shelf South of St. Thomas and St. John,"St. John, USVI",GV,Ground Validation,HD Seaviewer Drop Camera,GV2016_513,2016-09-13,10:07:23,2016,9,18.25001777,-64.77640692,2066833.543,-7210876.634,2066833.543,-7210876.634,0.0,-45.71088409,45.711,https://nccospublicstor.blob.core.windows.net/biomapper/usviinsularshelf2017/videos/low/GV2016_513.mp4,Absent,Absent,Present,Absent,Absent,Absent,Present,Present,Absent,Absent,Absent,Large nurse shark at end of clip,0,0,1,0,0,0,1,1,0,0,0,1,2,3,Pass,Pass,Pass,Pass,Pass,Pass,Pass,Pass,Pass,Pass,Pass,
REC1135,1134,1134,Benthic Habitat Maps for the Insular Shelf South of St. Thomas and St. John,"St. Thomas, USVI",GV,Ground Validation,HD Seaviewer Drop Camera,GV2016_514,2016-08-25,11:44:49,2016,8,18.23019174,-65.13158298,2064509.757,-7250414.652,2064509.757,-7250414.652,0.0,-37.87256622,37.873,https://nccospublicstor.blob.core.windows.net/biomapper/usviinsularshelf2017/videos/low/GV2016_514.mp4,Present,Absent,Absent,Present,Present,Absent,Present,Present,Absent,Absent,Absent,,1,0,0,1,1,0,1,1,0,0,0,2,3,5,Pass,Pass,Pass,Pass,Pass,Pass,Pass,Pass,Pass,Pass,Pass,
REC1136,1135,1135,Benthic Habitat Maps for the Insular Shelf South of St. Thomas and St. John,"St. John, USVI",GV,Ground Validation,HD Seaviewer Drop Camera,GV2016_517,2016-09-11,10:04:48,2016,9,18.28466964,-64.66681627,2070895.686,-7198677.058,2070895.686,-7198677.058,0.0,-38.34584427,38.346,https://nccospublicstor.blob.core.windows.net/biomapper/usviinsularshelf2017/videos/low/GV2016_517.mp4,Absent,Absent,Present,Present,Absent,Absent,Present,Absent,Absent,Absent,Absent,,0,0,1,1,0,0,1,0,0,0,0,2,1,3,Pass,Pass,Pass,Pass,Pass,Pass,Pass,Pass,Pass,Pass,Pass,
REC1137,1136,1136,Benthic Habitat Maps for the Insular Shelf South of St. Thomas and St. John,Puerto Rico,GV,Ground Validation,HD Seaviewer Drop Camera,GV2016_519,2016-08-23,14:29:54,2016,8,18.21505844,-65.17200816,2062736.178,-7254914.762,2062736.178,-7254914.762,0.0,-35.51187897,35.512,https://nccospublicstor.blob.core.windows.net/biomapper/usviinsularshelf2017/videos/low/GV2016_519.mp4,Present,Absent,Absent,Present,Present,Absent,Present,Present,Absent,Absent,Absent,,1,0,0,1,1,0,1,1,0,0,0,2,3,5,Pass,Pass,Pass,Pass,Pass,Pass,Pass,Pass,Pass,Pass,Pass,
REC1138,1137,1137,Benthic Habitat Maps for the Insular Shelf South of St. Thomas and St. John,"St. John, USVI",GV,Ground Validation,HD Seaviewer Drop Camera,GV2016_520,2016-09-11,08:18:31,2016,9,18.27704205,-64.77278228,2070001.455,-7210473.141,2070001.455,-7210473.141,0.0,-34.88128281,34.881,https://nccospublicstor.blob.core.windows.net/biomapper/usviinsularshelf2017/videos/low/GV2016_520.mp4,Absent,Absent,Present,Present,Absent,Absent,Present,Present,Absent,Absent,Absent,,0,0,1,1,0,0,1,1,0,0,0,2,2,4,Pass,Pass,Pass,Pass,Pass,Pass,Pass,Pass,Pass,Pass,Pass,
REC1139,1138,1138,Benthic Habitat Maps for the Insular Shelf South of St. Thomas and St. John,"St. Thomas, USVI",GV,Ground Validation,HD Seaviewer Drop Camera,GV2016_521,2016-08-30,11:08:15,2016,8,18.25414125,-64.94049473,2067316.885,-7229142.805,2067316.885,-7229142.805,0.0,-39.34096527,39.341,https://nccospublicstor.blob.core.windows.net/biomapper/usviinsularshelf2017/videos/low/GV2016_521.mp4,Absent,Absent,Present,Present,Absent,Absent,Present,Present,Absent,Absent,Absent,,0,0,1,1,0,0,1,1,0,0,0,2,2,4,Pass,Pass,Pass,Pass,Pass,Pass,Pass,Pass,Pass,Pass,Pass,
REC1140,1139,1139,Benthic Habitat Maps for the Insular Shelf South of St. Thomas and St. John,"St. John, USVI",GV,Ground Validation,HD Seaviewer Drop Camera,GV2016_522,2016-09-11,12:44:00,2016,9,18.3018528,-64.76341235,2072910.322,-7209430.085,2072910.322,-7209430.085,0.0,-26.93434334,26.934,https://nccospublicstor.blob.core.windows.net/biomapper/usviinsularshelf2017/videos/low/GV2016_522.mp4,Absent,Absent,Present,Present,Absent,Absent,Present,Absent,Absent,Absent,Absent,,0,0,1,1,0,0,1,0,0,0,0,2,1,3,Pass,Pass,Pass,Pass,Pass,Pass,Pass,Pass,Pass,Pass,Pass,
REC1141,1140,1140,Benthic Habitat Maps for the Insular Shelf South of St. Thomas and St. John,"St. Thomas, USVI",GV,Ground Validation,HD Seaviewer Drop Camera,GV2016_523,2016-08-26,09:09:48,2016,8,18.20893403,-64.94456157,2062018.459,-7229595.524,2062018.459,-7229595.524,0.0,-45.48735809,45.487,https://nccospublicstor.blob.core.windows.net/biomapper/usviinsularshelf2017/videos/low/GV2016_523.mp4,Present,Absent,Present,Absent,Present,Present,Present,Present,Absent,Absent,Absent,,1,0,1,0,1,1,1,1,0,0,0,2,4,6,Pass,Pass,Pass,Pass,Pass,Pass,Pass,Pass,Pass,Pass,Pass,
REC1142,1141,1141,Benthic Habitat Maps for the Insular Shelf South of St. Thomas and St. John,"St. Thomas, USVI",GV,Ground Validation,HD Seaviewer Drop Camera,GV2016_524,2016-08-29,13:39:52,2016,8,18.23326237,-64.96258699,2064869.644,-7231602.104,2064869.644,-7231602.104,0.0,-41.39991379,41.4,https://nccospublicstor.blob.core.windows.net/biomapper/usviinsularshelf2017/videos/low/GV2016_524.mp4,Absent,Absent,Present,Present,Absent,Absent,Present,Present,Absent,Absent,Absent,,0,0,1,1,0,0,1,1,0,0,0,2,2,4,Pass,Pass,Pass,Pass,Pass,Pass,Pass,Pass,Pass,Pass,Pass,
REC1143,1142,1142,Benthic Habitat Maps for the Insular Shelf South of St. Thomas and St. John,"St. John, USVI",GV,Ground Validation,HD Seaviewer Drop Camera,GV2016_525,2016-09-16,11:26:35,2016,9,18.18884923,-64.80049638,2059664.9,-7213558.26,2059664.9,-7213558.26,0.0,-54.9609642,54.961,https://nccospublicstor.blob.core.windows.net/biomapper/usviinsularshelf2017/videos/low/GV2016_525.mp4,Absent,Present,Present,Absent,Present,Absent,Present,Present,Absent,Absent,Absent,,0,1,1,0,1,0,1,1,0,0,0,2,3,5,Pass,Pass,Pass,Pass,Pass,Pass,Pass,Pass,Pass,Pass,Pass,
REC1144,1143,1143,Benthic Habitat Maps for the Insular Shelf South of St. Thomas and St. John,Puerto Rico,GV,Ground Validation,HD Seaviewer Drop Camera,GV2016_527,2016-08-25,10:29:31,2016,8,18.23628597,-65.17727162,2065224.026,-7255500.688,2065224.026,-7255500.688,0.0,-32.49555206,32.496,https://nccospublicstor.blob.core.windows.net/biomapper/usviinsularshelf2017/videos/low/GV2016_527.mp4,Present,Absent,Absent,Absent,Present,Present,Present,Present,Absent,Absent,Absent,,1,0,0,0,1,1,1,1,0,0,0,1,4,5,Pass,Pass,Pass,Pass,Pass,Pass,Pass,Pass,Pass,Pass,Pass,
REC1145,1144,1144,Benthic Habitat Maps for the Insular Shelf South of St. Thomas and St. John,"St. John, USVI",GV,Ground Validation,HD Seaviewer Drop Camera,GV2016_528,2016-09-12,10:00:28,2016,9,18.24585574,-64.66235901,2066345.694,-7198180.878,2066345.694,-7198180.878,0.001,-47.44593048,47.446,https://nccospublicstor.blob.core.windows.net/biomapper/usviinsularshelf2017/videos/low/GV2016_528.mp4,Absent,Present,Present,Absent,Present,Absent,Present,Present,Absent,Absent,Absent,,0,1,1,0,1,0,1,1,0,0,0,2,3,5,Pass,Pass,Pass,Pass,Pass,Pass,Pass,Pass,Pass,Pass,Pass,
REC1146,1145,1145,Benthic Habitat Maps for the Insular Shelf South of St. Thomas and St. John,"St. Thomas, USVI",GV,Ground Validation,HD Seaviewer Drop Camera,GV2016_529,2016-08-26,11:53:00,2016,8,18.20991958,-65.03544152,2062133.954,-7239712.234,2062133.954,-7239712.234,0.001,-42.74516296,42.745,https://nccospublicstor.blob.core.windows.net/biomapper/usviinsularshelf2017/videos/low/GV2016_529.mp4,Present,Absent,Absent,Absent,Present,Absent,Present,Present,Absent,Absent,Absent,,1,0,0,0,1,0,1,1,0,0,0,1,3,4,Pass,Pass,Pass,Pass,Pass,Pass,Pass,Pass,Pass,Pass,Pass,
REC1147,1146,1146,Benthic Habitat Maps for the Insular Shelf South of St. Thomas and St. John,"St. John, USVI",GV,Ground Validation,HD Seaviewer Drop Camera,GV2016_530,2016-08-31,12:40:06,2016,8,18.26413739,-64.81036472,2068488.649,-7214656.799,2068488.649,-7214656.799,0.0,-37.262146,37.262,https://nccospublicstor.blob.core.windows.net/biomapper/usviinsularshelf2017/videos/low/GV2016_530.mp4,Absent,Absent,Present,Absent,Absent,Absent,Present,Present,Absent,Absent,Absent,,0,0,1,0,0,0,1,1,0,0,0,1,2,3,Pass,Pass,Pass,Pass,Pass,Pass,Pass,Pass,Pass,Pass,Pass,
REC1148,1147,1147,Benthic Habitat Maps for the Insular Shelf South of St. Thomas and St. John,"St. Thomas, USVI",GV,Ground Validation,HD Seaviewer Drop Camera,GV2016_531,2016-08-27,14:12:06,2016,8,18.22332004,-65.05491607,2063704.394,-7241880.131,2063704.394,-7241880.131,0.001,-41.03894806,41.039,https://nccospublicstor.blob.core.windows.net/biomapper/usviinsularshelf2017/videos/low/GV2016_531.mp4,Absent,Absent,Present,Present,Absent,Absent,Present,Absent,Absent,Absent,Absent,,0,0,1,1,0,0,1,0,0,0,0,2,1,3,Pass,Pass,Pass,Pass,Pass,Pass,Pass,Pass,Pass,Pass,Pass,
REC1149,1148,1148,Benthic Habitat Maps for the Insular Shelf South of St. Thomas and St. John,"St. Thomas, USVI",GV,Ground Validation,HD Seaviewer Drop Camera,GV2016_532,2016-08-29,12:48:36,2016,8,18.22450894,-64.93063322,2063843.731,-7228045.027,2063843.731,-7228045.027,0.0,-42.01659012,42.017,https://nccospublicstor.blob.core.windows.net/biomapper/usviinsularshelf2017/videos/low/GV2016_532.mp4,Absent,Present,Present,Absent,Present,Absent,Present,Present,Absent,Absent,Absent,,0,1,1,0,1,0,1,1,0,0,0,2,3,5,Pass,Pass,Pass,Pass,Pass,Pass,Pass,Pass,Pass,Pass,Pass,
REC1150,1149,1149,Benthic Habitat Maps for the Insular Shelf South of St. Thomas and St. John,"St. John, USVI",GV,Ground Validation,HD Seaviewer Drop Camera,GV2016_533,2016-09-16,11:55:23,2016,9,18.19597201,-64.7871114,2060499.524,-7212068.251,2060499.524,-7212068.251,0.0,-57.40568542,57.406,https://nccospublicstor.blob.core.windows.net/biomapper/usviinsularshelf2017/videos/low/GV2016_533.mp4,Absent,Absent,Present,Absent,Present,Absent,Present,Present,Absent,Absent,Absent,,0,0,1,0,1,0,1,1,0,0,0,1,3,4,Pass,Pass,Pass,Pass,Pass,Pass,Pass,Pass,Pass,Pass,Pass,
REC1151,1150,1150,Benthic Habitat Maps for the Insular Shelf South of St. Thomas and St. John,Puerto Rico,GV,Ground Validation,HD Seaviewer Drop Camera,GV2016_534,2016-08-21,09:12:07,2016,8,18.14581102,-65.22434241,2054622.546,-7260740.584,2054622.546,-7260740.584,0.001,-37.96823883,37.968,https://nccospublicstor.blob.core.windows.net/biomapper/usviinsularshelf2017/videos/low/GV2016_534.mp4,Present,Absent,Absent,Present,Present,Present,Present,Present,Absent,Absent,Absent,,1,0,0,1,1,1,1,1,0,0,0,2,4,6,Pass,Pass,Pass,Pass,Pass,Pass,Pass,Pass,Pass,Pass,Pass,
REC1152,1151,1151,Benthic Habitat Maps for the Insular Shelf South of St. Thomas and St. John,"St. John, USVI",GV,Ground Validation,HD Seaviewer Drop Camera,GV2016_535,2016-09-17,09:04:15,2016,9,18.24379459,-64.69271394,2066104.103,-7201559.974,2066104.103,-7201559.974,0.0,-50.12859726,50.129,https://nccospublicstor.blob.core.windows.net/biomapper/usviinsularshelf2017/videos/low/GV2016_535.mp4,Absent,Present,Present,Absent,Present,Absent,Present,Present,Absent,Absent,Absent,,0,1,1,0,1,0,1,1,0,0,0,2,3,5,Pass,Pass,Pass,Pass,Pass,Pass,Pass,Pass,Pass,Pass,Pass,
REC1153,1152,1152,Benthic Habitat Maps for the Insular Shelf South of St. Thomas and St. John,"St. Thomas, USVI",GV,Ground Validation,HD Seaviewer Drop Camera,GV2016_536,2016-08-28,13:21:14,2016,8,18.21858641,-64.9049702,2063149.632,-7225188.233,2063149.632,-7225188.233,0.0,-43.08552933,43.086,https://nccospublicstor.blob.core.windows.net/biomapper/usviinsularshelf2017/videos/low/GV2016_536.mp4,Present,Absent,Absent,Present,Present,Present,Present,Present,Absent,Absent,Absent,Iniformation video was in the Capture0078 the underwater video for site 415,1,0,0,1,1,1,1,1,0,0,0,2,4,6,Pass,Pass,Pass,Pass,Pass,Pass,Pass,Pass,Pass,Pass,Pass,
REC1154,1153,1153,Benthic Habitat Maps for the Insular Shelf South of St. Thomas and St. John,"St. Thomas, USVI",GV,Ground Validation,HD Seaviewer Drop Camera,GV2016_537,2016-08-20,10:50:47,2016,8,18.28227004,-65.0640842,2070614.362,-7242900.722,2070614.362,-7242900.722,0.0,-33.45259857,33.453,https://nccospublicstor.blob.core.windows.net/biomapper/usviinsularshelf2017/videos/low/GV2016_537.mp4,Absent,Absent,Present,Absent,Absent,Absent,Present,Present,Absent,Absent,Absent,,0,0,1,0,0,0,1,1,0,0,0,1,2,3,Pass,Pass,Pass,Pass,Pass,Pass,Pass,Pass,Pass,Pass,Pass,
REC1155,1154,1154,Benthic Habitat Maps for the Insular Shelf South of St. Thomas and St. John,"St. Thomas, USVI",GV,Ground Validation,HD Seaviewer Drop Camera,GV2016_538,2016-09-09,13:01:31,2016,9,18.21477781,-64.84925686,2062703.29,-7218986.252,2062703.29,-7218986.252,0.0,-44.94688416,44.947,https://nccospublicstor.blob.core.windows.net/biomapper/usviinsularshelf2017/videos/low/GV2016_538.mp4,Absent,Absent,Present,Absent,Present,Absent,Present,Present,Absent,Absent,Absent,,0,0,1,0,1,0,1,1,0,0,0,1,3,4,Pass,Pass,Pass,Pass,Pass,Pass,Pass,Pass,Pass,Pass,Pass,
REC1156,1155,1155,Benthic Habitat Maps for the Insular Shelf South of St. Thomas and St. John,"St. Thomas, USVI",GV,Ground Validation,HD Seaviewer Drop Camera,GV2016_539,2016-08-27,13:41:37,2016,8,18.22623236,-65.01989915,2064045.714,-7237982.065,2064045.714,-7237982.065,0.0,-40.88486099,40.885,https://nccospublicstor.blob.core.windows.net/biomapper/usviinsularshelf2017/videos/low/GV2016_539.mp4,Absent,Present,Present,Present,Absent,Absent,Present,Present,Absent,Absent,Absent,,0,1,1,1,0,0,1,1,0,0,0,3,2,5,Pass,Pass,Pass,Pass,Pass,Pass,Pass,Pass,Pass,Pass,Pass,
REC1157,1156,1156,Benthic Habitat Maps for the Insular Shelf South of St. Thomas and St. John,"St. Thomas, USVI",GV,Ground Validation,HD Seaviewer Drop Camera,GV2016_540,2016-08-30,09:51:23,2016,8,18.25239043,-64.98307667,2067111.658,-7233883.005,2067111.658,-7233883.005,0.0,-39.54550171,39.546,https://nccospublicstor.blob.core.windows.net/biomapper/usviinsularshelf2017/videos/low/GV2016_540.mp4,Absent,Absent,Present,Present,Absent,Absent,Present,Present,Absent,Absent,Absent,,0,0,1,1,0,0,1,1,0,0,0,2,2,4,Pass,Pass,Pass,Pass,Pass,Pass,Pass,Pass,Pass,Pass,Pass,
REC1158,1157,1157,Benthic Habitat Maps for the Insular Shelf South of St. Thomas and St. John,"St. Thomas, USVI",GV,Ground Validation,HD Seaviewer Drop Camera,GV2016_541,2016-08-27,12:42:55,2016,8,18.26323471,-65.00459833,2068382.833,-7236278.785,2068382.833,-7236278.785,0.0,-34.62117386,34.621,https://nccospublicstor.blob.core.windows.net/biomapper/usviinsularshelf2017/videos/low/GV2016_541.mp4,Absent,Absent,Present,Absent,Absent,Absent,Present,Present,Absent,Absent,Absent,,0,0,1,0,0,0,1,1,0,0,0,1,2,3,Pass,Pass,Pass,Pass,Pass,Pass,Pass,Pass,Pass,Pass,Pass,
REC1159,1158,1158,Benthic Habitat Maps for the Insular Shelf South of St. Thomas and St. John,"St. John, USVI",GV,Ground Validation,HD Seaviewer Drop Camera,GV2016_542,2016-09-11,12:13:14,2016,9,18.28403382,-64.75244181,2070821.144,-7208208.85,2070821.143,-7208208.85,0.001,-32.87089157,32.871,https://nccospublicstor.blob.core.windows.net/biomapper/usviinsularshelf2017/videos/low/GV2016_542.mp4,Absent,Absent,Present,Present,Absent,Absent,Present,Present,Present,Absent,Absent,,0,0,1,1,0,0,1,1,1,0,0,2,2,5,Pass,Pass,Pass,Pass,Pass,Pass,Pass,Pass,Pass,Pass,Pass,
REC1160,1159,1159,Benthic Habitat Maps for the Insular Shelf South of St. Thomas and St. John,"St. John, USVI",GV,Ground Validation,HD Seaviewer Drop Camera,GV2016_543,2016-08-31,09:49:57,2016,8,18.30055235,-64.78909248,2072757.844,-7212288.784,2072757.844,-7212288.784,0.0,-23.01114464,23.011,https://nccospublicstor.blob.core.windows.net/biomapper/usviinsularshelf2017/videos/low/GV2016_543.mp4,Absent,Absent,Absent,Present,Absent,Absent,Absent,Present,Present,Absent,Absent,Mainly Halophila stipulacea,0,0,0,1,0,0,0,1,1,0,0,1,1,3,Pass,Pass,Pass,Pass,Pass,Pass,Pass,Pass,Pass,Pass,Pass,
REC1161,1160,1160,Benthic Habitat Maps for the Insular Shelf South of St. Thomas and St. John,"St. Thomas, USVI",GV,Ground Validation,HD Seaviewer Drop Camera,GV2016_544,2016-08-30,09:36:21,2016,8,18.26101725,-64.98632532,2068122.894,-7234244.643,2068122.894,-7234244.643,0.0,-34.52950668,34.53,https://nccospublicstor.blob.core.windows.net/biomapper/usviinsularshelf2017/videos/low/GV2016_544.mp4,Absent,Absent,Present,Present,Absent,Absent,Present,Present,Absent,Absent,Absent,,0,0,1,1,0,0,1,1,0,0,0,2,2,4,Pass,Pass,Pass,Pass,Pass,Pass,Pass,Pass,Pass,Pass,Pass,
REC1162,1161,1161,Benthic Habitat Maps for the Insular Shelf South of St. Thomas and St. John,"St. Thomas, USVI",GV,Ground Validation,HD Seaviewer Drop Camera,GV2016_545,2016-08-25,13:01:22,2016,8,18.25220842,-65.11326709,2067090.323,-7248375.736,2067090.323,-7248375.736,0.0,-29.45817184,29.458,https://nccospublicstor.blob.core.windows.net/biomapper/usviinsularshelf2017/videos/low/GV2016_545.mp4,Present,Absent,Absent,Absent,Present,Present,Present,Present,Absent,Absent,Absent,,1,0,0,0,1,1,1,1,0,0,0,1,4,5,Pass,Pass,Pass,Pass,Pass,Pass,Pass,Pass,Pass,Pass,Pass,
REC1163,1162,1162,Benthic Habitat Maps for the Insular Shelf South of St. Thomas and St. John,"St. Thomas, USVI",GV,Ground Validation,HD Seaviewer Drop Camera,GV2016_546,2016-08-29,10:37:38,2016,8,18.26423904,-64.87804003,2068500.565,-7222190.38,2068500.565,-7222190.38,0.0,-26.36876869,26.369,https://nccospublicstor.blob.core.windows.net/biomapper/usviinsularshelf2017/videos/low/GV2016_546.mp4,Absent,Present,Present,Present,Present,Absent,Present,Present,Absent,Absent,Absent,Great Barracuda at 0.25 and time from trimble,0,1,1,1,1,0,1,1,0,0,0,3,3,6,Pass,Pass,Pass,Pass,Pass,Pass,Pass,Pass,Pass,Pass,Pass,
REC1164,1163,1163,Benthic Habitat Maps for the Insular Shelf South of St. Thomas and St. John,"St. Thomas, USVI",GV,Ground Validation,HD Seaviewer Drop Camera,GV2016_548,2016-09-09,13:42:54,2016,9,18.22385555,-64.8274064,2063767.155,-7216553.87,2063767.155,-7216553.87,0.0,-47.76203537,47.762,https://nccospublicstor.blob.core.windows.net/biomapper/usviinsularshelf2017/videos/low/GV2016_548.mp4,Absent,Absent,Present,Absent,Absent,Absent,Present,Absent,Absent,Absent,Absent,,0,0,1,0,0,0,1,0,0,0,0,1,1,2,Pass,Pass,Pass,Pass,Pass,Pass,Pass,Pass,Pass,Pass,Pass,
REC1165,1164,1164,Benthic Habitat Maps for the Insular Shelf South of St. Thomas and St. John,"St. Thomas, USVI",GV,Ground Validation,HD Seaviewer Drop Camera,GV2016_549,2016-08-27,14:18:19,2016,8,18.22827616,-65.05741008,2064285.248,-7242157.762,2064285.248,-7242157.762,0.001,-35.86782455,35.868,https://nccospublicstor.blob.core.windows.net/biomapper/usviinsularshelf2017/videos/low/GV2016_549.mp4,Present,Absent,Absent,Absent,Present,Absent,Present,Present,Absent,Absent,Absent,High Coral Cover >75%,1,0,0,0,1,0,1,1,0,0,0,1,3,4,Pass,Pass,Pass,Pass,Pass,Pass,Pass,Pass,Pass,Pass,Pass,
REC1166,1165,1165,Benthic Habitat Maps for the Insular Shelf South of St. Thomas and St. John,"St. Thomas, USVI",GV,Ground Validation,HD Seaviewer Drop Camera,GV2016_550,2016-08-26,10:26:36,2016,8,18.21451945,-64.98994987,2062673.013,-7234648.126,2062673.013,-7234648.126,0.0,-40.89354706,40.894,https://nccospublicstor.blob.core.windows.net/biomapper/usviinsularshelf2017/videos/low/GV2016_550.mp4,Present,Absent,Absent,Present,Present,Present,Present,Present,Absent,Absent,Absent,Snappers,1,0,0,1,1,1,1,1,0,0,0,2,4,6,Pass,Pass,Pass,Pass,Pass,Pass,Pass,Pass,Pass,Pass,Pass,
REC1167,1166,1166,Benthic Habitat Maps for the Insular Shelf South of St. Thomas and St. John,"St. John, USVI",GV,Ground Validation,HD Seaviewer Drop Camera,GV2016_551,2016-09-17,14:01:20,2016,9,18.2391389,-64.74292012,2065558.41,-7207148.9,2065558.41,-7207148.9,0.0,-53.83005905,53.83,https://nccospublicstor.blob.core.windows.net/biomapper/usviinsularshelf2017/videos/low/GV2016_551.mp4,Absent,Present,Present,Absent,Absent,Absent,Present,Present,Absent,Absent,Absent,,0,1,1,0,0,0,1,1,0,0,0,2,2,4,Pass,Pass,Pass,Pass,Pass,Pass,Pass,Pass,Pass,Pass,Pass,
REC1168,1167,1167,Benthic Habitat Maps for the Insular Shelf South of St. Thomas and St. John,"St. Thomas, USVI",GV,Ground Validation,HD Seaviewer Drop Camera,GV2016_552,2016-09-13,13:51:40,2016,9,18.24723123,-64.81415683,2066506.92,-7215078.935,2066506.92,-7215078.935,0.001,-44.645401,44.645,https://nccospublicstor.blob.core.windows.net/biomapper/usviinsularshelf2017/videos/low/GV2016_552.mp4,Absent,Absent,Present,Present,Absent,Absent,Present,Present,Absent,Absent,Absent,,0,0,1,1,0,0,1,1,0,0,0,2,2,4,Pass,Pass,Pass,Pass,Pass,Pass,Pass,Pass,Pass,Pass,Pass,
REC1169,1168,1168,Benthic Habitat Maps for the Insular Shelf South of St. Thomas and St. John,"St. Thomas, USVI",GV,Ground Validation,HD Seaviewer Drop Camera,GV2016_553,2016-08-26,09:42:08,2016,8,18.20386187,-64.95286275,2061424.072,-7230519.607,2061424.072,-7230519.607,0.0,-47.24000549,47.24,https://nccospublicstor.blob.core.windows.net/biomapper/usviinsularshelf2017/videos/low/GV2016_553.mp4,Absent,Present,Present,Absent,Present,Absent,Present,Present,Absent,Absent,Absent,,0,1,1,0,1,0,1,1,0,0,0,2,3,5,Pass,Pass,Pass,Pass,Pass,Pass,Pass,Pass,Pass,Pass,Pass,
REC1170,1169,1169,Benthic Habitat Maps for the Insular Shelf South of St. Thomas and St. John,"St. Thomas, USVI",GV,Ground Validation,HD Seaviewer Drop Camera,GV2016_554,2016-08-29,09:01:43,2016,8,18.23868591,-64.85777081,2065505.316,-7219934.021,2065505.316,-7219934.021,0.0,-40.50336456,40.503,https://nccospublicstor.blob.core.windows.net/biomapper/usviinsularshelf2017/videos/low/GV2016_554.mp4,Absent,Absent,Present,Absent,Absent,Absent,Present,Present,Absent,Absent,Absent,,0,0,1,0,0,0,1,1,0,0,0,1,2,3,Pass,Pass,Pass,Pass,Pass,Pass,Pass,Pass,Pass,Pass,Pass,
REC1171,1170,1170,Benthic Habitat Maps for the Insular Shelf South of St. Thomas and St. John,"St. Thomas, USVI",GV,Ground Validation,HD Seaviewer Drop Camera,GV2016_555,2016-08-20,12:36:46,2016,8,18.28246016,-65.0886842,2070636.651,-7245639.181,2070636.651,-7245639.182,0.001,-34.28445053,34.284,https://nccospublicstor.blob.core.windows.net/biomapper/usviinsularshelf2017/videos/low/GV2016_555.mp4,Present,Absent,Absent,Present,Present,Present,Present,Present,Absent,Absent,Absent,,1,0,0,1,1,1,1,1,0,0,0,2,4,6,Pass,Pass,Pass,Pass,Pass,Pass,Pass,Pass,Pass,Pass,Pass,
REC1172,1171,1171,Benthic Habitat Maps for the Insular Shelf South of St. Thomas and St. John,"St. John, USVI",GV,Ground Validation,HD Seaviewer Drop Camera,GV2016_556,2016-09-16,15:56:05,2016,9,18.19401096,-64.74833874,2060269.731,-7207752.098,2060269.731,-7207752.098,0.0,-55.17844009,55.178,https://nccospublicstor.blob.core.windows.net/biomapper/usviinsularshelf2017/videos/low/GV2016_556.mp4,Absent,Present,Present,Absent,Present,Absent,Present,Present,Absent,Absent,Absent,,0,1,1,0,1,0,1,1,0,0,0,2,3,5,Pass,Pass,Pass,Pass,Pass,Pass,Pass,Pass,Pass,Pass,Pass,
REC1173,1172,1172,Benthic Habitat Maps for the Insular Shelf South of St. Thomas and St. John,"St. John, USVI",GV,Ground Validation,HD Seaviewer Drop Camera,GV2016_557,2016-09-16,13:50:40,2016,9,18.19417944,-64.77995245,2060289.473,-7211271.32,2060289.473,-7211271.32,0.0,-56.79636002,56.796,https://nccospublicstor.blob.core.windows.net/biomapper/usviinsularshelf2017/videos/low/GV2016_557.mp4,Absent,Absent,Present,Absent,Present,Absent,Present,Present,Absent,Absent,Absent,,0,0,1,0,1,0,1,1,0,0,0,1,3,4,Pass,Pass,Pass,Pass,Pass,Pass,Pass,Pass,Pass,Pass,Pass,
REC1174,1173,1173,Benthic Habitat Maps for the Insular Shelf South of St. Thomas and St. John,Puerto Rico,GV,Ground Validation,HD Seaviewer Drop Camera,GV2016_558,2016-08-21,09:49:38,2016,8,18.13164824,-65.20473534,2052963.508,-7258557.935,2052963.508,-7258557.935,0.0,-33.40706635,33.407,https://nccospublicstor.blob.core.windows.net/biomapper/usviinsularshelf2017/videos/low/GV2016_558.mp4,Absent,Present,Present,Absent,Present,Absent,Present,Present,Absent,Absent,Absent,,0,1,1,0,1,0,1,1,0,0,0,2,3,5,Pass,Pass,Pass,Pass,Pass,Pass,Pass,Pass,Pass,Pass,Pass,
REC1175,1174,1174,Benthic Habitat Maps for the Insular Shelf South of St. Thomas and St. John,"St. John, USVI",GV,Ground Validation,HD Seaviewer Drop Camera,GV2016_560,2016-09-11,08:59:03,2016,9,18.2688726,-64.7223786,2069043.742,-7204862.229,2069043.742,-7204862.229,0.0,-36.50495911,36.505,https://nccospublicstor.blob.core.windows.net/biomapper/usviinsularshelf2017/videos/low/GV2016_560.mp4,Absent,Present,Absent,Absent,Present,Absent,Present,Present,Absent,Absent,Absent,,0,1,0,0,1,0,1,1,0,0,0,1,3,4,Pass,Pass,Pass,Pass,Pass,Pass,Pass,Pass,Pass,Pass,Pass,
REC1176,1175,1175,Benthic Habitat Maps for the Insular Shelf South of St. Thomas and St. John,"St. Thomas, USVI",GV,Ground Validation,HD Seaviewer Drop Camera,GV2016_561,2016-08-30,13:16:31,2016,8,18.26351455,-64.84359235,2068415.637,-7218355.682,2068415.637,-7218355.682,0.0,-34.98825073,34.988,https://nccospublicstor.blob.core.windows.net/biomapper/usviinsularshelf2017/videos/low/GV2016_561.mp4,Absent,Present,Present,Absent,Absent,Absent,Present,Present,Absent,Absent,Absent,,0,1,1,0,0,0,1,1,0,0,0,2,2,4,Pass,Pass,Pass,Pass,Pass,Pass,Pass,Pass,Pass,Pass,Pass,
REC1177,1176,1176,Benthic Habitat Maps for the Insular Shelf South of St. Thomas and St. John,"St. John, USVI",GV,Ground Validation,HD Seaviewer Drop Camera,GV2016_562,2016-09-01,12:17:24,2016,9,18.30122657,-64.74854126,2072836.896,-7207774.643,2072836.896,-7207774.643,0.0,-28.50905609,28.509,https://nccospublicstor.blob.core.windows.net/biomapper/usviinsularshelf2017/videos/low/GV2016_562.mp4,Absent,Absent,Absent,Present,Absent,Absent,Absent,Present,Present,Present,Absent,Seagrass (Halophila stipulacea),0,0,0,1,0,0,0,1,1,1,0,1,1,4,Pass,Pass,Pass,Pass,Pass,Pass,Pass,Pass,Pass,Pass,Pass,
REC1178,1177,1177,Benthic Habitat Maps for the Insular Shelf South of St. Thomas and St. John,"St. Thomas, USVI",GV,Ground Validation,HD Seaviewer Drop Camera,GV2016_563,2016-08-28,10:37:55,2016,8,18.21766806,-64.91388392,2063042.007,-7226180.503,2063042.007,-7226180.503,0.0,-43.75914001,43.759,https://nccospublicstor.blob.core.windows.net/biomapper/usviinsularshelf2017/videos/low/GV2016_563.mp4,Present,Absent,Absent,Absent,Present,Present,Present,Present,Absent,Absent,Absent,Lionfish,1,0,0,0,1,1,1,1,0,0,0,1,4,5,Pass,Pass,Pass,Pass,Pass,Pass,Pass,Pass,Pass,Pass,Pass,
REC1179,1178,1178,Benthic Habitat Maps for the Insular Shelf South of St. Thomas and St. John,"St. John, USVI",GV,Ground Validation,HD Seaviewer Drop Camera,GV2016_564,2016-09-16,10:54:44,2016,9,18.19933145,-64.80204228,2060893.184,-7213730.349,2060893.184,-7213730.349,0.0,-55.04663086,55.047,https://nccospublicstor.blob.core.windows.net/biomapper/usviinsularshelf2017/videos/low/GV2016_564.mp4,Absent,Absent,Present,Absent,Present,Absent,Present,Present,Absent,Absent,Absent,,0,0,1,0,1,0,1,1,0,0,0,1,3,4,Pass,Pass,Pass,Pass,Pass,Pass,Pass,Pass,Pass,Pass,Pass,
REC1180,1179,1179,Benthic Habitat Maps for the Insular Shelf South of St. Thomas and St. John,"St. John, USVI",GV,Ground Validation,HD Seaviewer Drop Camera,GV2016_565,2016-09-11,12:05:46,2016,9,18.27892692,-64.75378577,2070222.427,-7208358.459,2070222.427,-7208358.459,0.0,-33.95677567,33.957,https://nccospublicstor.blob.core.windows.net/biomapper/usviinsularshelf2017/videos/low/GV2016_565.mp4,Absent,Absent,Absent,Present,Absent,Absent,Absent,Absent,Absent,Absent,Absent,,0,0,0,1,0,0,0,0,0,0,0,1,0,1,Pass,Pass,Pass,Pass,Pass,Pass,Pass,Pass,Pass,Pass,Pass,
REC1181,1180,1180,Benthic Habitat Maps for the Insular Shelf South of St. Thomas and St. John,"St. Thomas, USVI",GV,Ground Validation,HD Seaviewer Drop Camera,GV2016_566,2016-08-27,12:29:44,2016,8,18.25496072,-64.99332501,2067412.942,-7235023.845,2067412.942,-7235023.845,0.0,-37.15283966,37.153,https://nccospublicstor.blob.core.windows.net/biomapper/usviinsularshelf2017/videos/low/GV2016_566.mp4,Absent,Absent,Present,Present,Absent,Absent,Present,Present,Absent,Absent,Absent,,0,0,1,1,0,0,1,1,0,0,0,2,2,4,Pass,Pass,Pass,Pass,Pass,Pass,Pass,Pass,Pass,Pass,Pass,
REC1182,1181,1181,Benthic Habitat Maps for the Insular Shelf South of St. Thomas and St. John,"St. Thomas, USVI",GV,Ground Validation,HD Seaviewer Drop Camera,GV2016_567,2016-08-27,08:29:35,2016,8,18.20131147,-65.09203975,2061125.207,-7246012.72,2061125.207,-7246012.72,0.0,-37.67355347,37.674,https://nccospublicstor.blob.core.windows.net/biomapper/usviinsularshelf2017/videos/low/GV2016_567.mp4,Present,Absent,Absent,Absent,Present,Absent,Present,Present,Absent,Absent,Absent,,1,0,0,0,1,0,1,1,0,0,0,1,3,4,Pass,Pass,Pass,Pass,Pass,Pass,Pass,Pass,Pass,Pass,Pass,
REC1183,1182,1182,Benthic Habitat Maps for the Insular Shelf South of St. Thomas and St. John,"St. Thomas, USVI",GV,Ground Validation,HD Seaviewer Drop Camera,GV2016_568,2016-08-26,10:58:03,2016,8,18.20908003,-65.00831676,2062035.568,-7236692.719,2062035.568,-7236692.719,0.0,-44.21527481,44.215,https://nccospublicstor.blob.core.windows.net/biomapper/usviinsularshelf2017/videos/low/GV2016_568.mp4,Present,Absent,Absent,Absent,Present,Absent,Present,Present,Absent,Absent,Absent,,1,0,0,0,1,0,1,1,0,0,0,1,3,4,Pass,Pass,Pass,Pass,Pass,Pass,Pass,Pass,Pass,Pass,Pass,
REC1184,1183,1183,Benthic Habitat Maps for the Insular Shelf South of St. Thomas and St. John,Puerto Rico,GV,Ground Validation,HD Seaviewer Drop Camera,GV2016_570,2016-08-23,10:26:29,2016,8,18.20341375,-65.15242692,2061371.559,-7252734.989,2061371.559,-7252734.989,0.0,-39.59928131,39.599,https://nccospublicstor.blob.core.windows.net/biomapper/usviinsularshelf2017/videos/low/GV2016_570.mp4,Present,Absent,Absent,Present,Present,Absent,Present,Present,Absent,Absent,Absent,,1,0,0,1,1,0,1,1,0,0,0,2,3,5,Pass,Pass,Pass,Pass,Pass,Pass,Pass,Pass,Pass,Pass,Pass,
REC1185,1184,1184,Benthic Habitat Maps for the Insular Shelf South of St. Thomas and St. John,"St. Thomas, USVI",GV,Ground Validation,HD Seaviewer Drop Camera,GV2016_571,2016-08-26,10:43:52,2016,8,18.20901313,-65.00254076,2062027.728,-7236049.738,2062027.728,-7236049.738,0.0,-45.54050827,45.541,https://nccospublicstor.blob.core.windows.net/biomapper/usviinsularshelf2017/videos/low/GV2016_571.mp4,Present,Absent,Absent,Absent,Present,Absent,Present,Present,Absent,Absent,Absent,,1,0,0,0,1,0,1,1,0,0,0,1,3,4,Pass,Pass,Pass,Pass,Pass,Pass,Pass,Pass,Pass,Pass,Pass,
REC1186,1185,1185,Benthic Habitat Maps for the Insular Shelf South of St. Thomas and St. John,"St. John, USVI",GV,Ground Validation,HD Seaviewer Drop Camera,GV2016_572,2016-09-11,10:21:42,2016,9,18.29383137,-64.68505763,2071969.826,-7200707.677,2071969.826,-7200707.677,0.0,-33.93423462,33.934,https://nccospublicstor.blob.core.windows.net/biomapper/usviinsularshelf2017/videos/low/GV2016_572.mp4,Absent,Absent,Present,Absent,Absent,Absent,Present,Present,Absent,Absent,Absent,,0,0,1,0,0,0,1,1,0,0,0,1,2,3,Pass,Pass,Pass,Pass,Pass,Pass,Pass,Pass,Pass,Pass,Pass,
REC1187,1186,1186,Benthic Habitat Maps for the Insular Shelf South of St. Thomas and St. John,Puerto Rico,GV,Ground Validation,HD Seaviewer Drop Camera,GV2016_573,2016-08-23,12:16:02,2016,8,18.17785201,-65.15549914,2058376.348,-7253076.987,2058376.348,-7253076.987,0.0,-49.65418625,49.654,https://nccospublicstor.blob.core.windows.net/biomapper/usviinsularshelf2017/videos/low/GV2016_573.mp4,Present,Absent,Absent,Present,Present,Absent,Present,Present,Absent,Absent,Absent,,1,0,0,1,1,0,1,1,0,0,0,2,3,5,Pass,Pass,Pass,Pass,Pass,Pass,Pass,Pass,Pass,Pass,Pass,
REC1188,1187,1187,Benthic Habitat Maps for the Insular Shelf South of St. Thomas and St. John,"St. Thomas, USVI",GV,Ground Validation,HD Seaviewer Drop Camera,GV2016_574,2016-08-26,14:24:42,2016,8,18.19805007,-65.12800503,2060743.031,-7250016.356,2060743.031,-7250016.356,0.001,-40.51900482,40.519,https://nccospublicstor.blob.core.windows.net/biomapper/usviinsularshelf2017/videos/low/GV2016_574.mp4,Present,Absent,Absent,Absent,Present,Present,Present,Present,Absent,Absent,Absent,,1,0,0,0,1,1,1,1,0,0,0,1,4,5,Pass,Pass,Pass,Pass,Pass,Pass,Pass,Pass,Pass,Pass,Pass,
REC1189,1188,1188,Benthic Habitat Maps for the Insular Shelf South of St. Thomas and St. John,"St. Thomas, USVI",GV,Ground Validation,HD Seaviewer Drop Camera,GV2016_575,2016-08-30,13:41:33,2016,8,18.27933169,-64.82677296,2070269.88,-7216483.356,2070269.88,-7216483.356,0.0,-21.31834602,21.318,https://nccospublicstor.blob.core.windows.net/biomapper/usviinsularshelf2017/videos/low/GV2016_575.mp4,Absent,Present,Absent,Present,Absent,Absent,Present,Present,Absent,Absent,Absent,,0,1,0,1,0,0,1,1,0,0,0,2,2,4,Pass,Pass,Pass,Pass,Pass,Pass,Pass,Pass,Pass,Pass,Pass,
REC1190,1189,1189,Benthic Habitat Maps for the Insular Shelf South of St. Thomas and St. John,"St. Thomas, USVI",GV,Ground Validation,HD Seaviewer Drop Camera,GV2016_576,2016-08-26,13:45:15,2016,8,18.18272026,-65.08926914,2058946.754,-7245704.297,2058946.754,-7245704.297,0.0,-30.80958748,30.81,https://nccospublicstor.blob.core.windows.net/biomapper/usviinsularshelf2017/videos/low/GV2016_576.mp4,Present,Absent,Absent,Absent,Present,Present,Present,Present,Absent,Absent,Absent,High Coral cover >70%,1,0,0,0,1,1,1,1,0,0,0,1,4,5,Pass,Pass,Pass,Pass,Pass,Pass,Pass,Pass,Pass,Pass,Pass,
REC1191,1190,1190,Benthic Habitat Maps for the Insular Shelf South of St. Thomas and St. John,"St. John, USVI",GV,Ground Validation,HD Seaviewer Drop Camera,GV2016_577,2016-09-02,11:30:57,2016,9,18.29456048,-64.71132213,2072055.311,-7203631.428,2072055.311,-7203631.428,0.0,-28.61961174,28.62,https://nccospublicstor.blob.core.windows.net/biomapper/usviinsularshelf2017/videos/low/GV2016_577.mp4,Absent,Absent,Present,Present,Absent,Absent,Present,Present,Absent,Absent,Absent,,0,0,1,1,0,0,1,1,0,0,0,2,2,4,Pass,Pass,Pass,Pass,Pass,Pass,Pass,Pass,Pass,Pass,Pass,
REC1192,1191,1191,Benthic Habitat Maps for the Insular Shelf South of St. Thomas and St. John,"St. Thomas, USVI",GV,Ground Validation,HD Seaviewer Drop Camera,GV2016_578,2016-08-25,12:37:00,2016,8,18.24006373,-65.13147759,2065666.808,-7250402.92,2065666.808,-7250402.92,0.0,-38.75397491,38.754,https://nccospublicstor.blob.core.windows.net/biomapper/usviinsularshelf2017/videos/low/GV2016_578.mp4,Present,Absent,Absent,Absent,Present,Present,Present,Present,Absent,Absent,Absent,,1,0,0,0,1,1,1,1,0,0,0,1,4,5,Pass,Pass,Pass,Pass,Pass,Pass,Pass,Pass,Pass,Pass,Pass,
REC1193,1192,1192,Benthic Habitat Maps for the Insular Shelf South of St. Thomas and St. John,Puerto Rico,GV,Ground Validation,HD Seaviewer Drop Camera,GV2016_579,2016-08-23,10:46:12,2016,8,18.192522,-65.14763452,2060095.259,-7252201.501,2060095.259,-7252201.501,0.0,-43.04986572,43.05,https://nccospublicstor.blob.core.windows.net/biomapper/usviinsularshelf2017/videos/low/GV2016_579.mp4,Present,Absent,Absent,Absent,Present,Absent,Present,Present,Absent,Absent,Absent,,1,0,0,0,1,0,1,1,0,0,0,1,3,4,Pass,Pass,Pass,Pass,Pass,Pass,Pass,Pass,Pass,Pass,Pass,
REC1194,1193,1193,Benthic Habitat Maps for the Insular Shelf South of St. Thomas and St. John,Puerto Rico,GV,Ground Validation,HD Seaviewer Drop Camera,GV2016_580,2016-08-23,13:42:05,2016,8,18.1772914,-65.18293348,2058310.663,-7256130.963,2058310.663,-7256130.963,0.0,-39.7023201,39.702,https://nccospublicstor.blob.core.windows.net/biomapper/usviinsularshelf2017/videos/low/GV2016_580.mp4,Present,Absent,Absent,Absent,Present,Present,Present,Present,Absent,Absent,Absent,,1,0,0,0,1,1,1,1,0,0,0,1,4,5,Pass,Pass,Pass,Pass,Pass,Pass,Pass,Pass,Pass,Pass,Pass,
REC1195,1194,1194,Benthic Habitat Maps for the Insular Shelf South of St. Thomas and St. John,Puerto Rico,GV,Ground Validation,HD Seaviewer Drop Camera,GV2016_581,2016-08-22,09:27:46,2016,8,18.18151245,-65.22771455,2058805.235,-7261115.969,2058805.235,-7261115.969,0.0,-33.57860565,33.579,https://nccospublicstor.blob.core.windows.net/biomapper/usviinsularshelf2017/videos/low/GV2016_581.mp4,Present,Absent,Absent,Absent,Present,Present,Present,Present,Absent,Absent,Absent,,1,0,0,0,1,1,1,1,0,0,0,1,4,5,Pass,Pass,Pass,Pass,Pass,Pass,Pass,Pass,Pass,Pass,Pass,
REC1196,1195,1195,Benthic Habitat Maps for the Insular Shelf South of St. Thomas and St. John,Puerto Rico,GV,Ground Validation,HD Seaviewer Drop Camera,GV2016_582,2016-08-23,09:57:46,2016,8,18.1957867,-65.16881936,2060477.809,-7254559.787,2060477.809,-7254559.787,0.0,-39.60705185,39.607,https://nccospublicstor.blob.core.windows.net/biomapper/usviinsularshelf2017/videos/low/GV2016_582.mp4,Present,Absent,Absent,Absent,Present,Present,Present,Present,Absent,Absent,Absent,,1,0,0,0,1,1,1,1,0,0,0,1,4,5,Pass,Pass,Pass,Pass,Pass,Pass,Pass,Pass,Pass,Pass,Pass,
REC1197,1196,1196,Benthic Habitat Maps for the Insular Shelf South of St. Thomas and St. John,"St. Thomas, USVI",GV,Ground Validation,HD Seaviewer Drop Camera,GV2016_583,2016-09-09,13:29:36,2016,9,18.21694412,-64.82541752,2062957.166,-7216332.469,2062957.166,-7216332.469,0.0,-52.12872696,52.129,https://nccospublicstor.blob.core.windows.net/biomapper/usviinsularshelf2017/videos/low/GV2016_583.mp4,Absent,Absent,Present,Absent,Absent,Absent,Present,Present,Absent,Absent,Absent,,0,0,1,0,0,0,1,1,0,0,0,1,2,3,Pass,Pass,Pass,Pass,Pass,Pass,Pass,Pass,Pass,Pass,Pass,
REC1198,1197,1197,Benthic Habitat Maps for the Insular Shelf South of St. Thomas and St. John,Puerto Rico,GV,Ground Validation,HD Seaviewer Drop Camera,GV2016_584,2016-08-22,09:55:26,2016,8,18.17410988,-65.21521187,2057937.899,-7259724.177,2057937.899,-7259724.177,0.001,-41.79141617,41.791,https://nccospublicstor.blob.core.windows.net/biomapper/usviinsularshelf2017/videos/low/GV2016_584.mp4,Absent,Present,Absent,Present,Absent,Absent,Present,Present,Absent,Absent,Absent,,0,1,0,1,0,0,1,1,0,0,0,2,2,4,Pass,Pass,Pass,Pass,Pass,Pass,Pass,Pass,Pass,Pass,Pass,
REC1199,1198,1198,Benthic Habitat Maps for the Insular Shelf South of St. Thomas and St. John,"St. Thomas, USVI",GV,Ground Validation,HD Seaviewer Drop Camera,GV2016_585,2016-08-25,14:47:37,2016,8,18.26547221,-65.05590341,2068645.124,-7241990.041,2068645.124,-7241990.041,0.0,-34.61082459,34.611,https://nccospublicstor.blob.core.windows.net/biomapper/usviinsularshelf2017/videos/low/GV2016_585.mp4,Absent,Absent,Present,Present,Absent,Absent,Present,Present,Absent,Absent,Absent,,0,0,1,1,0,0,1,1,0,0,0,2,2,4,Pass,Pass,Pass,Pass,Pass,Pass,Pass,Pass,Pass,Pass,Pass,
REC1200,1199,1199,Benthic Habitat Maps for the Insular Shelf South of St. Thomas and St. John,"St. John, USVI",GV,Ground Validation,HD Seaviewer Drop Camera,GV2016_586,2016-09-11,10:56:03,2016,9,18.27694916,-64.73347601,2069990.565,-7206097.587,2069990.565,-7206097.587,0.0,-36.48679352,36.487,https://nccospublicstor.blob.core.windows.net/biomapper/usviinsularshelf2017/videos/low/GV2016_586.mp4,Absent,Absent,Present,Present,Absent,Absent,Present,Present,Absent,Absent,Absent,,0,0,1,1,0,0,1,1,0,0,0,2,2,4,Pass,Pass,Pass,Pass,Pass,Pass,Pass,Pass,Pass,Pass,Pass,
REC1201,1200,1200,Benthic Habitat Maps for the Insular Shelf South of St. Thomas and St. John,"St. Thomas, USVI",GV,Ground Validation,HD Seaviewer Drop Camera,GV2016_588,2016-08-27,10:19:47,2016,8,18.23972399,-65.05846514,2065626.988,-7242275.211,2065626.988,-7242275.211,0.0,-36.44533539,36.445,https://nccospublicstor.blob.core.windows.net/biomapper/usviinsularshelf2017/videos/low/GV2016_588.mp4,Present,Present,Absent,Present,Present,Absent,Present,Present,Absent,Absent,Absent,,1,1,0,1,1,0,1,1,0,0,0,3,3,6,Pass,Pass,Pass,Pass,Pass,Pass,Pass,Pass,Pass,Pass,Pass,
REC1202,1201,1201,Benthic Habitat Maps for the Insular Shelf South of St. Thomas and St. John,Puerto Rico,GV,Ground Validation,HD Seaviewer Drop Camera,GV2016_589,2016-08-23,14:41:26,2016,8,18.22493378,-65.1703849,2063893.522,-7254734.062,2063893.522,-7254734.062,0.0,-37.25035095,37.25,https://nccospublicstor.blob.core.windows.net/biomapper/usviinsularshelf2017/videos/low/GV2016_589.mp4,Present,Absent,Absent,Absent,Present,Absent,Present,Present,Absent,Absent,Absent,,1,0,0,0,1,0,1,1,0,0,0,1,3,4,Pass,Pass,Pass,Pass,Pass,Pass,Pass,Pass,Pass,Pass,Pass,
REC1203,1202,1202,Benthic Habitat Maps for the Insular Shelf South of St. Thomas and St. John,"St. John, USVI",GV,Ground Validation,HD Seaviewer Drop Camera,GV2016_590,2016-09-13,10:23:22,2016,9,18.24522036,-64.78870088,2066271.22,-7212245.191,2066271.22,-7212245.191,0.0,-45.61466217,45.615,https://nccospublicstor.blob.core.windows.net/biomapper/usviinsularshelf2017/videos/low/GV2016_590.mp4,Absent,Absent,Present,Absent,Absent,Absent,Present,Present,Absent,Absent,Absent,,0,0,1,0,0,0,1,1,0,0,0,1,2,3,Pass,Pass,Pass,Pass,Pass,Pass,Pass,Pass,Pass,Pass,Pass,
REC1204,1203,1203,Benthic Habitat Maps for the Insular Shelf South of St. Thomas and St. John,"St. Thomas, USVI",GV,Ground Validation,HD Seaviewer Drop Camera,GV2016_591,2016-08-26,13:36:43,2016,8,18.18987956,-65.08446809,2059785.628,-7245169.846,2059785.628,-7245169.846,0.0,-34.10881042,34.109,https://nccospublicstor.blob.core.windows.net/biomapper/usviinsularshelf2017/videos/low/GV2016_591.mp4,Present,Absent,Absent,Absent,Present,Absent,Present,Present,Absent,Absent,Absent,High Coral cover >70%,1,0,0,0,1,0,1,1,0,0,0,1,3,4,Pass,Pass,Pass,Pass,Pass,Pass,Pass,Pass,Pass,Pass,Pass,
REC1205,1204,1204,Benthic Habitat Maps for the Insular Shelf South of St. Thomas and St. John,"St. Thomas, USVI",GV,Ground Validation,HD Seaviewer Drop Camera,GV2016_592,2016-08-26,12:56:05,2016,8,18.20176858,-65.06678831,2061178.772,-7243201.742,2061178.772,-7243201.742,0.0,-38.77280808,38.773,https://nccospublicstor.blob.core.windows.net/biomapper/usviinsularshelf2017/videos/low/GV2016_592.mp4,Present,Absent,Absent,Absent,Present,Present,Present,Present,Absent,Absent,Absent,,1,0,0,0,1,1,1,1,0,0,0,1,4,5,Pass,Pass,Pass,Pass,Pass,Pass,Pass,Pass,Pass,Pass,Pass,
REC1206,1205,1205,Benthic Habitat Maps for the Insular Shelf South of St. Thomas and St. John,Puerto Rico,GV,Ground Validation,HD Seaviewer Drop Camera,GV2016_593,2016-08-22,09:42:28,2016,8,18.1680291,-65.21872797,2057225.46,-7260115.588,2057225.46,-7260115.588,0.0,-40.72952652,40.73,https://nccospublicstor.blob.core.windows.net/biomapper/usviinsularshelf2017/videos/low/GV2016_593.mp4,Absent,Present,Absent,Present,Absent,Absent,Present,Present,Absent,Absent,Absent,,0,1,0,1,0,0,1,1,0,0,0,2,2,4,Pass,Pass,Pass,Pass,Pass,Pass,Pass,Pass,Pass,Pass,Pass,
REC1207,1206,1206,Benthic Habitat Maps for the Insular Shelf South of St. Thomas and St. John,"St. Thomas, USVI",GV,Ground Validation,HD Seaviewer Drop Camera,GV2016_594,2016-08-26,08:33:40,2016,8,18.2017449,-64.92227822,2061175.997,-7227114.953,2061175.997,-7227114.953,0.001,-52.67462158,52.675,https://nccospublicstor.blob.core.windows.net/biomapper/usviinsularshelf2017/videos/low/GV2016_594.mp4,Absent,Present,Present,Absent,Present,Absent,Present,Present,Absent,Absent,Absent,,0,1,1,0,1,0,1,1,0,0,0,2,3,5,Pass,Pass,Pass,Pass,Pass,Pass,Pass,Pass,Pass,Pass,Pass,
REC1208,1207,1207,Benthic Habitat Maps for the Insular Shelf South of St. Thomas and St. John,"St. John, USVI",GV,Ground Validation,HD Seaviewer Drop Camera,GV2016_595,2016-09-13,12:23:56,2016,9,18.22268282,-64.80527711,2063629.714,-7214090.449,2063629.714,-7214090.449,0.0,-51.5140152,51.514,https://nccospublicstor.blob.core.windows.net/biomapper/usviinsularshelf2017/videos/low/GV2016_595.mp4,Absent,Present,Present,Present,Present,Absent,Present,Present,Absent,Absent,Absent,,0,1,1,1,1,0,1,1,0,0,0,3,3,6,Pass,Pass,Pass,Pass,Pass,Pass,Pass,Pass,Pass,Pass,Pass,
REC1209,1208,1208,Benthic Habitat Maps for the Insular Shelf South of St. Thomas and St. John,"St. Thomas, USVI",GV,Ground Validation,HD Seaviewer Drop Camera,GV2016_596,2016-08-28,09:53:32,2016,8,18.18395388,-64.89475867,2059091.298,-7224051.49,2059091.298,-7224051.49,0.0,-54.41989517,54.42,https://nccospublicstor.blob.core.windows.net/biomapper/usviinsularshelf2017/videos/low/GV2016_596.mp4,Absent,Absent,Present,Absent,Present,Absent,Present,Present,Absent,Absent,Absent,,0,0,1,0,1,0,1,1,0,0,0,1,3,4,Pass,Pass,Pass,Pass,Pass,Pass,Pass,Pass,Pass,Pass,Pass,
REC1210,1209,1209,Benthic Habitat Maps for the Insular Shelf South of St. Thomas and St. John,"St. Thomas, USVI",GV,Ground Validation,HD Seaviewer Drop Camera,GV2016_597,2016-08-30,11:01:55,2016,8,18.24612957,-64.94509808,2066377.791,-7229655.248,2066377.791,-7229655.248,0.0,-39.6980629,39.698,https://nccospublicstor.blob.core.windows.net/biomapper/usviinsularshelf2017/videos/low/GV2016_597.mp4,Present,Absent,Absent,Present,Present,Present,Present,Present,Absent,Absent,Absent,,1,0,0,1,1,1,1,1,0,0,0,2,4,6,Pass,Pass,Pass,Pass,Pass,Pass,Pass,Pass,Pass,Pass,Pass,
REC1211,1210,1210,Benthic Habitat Maps for the Insular Shelf South of St. Thomas and St. John,"St. Thomas, USVI",GV,Ground Validation,HD Seaviewer Drop Camera,GV2016_598,2016-08-26,09:04:30,2016,8,18.21307843,-64.93997681,2062504.138,-7229085.151,2062504.138,-7229085.151,0.0,-44.55395126,44.554,https://nccospublicstor.blob.core.windows.net/biomapper/usviinsularshelf2017/videos/low/GV2016_598.mp4,Absent,Absent,Present,Present,Absent,Absent,Present,Present,Absent,Absent,Absent,,0,0,1,1,0,0,1,1,0,0,0,2,2,4,Pass,Pass,Pass,Pass,Pass,Pass,Pass,Pass,Pass,Pass,Pass,
REC1212,1211,1211,Benthic Habitat Maps for the Insular Shelf South of St. Thomas and St. John,"St. Thomas, USVI",GV,Ground Validation,HD Seaviewer Drop Camera,GV2016_599,2016-09-09,13:55:04,2016,9,18.22952826,-64.83450708,2064431.995,-7217344.314,2064431.995,-7217344.314,0.0,-45.31207657,45.312,https://nccospublicstor.blob.core.windows.net/biomapper/usviinsularshelf2017/videos/low/GV2016_599.mp4,Absent,Absent,Present,Absent,Absent,Absent,Present,Present,Absent,Absent,Absent,,0,0,1,0,0,0,1,1,0,0,0,1,2,3,Pass,Pass,Pass,Pass,Pass,Pass,Pass,Pass,Pass,Pass,Pass,
REC1213,1212,1212,Benthic Habitat Maps for the Insular Shelf South of St. Thomas and St. John,Puerto Rico,GV,Ground Validation,HD Seaviewer Drop Camera,GV2016_600,2016-08-23,11:30:44,2016,8,18.17372766,-65.14250498,2057893.116,-7251630.483,2057893.116,-7251630.483,0.0,-38.12948608,38.129,https://nccospublicstor.blob.core.windows.net/biomapper/usviinsularshelf2017/videos/low/GV2016_600.mp4,Present,Absent,Absent,Absent,Present,Absent,Present,Present,Absent,Absent,Absent,,1,0,0,0,1,0,1,1,0,0,0,1,3,4,Pass,Pass,Pass,Pass,Pass,Pass,Pass,Pass,Pass,Pass,Pass,
REC1214,1213,1213,Benthic Habitat Maps for the Insular Shelf South of St. Thomas and St. John,"St. Thomas, USVI",GV,Ground Validation,HD Seaviewer Drop Camera,GV2016_601,2016-09-13,12:40:49,2016,9,18.22045525,-64.81530008,2063368.651,-7215206.201,2063368.651,-7215206.201,0.001,-53.3044281,53.304,https://nccospublicstor.blob.core.windows.net/biomapper/usviinsularshelf2017/videos/low/GV2016_601.mp4,Absent,Present,Present,Absent,Present,Absent,Present,Present,Absent,Absent,Absent,,0,1,1,0,1,0,1,1,0,0,0,2,3,5,Pass,Pass,Pass,Pass,Pass,Pass,Pass,Pass,Pass,Pass,Pass,
REC1215,1214,1214,Benthic Habitat Maps for the Insular Shelf South of St. Thomas and St. John,"St. John, USVI",GV,Ground Validation,HD Seaviewer Drop Camera,GV2016_602,2016-09-12,13:03:23,2016,9,18.23589218,-64.6763688,2065177.871,-7199740.441,2065177.872,-7199740.441,0.001,-54.81398392,54.814,https://nccospublicstor.blob.core.windows.net/biomapper/usviinsularshelf2017/videos/low/GV2016_602.mp4,Absent,Present,Present,Absent,Present,Absent,Present,Present,Absent,Absent,Absent,,0,1,1,0,1,0,1,1,0,0,0,2,3,5,Pass,Pass,Pass,Pass,Pass,Pass,Pass,Pass,Pass,Pass,Pass,
REC1216,1215,1215,Benthic Habitat Maps for the Insular Shelf South of St. Thomas and St. John,"St. John, USVI",GV,Ground Validation,HD Seaviewer Drop Camera,GV2016_603,2016-08-31,10:49:37,2016,8,18.28765326,-64.80174767,2071245.486,-7213697.553,2071245.486,-7213697.553,0.0,-28.34950447,28.35,https://nccospublicstor.blob.core.windows.net/biomapper/usviinsularshelf2017/videos/low/GV2016_603.mp4,Absent,Absent,Present,Present,Absent,Absent,Present,Present,Absent,Absent,Absent,,0,0,1,1,0,0,1,1,0,0,0,2,2,4,Pass,Pass,Pass,Pass,Pass,Pass,Pass,Pass,Pass,Pass,Pass,
REC1217,1216,1216,Benthic Habitat Maps for the Insular Shelf South of St. Thomas and St. John,"St. John, USVI",GV,Ground Validation,HD Seaviewer Drop Camera,GV2016_604,2016-09-16,14:45:25,2016,9,18.18645971,-64.77035119,2059384.911,-7210202.513,2059384.911,-7210202.513,0.0,-56.23331833,56.233,https://nccospublicstor.blob.core.windows.net/biomapper/usviinsularshelf2017/videos/low/GV2016_604.mp4,Absent,Present,Present,Absent,Present,Absent,Present,Present,Absent,Absent,Absent,,0,1,1,0,1,0,1,1,0,0,0,2,3,5,Pass,Pass,Pass,Pass,Pass,Pass,Pass,Pass,Pass,Pass,Pass,
REC1218,1217,1217,Benthic Habitat Maps for the Insular Shelf South of St. Thomas and St. John,"St. Thomas, USVI",GV,Ground Validation,HD Seaviewer Drop Camera,GV2016_605,2016-08-27,14:59:42,2016,8,18.25237081,-65.02186852,2067109.358,-7238201.294,2067109.358,-7238201.294,0.0,-37.74685669,37.747,https://nccospublicstor.blob.core.windows.net/biomapper/usviinsularshelf2017/videos/low/GV2016_605.mp4,Absent,Present,Present,Present,Present,Absent,Present,Present,Absent,Absent,Absent,,0,1,1,1,1,0,1,1,0,0,0,3,3,6,Pass,Pass,Pass,Pass,Pass,Pass,Pass,Pass,Pass,Pass,Pass,
REC1219,1218,1218,Benthic Habitat Maps for the Insular Shelf South of St. Thomas and St. John,Puerto Rico,GV,Ground Validation,HD Seaviewer Drop Camera,GV2016_606,2016-08-21,13:21:23,2016,8,18.14782703,-65.25852729,2054858.714,-7264546.028,2054858.714,-7264546.028,0.0,-23.4827137,23.483,https://nccospublicstor.blob.core.windows.net/biomapper/usviinsularshelf2017/videos/low/GV2016_606.mp4,Absent,Present,Absent,Absent,Present,Absent,Present,Present,Absent,Absent,Absent,nurse shark,0,1,0,0,1,0,1,1,0,0,0,1,3,4,Pass,Pass,Pass,Pass,Pass,Pass,Pass,Pass,Pass,Pass,Pass,
REC1220,1219,1219,Benthic Habitat Maps for the Insular Shelf South of St. Thomas and St. John,"St. John, USVI",GV,Ground Validation,HD Seaviewer Drop Camera,GV2016_607,2016-09-16,15:05:34,2016,9,18.18447643,-64.7565429,2059152.526,-7208665.381,2059152.526,-7208665.381,0.0,-55.83515167,55.835,https://nccospublicstor.blob.core.windows.net/biomapper/usviinsularshelf2017/videos/low/GV2016_607.mp4,Absent,Present,Present,Absent,Present,Absent,Present,Present,Absent,Absent,Absent,,0,1,1,0,1,0,1,1,0,0,0,2,3,5,Pass,Pass,Pass,Pass,Pass,Pass,Pass,Pass,Pass,Pass,Pass,
REC1221,1220,1220,Benthic Habitat Maps for the Insular Shelf South of St. Thomas and St. John,"St. John, USVI",GV,Ground Validation,HD Seaviewer Drop Camera,GV2016_608,2016-09-16,13:25:42,2016,9,18.20893794,-64.77354993,2062018.917,-7210558.595,2062018.917,-7210558.595,0.0,-55.15402222,55.154,https://nccospublicstor.blob.core.windows.net/biomapper/usviinsularshelf2017/videos/low/GV2016_608.mp4,Absent,Absent,Present,Absent,Absent,Absent,Present,Present,Absent,Absent,Absent,,0,0,1,0,0,0,1,1,0,0,0,1,2,3,Pass,Pass,Pass,Pass,Pass,Pass,Pass,Pass,Pass,Pass,Pass,
REC1222,1221,1221,Benthic Habitat Maps for the Insular Shelf South of St. Thomas and St. John,"St. Thomas, USVI",GV,Ground Validation,HD Seaviewer Drop Camera,GV2016_609,2016-08-25,13:15:33,2016,8,18.24657265,-65.10522985,2066429.725,-7247481.035,2066429.725,-7247481.035,0.0,-36.37340546,36.373,https://nccospublicstor.blob.core.windows.net/biomapper/usviinsularshelf2017/videos/low/GV2016_609.mp4,Present,Absent,Absent,Present,Present,Absent,Present,Present,Absent,Absent,Absent,,1,0,0,1,1,0,1,1,0,0,0,2,3,5,Pass,Pass,Pass,Pass,Pass,Pass,Pass,Pass,Pass,Pass,Pass,
REC1223,1222,1222,Benthic Habitat Maps for the Insular Shelf South of St. Thomas and St. John,"St. Thomas, USVI",GV,Ground Validation,HD Seaviewer Drop Camera,GV2016_610,2016-09-09,14:40:24,2016,9,18.26100666,-64.81808898,2068121.653,-7215516.659,2068121.652,-7215516.659,0.001,-36.64936447,36.649,https://nccospublicstor.blob.core.windows.net/biomapper/usviinsularshelf2017/videos/low/GV2016_610.mp4,Absent,Absent,Present,Present,Absent,Absent,Present,Present,Absent,Absent,Absent,,0,0,1,1,0,0,1,1,0,0,0,2,2,4,Pass,Pass,Pass,Pass,Pass,Pass,Pass,Pass,Pass,Pass,Pass,
REC1224,1223,1223,Benthic Habitat Maps for the Insular Shelf South of St. Thomas and St. John,"St. Thomas, USVI",GV,Ground Validation,HD Seaviewer Drop Camera,GV2016_612,2016-08-29,14:07:16,2016,8,18.23298764,-64.97582858,2064837.445,-7233076.151,2064837.445,-7233076.151,0.0,-40.40646362,40.406,https://nccospublicstor.blob.core.windows.net/biomapper/usviinsularshelf2017/videos/low/GV2016_612.mp4,Absent,Absent,Absent,Present,Absent,Absent,Present,Present,Absent,Absent,Absent,Great Barracuda,0,0,0,1,0,0,1,1,0,0,0,1,2,3,Pass,Pass,Pass,Pass,Pass,Pass,Pass,Pass,Pass,Pass,Pass,
REC1225,1224,1224,Benthic Habitat Maps for the Insular Shelf South of St. Thomas and St. John,"St. John, USVI",GV,Ground Validation,HD Seaviewer Drop Camera,GV2016_613,2016-09-13,11:20:24,2016,9,18.22944714,-64.78536973,2064422.488,-7211874.369,2064422.488,-7211874.369,0.0,-51.65606689,51.656,https://nccospublicstor.blob.core.windows.net/biomapper/usviinsularshelf2017/videos/low/GV2016_613.mp4,Absent,Absent,Present,Present,Absent,Absent,Present,Present,Absent,Absent,Absent,,0,0,1,1,0,0,1,1,0,0,0,2,2,4,Pass,Pass,Pass,Pass,Pass,Pass,Pass,Pass,Pass,Pass,Pass,
REC1226,1225,1225,Benthic Habitat Maps for the Insular Shelf South of St. Thomas and St. John,"St. John, USVI",GV,Ground Validation,HD Seaviewer Drop Camera,GV2016_614,2016-09-17,06:59:50,2016,9,18.25109993,-64.7682937,2066960.389,-7209973.474,2066960.389,-7209973.474,0.0,-45.78072739,45.781,https://nccospublicstor.blob.core.windows.net/biomapper/usviinsularshelf2017/videos/low/GV2016_614.mp4,Absent,Absent,Present,Absent,Absent,Absent,Present,Present,Absent,Absent,Absent,,0,0,1,0,0,0,1,1,0,0,0,1,2,3,Pass,Pass,Pass,Pass,Pass,Pass,Pass,Pass,Pass,Pass,Pass,
REC1227,1226,1226,Benthic Habitat Maps for the Insular Shelf South of St. Thomas and St. John,"St. John, USVI",GV,Ground Validation,HD Seaviewer Drop Camera,GV2016_615,2016-09-12,12:12:30,2016,9,18.22920408,-64.70073946,2064394.001,-7202453.371,2064394.001,-7202453.371,0.0,-52.62276077,52.623,https://nccospublicstor.blob.core.windows.net/biomapper/usviinsularshelf2017/videos/low/GV2016_615.mp4,Absent,Present,Absent,Absent,Present,Absent,Present,Present,Absent,Absent,Absent,,0,1,0,0,1,0,1,1,0,0,0,1,3,4,Pass,Pass,Pass,Pass,Pass,Pass,Pass,Pass,Pass,Pass,Pass,
REC1228,1227,1227,Benthic Habitat Maps for the Insular Shelf South of St. Thomas and St. John,"St. Thomas, USVI",GV,Ground Validation,HD Seaviewer Drop Camera,GV2016_616,2016-08-20,13:44:41,2016,8,18.27644933,-65.13652452,2069931.969,-7250964.742,2069931.969,-7250964.742,0.001,-25.05488014,25.055,https://nccospublicstor.blob.core.windows.net/biomapper/usviinsularshelf2017/videos/low/GV2016_616.mp4,Present,Absent,Absent,Absent,Present,Absent,Present,Present,Absent,Absent,Absent,,1,0,0,0,1,0,1,1,0,0,0,1,3,4,Pass,Pass,Pass,Pass,Pass,Pass,Pass,Pass,Pass,Pass,Pass,
REC1229,1228,1228,Benthic Habitat Maps for the Insular Shelf South of St. Thomas and St. John,"St. Thomas, USVI",GV,Ground Validation,HD Seaviewer Drop Camera,GV2016_617,2016-08-28,10:12:17,2016,8,18.18582607,-64.90524549,2059310.666,-7225218.878,2059310.666,-7225218.878,0.0,-53.52779007,53.528,https://nccospublicstor.blob.core.windows.net/biomapper/usviinsularshelf2017/videos/low/GV2016_617.mp4,Absent,Absent,Present,Absent,Absent,Absent,Present,Absent,Absent,Absent,Absent,,0,0,1,0,0,0,1,0,0,0,0,1,1,2,Pass,Pass,Pass,Pass,Pass,Pass,Pass,Pass,Pass,Pass,Pass,
REC1230,1229,1229,Benthic Habitat Maps for the Insular Shelf South of St. Thomas and St. John,"St. Thomas, USVI",GV,Ground Validation,HD Seaviewer Drop Camera,GV2016_618,2016-08-30,13:55:54,2016,8,18.28513335,-64.82490902,2070950.051,-7216275.863,2070950.051,-7216275.863,0.0,-29.53701973,29.537,https://nccospublicstor.blob.core.windows.net/biomapper/usviinsularshelf2017/videos/low/GV2016_618.mp4,Absent,Absent,Present,Present,Absent,Absent,Present,Present,Absent,Absent,Absent,,0,0,1,1,0,0,1,1,0,0,0,2,2,4,Pass,Pass,Pass,Pass,Pass,Pass,Pass,Pass,Pass,Pass,Pass,
REC1231,1230,1230,Benthic Habitat Maps for the Insular Shelf South of St. Thomas and St. John,"St. Thomas, USVI",GV,Ground Validation,HD Seaviewer Drop Camera,GV2016_619,2016-08-29,08:19:19,2016,8,18.27074282,-64.86343501,2069262.986,-7220564.556,2069262.986,-7220564.556,0.0,-29.02078438,29.021,https://nccospublicstor.blob.core.windows.net/biomapper/usviinsularshelf2017/videos/low/GV2016_619.mp4,Absent,Absent,Absent,Present,Absent,Absent,Present,Present,Absent,Absent,Absent,,0,0,0,1,0,0,1,1,0,0,0,1,2,3,Pass,Pass,Pass,Pass,Pass,Pass,Pass,Pass,Pass,Pass,Pass,
REC1232,1231,1231,Benthic Habitat Maps for the Insular Shelf South of St. Thomas and St. John,"St. Thomas, USVI",GV,Ground Validation,HD Seaviewer Drop Camera,GV2016_620,2016-08-29,08:44:13,2016,8,18.25502831,-64.86703182,2067420.865,-7220964.952,2067420.865,-7220964.951,0.001,-38.36499786,38.365,https://nccospublicstor.blob.core.windows.net/biomapper/usviinsularshelf2017/videos/low/GV2016_620.mp4,Absent,Absent,Present,Present,Absent,Absent,Present,Present,Absent,Present,Absent,Trap and Line,0,0,1,1,0,0,1,1,0,1,0,2,2,5,Pass,Pass,Pass,Pass,Pass,Pass,Pass,Pass,Pass,Pass,Pass,
REC1233,1232,1232,Benthic Habitat Maps for the Insular Shelf South of St. Thomas and St. John,"St. Thomas, USVI",GV,Ground Validation,HD Seaviewer Drop Camera,GV2016_621,2016-08-27,12:17:57,2016,8,18.27044375,-64.99114099,2069227.926,-7234780.721,2069227.926,-7234780.721,0.0,-33.01944733,33.019,https://nccospublicstor.blob.core.windows.net/biomapper/usviinsularshelf2017/videos/low/GV2016_621.mp4,Absent,Absent,Present,Absent,Absent,Absent,Present,Present,Absent,Absent,Absent,,0,0,1,0,0,0,1,1,0,0,0,1,2,3,Pass,Pass,Pass,Pass,Pass,Pass,Pass,Pass,Pass,Pass,Pass,
REC1234,1233,1233,Benthic Habitat Maps for the Insular Shelf South of St. Thomas and St. John,"St. Thomas, USVI",GV,Ground Validation,HD Seaviewer Drop Camera,GV2016_622,2016-08-29,09:45:02,2016,8,18.22225714,-64.87932106,2063579.825,-7222332.983,2063579.825,-7222332.983,0.001,-41.54752731,41.548,https://nccospublicstor.blob.core.windows.net/biomapper/usviinsularshelf2017/videos/low/GV2016_622.mp4,Present,Absent,Present,Present,Present,Absent,Present,Present,Absent,Absent,Absent,,1,0,1,1,1,0,1,1,0,0,0,3,3,6,Pass,Pass,Pass,Pass,Pass,Pass,Pass,Pass,Pass,Pass,Pass,
REC1235,1234,1234,Benthic Habitat Maps for the Insular Shelf South of St. Thomas and St. John,"St. John, USVI",GV,Ground Validation,HD Seaviewer Drop Camera,GV2016_623,2016-09-11,09:45:59,2016,9,18.28047653,-64.67930538,2070404.096,-7200067.34,2070404.096,-7200067.34,0.0,-41.62493134,41.625,https://nccospublicstor.blob.core.windows.net/biomapper/usviinsularshelf2017/videos/low/GV2016_623.mp4,Absent,Absent,Present,Present,Absent,Absent,Present,Absent,Absent,Absent,Absent,,0,0,1,1,0,0,1,0,0,0,0,2,1,3,Pass,Pass,Pass,Pass,Pass,Pass,Pass,Pass,Pass,Pass,Pass,
REC1236,1235,1235,Benthic Habitat Maps for the Insular Shelf South of St. Thomas and St. John,"St. Thomas, USVI",GV,Ground Validation,HD Seaviewer Drop Camera,GV2016_624,2016-08-29,08:32:00,2016,8,18.26064908,-64.86039619,2068079.736,-7220226.276,2068079.736,-7220226.277,0.001,-36.18473434,36.185,https://nccospublicstor.blob.core.windows.net/biomapper/usviinsularshelf2017/videos/low/GV2016_624.mp4,Absent,Absent,Present,Present,Absent,Absent,Present,Present,Absent,Absent,Absent,,0,0,1,1,0,0,1,1,0,0,0,2,2,4,Pass,Pass,Pass,Pass,Pass,Pass,Pass,Pass,Pass,Pass,Pass,
REC1237,1236,1236,Benthic Habitat Maps for the Insular Shelf South of St. Thomas and St. John,"St. John, USVI",GV,Ground Validation,HD Seaviewer Drop Camera,GV2016_625,2016-09-12,12:46:48,2016,9,18.23867658,-64.6833404,2065504.223,-7200516.516,2065504.223,-7200516.516,0.0,-53.37692642,53.377,https://nccospublicstor.blob.core.windows.net/biomapper/usviinsularshelf2017/videos/low/GV2016_625.mp4,Absent,Present,Present,Absent,Present,Absent,Present,Present,Absent,Absent,Absent,,0,1,1,0,1,0,1,1,0,0,0,2,3,5,Pass,Pass,Pass,Pass,Pass,Pass,Pass,Pass,Pass,Pass,Pass,
REC1238,1237,1237,Benthic Habitat Maps for the Insular Shelf South of St. Thomas and St. John,Puerto Rico,GV,Ground Validation,HD Seaviewer Drop Camera,GV2016_626,2016-08-21,11:31:50,2016,8,18.12207197,-65.20783116,2051841.813,-7258902.56,2051841.813,-7258902.56,0.001,-37.76384354,37.764,https://nccospublicstor.blob.core.windows.net/biomapper/usviinsularshelf2017/videos/low/GV2016_626.mp4,Absent,Present,Absent,Absent,Present,Present,Present,Present,Absent,Absent,Absent,,0,1,0,0,1,1,1,1,0,0,0,1,4,5,Pass,Pass,Pass,Pass,Pass,Pass,Pass,Pass,Pass,Pass,Pass,
REC1239,1238,1238,Benthic Habitat Maps for the Insular Shelf South of St. Thomas and St. John,Puerto Rico,GV,Ground Validation,HD Seaviewer Drop Camera,GV2016_627,2016-08-21,09:43:30,2016,8,18.13428873,-65.20973563,2053272.807,-7259114.565,2053272.807,-7259114.565,0.0,-39.38364792,39.384,https://nccospublicstor.blob.core.windows.net/biomapper/usviinsularshelf2017/videos/low/GV2016_627.mp4,Present,Present,Absent,Absent,Present,Absent,Present,Present,Absent,Absent,Absent,,1,1,0,0,1,0,1,1,0,0,0,2,3,5,Pass,Pass,Pass,Pass,Pass,Pass,Pass,Pass,Pass,Pass,Pass,
REC1240,1239,1239,Benthic Habitat Maps for the Insular Shelf South of St. Thomas and St. John,"St. John, USVI",GV,Ground Validation,HD Seaviewer Drop Camera,GV2016_628,2016-09-17,13:43:11,2016,9,18.23123518,-64.7445334,2064632.05,-7207328.49,2064632.05,-7207328.49,0.0,-53.11735535,53.117,https://nccospublicstor.blob.core.windows.net/biomapper/usviinsularshelf2017/videos/low/GV2016_628.mp4,Absent,Present,Present,Absent,Present,Absent,Present,Present,Absent,Absent,Absent,,0,1,1,0,1,0,1,1,0,0,0,2,3,5,Pass,Pass,Pass,Pass,Pass,Pass,Pass,Pass,Pass,Pass,Pass,
REC1241,1240,1240,Benthic Habitat Maps for the Insular Shelf South of St. Thomas and St. John,"St. Thomas, USVI",GV,Ground Validation,HD Seaviewer Drop Camera,GV2016_630,2016-08-26,11:38:51,2016,8,18.21875864,-65.02027079,2063169.816,-7238023.436,2063169.816,-7238023.436,0.001,-41.99898148,41.999,https://nccospublicstor.blob.core.windows.net/biomapper/usviinsularshelf2017/videos/low/GV2016_630.mp4,Absent,Absent,Present,Present,Absent,Absent,Present,Present,Absent,Absent,Absent,,0,0,1,1,0,0,1,1,0,0,0,2,2,4,Pass,Pass,Pass,Pass,Pass,Pass,Pass,Pass,Pass,Pass,Pass,
REC1242,1241,1241,Benthic Habitat Maps for the Insular Shelf South of St. Thomas and St. John,"St. Thomas, USVI",GV,Ground Validation,HD Seaviewer Drop Camera,GV2016_631,2016-08-28,13:28:56,2016,8,18.23197128,-64.91602636,2064718.324,-7226418.999,2064718.324,-7226418.999,0.0,-42.89476395,42.895,https://nccospublicstor.blob.core.windows.net/biomapper/usviinsularshelf2017/videos/low/GV2016_631.mp4,Absent,Absent,Present,Present,Absent,Absent,Present,Present,Absent,Absent,Absent,,0,0,1,1,0,0,1,1,0,0,0,2,2,4,Pass,Pass,Pass,Pass,Pass,Pass,Pass,Pass,Pass,Pass,Pass,
REC1243,1242,1242,Benthic Habitat Maps for the Insular Shelf South of St. Thomas and St. John,"St. Thomas, USVI",GV,Ground Validation,HD Seaviewer Drop Camera,GV2016_632,2016-09-09,13:34:45,2016,9,18.21816537,-64.82918644,2063100.289,-7216752.023,2063100.289,-7216752.023,0.0,-54.91760254,54.918,https://nccospublicstor.blob.core.windows.net/biomapper/usviinsularshelf2017/videos/low/GV2016_632.mp4,Absent,Absent,Present,Absent,Absent,Absent,Present,Present,Absent,Absent,Absent,,0,0,1,0,0,0,1,1,0,0,0,1,2,3,Pass,Pass,Pass,Pass,Pass,Pass,Pass,Pass,Pass,Pass,Pass,
REC1244,1243,1243,Benthic Habitat Maps for the Insular Shelf South of St. Thomas and St. John,"St. Thomas, USVI",GV,Ground Validation,HD Seaviewer Drop Camera,GV2016_633,2016-08-25,13:22:40,2016,8,18.24720494,-65.09658764,2066503.838,-7246518.989,2066503.838,-7246518.988,0.001,-27.45339203,27.453,https://nccospublicstor.blob.core.windows.net/biomapper/usviinsularshelf2017/videos/low/GV2016_633.mp4,Present,Absent,Absent,Absent,Present,Absent,Present,Present,Absent,Absent,Absent,"amazing coral cover, no placard",1,0,0,0,1,0,1,1,0,0,0,1,3,4,Pass,Pass,Pass,Pass,Pass,Pass,Pass,Pass,Pass,Pass,Pass,
REC1245,1244,1244,Benthic Habitat Maps for the Insular Shelf South of St. Thomas and St. John,"St. Thomas, USVI",GV,Ground Validation,HD Seaviewer Drop Camera,GV2016_634,2016-08-30,08:47:45,2016,8,18.23509009,-64.98882385,2065083.862,-7234522.778,2065083.862,-7234522.778,0.0,-40.50597763,40.506,https://nccospublicstor.blob.core.windows.net/biomapper/usviinsularshelf2017/videos/low/GV2016_634.mp4,Absent,Absent,Present,Present,Absent,Absent,Present,Present,Absent,Absent,Absent,,0,0,1,1,0,0,1,1,0,0,0,2,2,4,Pass,Pass,Pass,Pass,Pass,Pass,Pass,Pass,Pass,Pass,Pass,
REC1246,1245,1245,Benthic Habitat Maps for the Insular Shelf South of St. Thomas and St. John,"St. Thomas, USVI",GV,Ground Validation,HD Seaviewer Drop Camera,GV2016_635,2016-08-29,09:39:01,2016,8,18.21664374,-64.87674707,2062921.963,-7222046.448,2062921.963,-7222046.448,0.0,-44.78900528,44.789,https://nccospublicstor.blob.core.windows.net/biomapper/usviinsularshelf2017/videos/low/GV2016_635.mp4,Absent,Absent,Present,Absent,Present,Absent,Present,Present,Absent,Absent,Absent,,0,0,1,0,1,0,1,1,0,0,0,1,3,4,Pass,Pass,Pass,Pass,Pass,Pass,Pass,Pass,Pass,Pass,Pass,
REC1247,1246,1246,Benthic Habitat Maps for the Insular Shelf South of St. Thomas and St. John,"St. John, USVI",GV,Ground Validation,HD Seaviewer Drop Camera,GV2016_636,2016-09-16,15:16:37,2016,9,18.18758568,-64.75186642,2059516.844,-7208144.798,2059516.844,-7208144.798,0.0,-55.88745117,55.887,https://nccospublicstor.blob.core.windows.net/biomapper/usviinsularshelf2017/videos/low/GV2016_636.mp4,Absent,Present,Present,Absent,Present,Absent,Present,Present,Absent,Absent,Absent,,0,1,1,0,1,0,1,1,0,0,0,2,3,5,Pass,Pass,Pass,Pass,Pass,Pass,Pass,Pass,Pass,Pass,Pass,
REC1248,1247,1247,Benthic Habitat Maps for the Insular Shelf South of St. Thomas and St. John,"St. Thomas, USVI",GV,Ground Validation,HD Seaviewer Drop Camera,GV2016_637,2016-08-27,13:57:41,2016,8,18.23034342,-65.03126435,2064527.534,-7239247.233,2064527.534,-7239247.233,0.0,-39.80554581,39.806,https://nccospublicstor.blob.core.windows.net/biomapper/usviinsularshelf2017/videos/low/GV2016_637.mp4,Absent,Absent,Present,Absent,Absent,Absent,Present,Present,Absent,Absent,Absent,,0,0,1,0,0,0,1,1,0,0,0,1,2,3,Pass,Pass,Pass,Pass,Pass,Pass,Pass,Pass,Pass,Pass,Pass,
REC1249,1248,1248,Benthic Habitat Maps for the Insular Shelf South of St. Thomas and St. John,"St. Thomas, USVI",GV,Ground Validation,HD Seaviewer Drop Camera,GV2016_638,2016-08-28,14:39:19,2016,8,18.25177917,-64.89061896,2067040.008,-7223590.66,2067040.008,-7223590.66,0.0,-40.28292465,40.283,https://nccospublicstor.blob.core.windows.net/biomapper/usviinsularshelf2017/videos/low/GV2016_638.mp4,Absent,Absent,Present,Present,Absent,Absent,Present,Present,Absent,Absent,Absent,,0,0,1,1,0,0,1,1,0,0,0,2,2,4,Pass,Pass,Pass,Pass,Pass,Pass,Pass,Pass,Pass,Pass,Pass,
REC1250,1249,1249,Benthic Habitat Maps for the Insular Shelf South of St. Thomas and St. John,"St. Thomas, USVI",GV,Ground Validation,HD Seaviewer Drop Camera,GV2016_639,2016-08-30,11:59:48,2016,8,18.26259187,-64.93457714,2068307.476,-7228484.062,2068307.476,-7228484.062,0.0,-32.8497963,32.85,https://nccospublicstor.blob.core.windows.net/biomapper/usviinsularshelf2017/videos/low/GV2016_639.mp4,Absent,Present,Absent,Present,Absent,Absent,Absent,Present,Absent,Absent,Absent,,0,1,0,1,0,0,0,1,0,0,0,2,1,3,Pass,Pass,Pass,Pass,Pass,Pass,Pass,Pass,Pass,Pass,Pass,
REC1251,1250,1250,Benthic Habitat Maps for the Insular Shelf South of St. Thomas and St. John,"St. John, USVI",GV,Ground Validation,HD Seaviewer Drop Camera,GV2016_642,2016-09-11,09:12:11,2016,9,18.27768402,-64.70636378,2070076.716,-7203079.467,2070076.716,-7203079.467,0.0,-34.60240173,34.602,https://nccospublicstor.blob.core.windows.net/biomapper/usviinsularshelf2017/videos/low/GV2016_642.mp4,Absent,Absent,Present,Present,Absent,Absent,Present,Present,Absent,Absent,Absent,,0,0,1,1,0,0,1,1,0,0,0,2,2,4,Pass,Pass,Pass,Pass,Pass,Pass,Pass,Pass,Pass,Pass,Pass,
REC1252,1251,1251,Benthic Habitat Maps for the Insular Shelf South of St. Thomas and St. John,Puerto Rico,GV,Ground Validation,HD Seaviewer Drop Camera,GV2016_643,2016-08-21,08:22:09,2016,8,18.15128559,-65.20420215,2055263.878,-7258498.581,2055263.878,-7258498.581,0.0,-38.52045441,38.52,https://nccospublicstor.blob.core.windows.net/biomapper/usviinsularshelf2017/videos/low/GV2016_643.mp4,Present,Absent,Absent,Absent,Present,Present,Present,Absent,Absent,Absent,Absent,Coral Bleaching,1,0,0,0,1,1,1,0,0,0,0,1,3,4,Pass,Pass,Pass,Pass,Pass,Pass,Pass,Pass,Pass,Pass,Pass,
REC1253,1252,1252,Benthic Habitat Maps for the Insular Shelf South of St. Thomas and St. John,"St. John, USVI",GV,Ground Validation,HD Seaviewer Drop Camera,GV2016_644,2016-09-11,09:28:24,2016,9,18.28552446,-64.69216784,2070995.905,-7201499.182,2070995.905,-7201499.182,0.0,-33.26823044,33.268,https://nccospublicstor.blob.core.windows.net/biomapper/usviinsularshelf2017/videos/low/GV2016_644.mp4,Present,Absent,Present,Present,Present,Absent,Present,Present,Absent,Absent,Absent,,1,0,1,1,1,0,1,1,0,0,0,3,3,6,Pass,Pass,Pass,Pass,Pass,Pass,Pass,Pass,Pass,Pass,Pass,
REC1254,1253,1253,Benthic Habitat Maps for the Insular Shelf South of St. Thomas and St. John,Puerto Rico,GV,Ground Validation,HD Seaviewer Drop Camera,GV2016_645,2016-08-23,14:24:17,2016,8,18.21711469,-65.17960303,2062977.155,-7255760.219,2062977.155,-7255760.219,0.001,-32.57363129,32.574,https://nccospublicstor.blob.core.windows.net/biomapper/usviinsularshelf2017/videos/low/GV2016_645.mp4,Present,Absent,Absent,Absent,Present,Absent,Present,Present,Absent,Absent,Absent,,1,0,0,0,1,0,1,1,0,0,0,1,3,4,Pass,Pass,Pass,Pass,Pass,Pass,Pass,Pass,Pass,Pass,Pass,
REC1255,1254,1254,Benthic Habitat Maps for the Insular Shelf South of St. Thomas and St. John,"St. Thomas, USVI",GV,Ground Validation,HD Seaviewer Drop Camera,GV2016_647,2016-08-30,09:23:28,2016,8,18.24785161,-64.98688665,2066579.637,-7234307.13,2066579.637,-7234307.13,0.0,-40.32872391,40.329,https://nccospublicstor.blob.core.windows.net/biomapper/usviinsularshelf2017/videos/low/GV2016_647.mp4,Absent,Absent,Present,Present,Absent,Absent,Present,Present,Absent,Absent,Absent,,0,0,1,1,0,0,1,1,0,0,0,2,2,4,Pass,Pass,Pass,Pass,Pass,Pass,Pass,Pass,Pass,Pass,Pass,
REC1256,1255,1255,Benthic Habitat Maps for the Insular Shelf South of St. Thomas and St. John,"St. Thomas, USVI",GV,Ground Validation,HD Seaviewer Drop Camera,GV2016_648,2016-08-25,13:59:26,2016,8,18.24077363,-65.07156225,2065750.015,-7243733.175,2065750.015,-7243733.175,0.0,-30.88723373,30.887,https://nccospublicstor.blob.core.windows.net/biomapper/usviinsularshelf2017/videos/low/GV2016_648.mp4,Present,Absent,Absent,Present,Present,Present,Present,Present,Absent,Absent,Absent,,1,0,0,1,1,1,1,1,0,0,0,2,4,6,Pass,Pass,Pass,Pass,Pass,Pass,Pass,Pass,Pass,Pass,Pass,
REC1257,1256,1256,Benthic Habitat Maps for the Insular Shelf South of St. Thomas and St. John,Puerto Rico,GV,Ground Validation,HD Seaviewer Drop Camera,GV2016_649,2016-08-21,13:39:44,2016,8,18.16302709,-65.26044996,2056639.431,-7264760.059,2056639.431,-7264760.058,0.001,-27.80975151,27.81,https://nccospublicstor.blob.core.windows.net/biomapper/usviinsularshelf2017/videos/low/GV2016_649.mp4,Absent,Absent,Present,Absent,Absent,Absent,Present,Present,Absent,Absent,Absent,,0,0,1,0,0,0,1,1,0,0,0,1,2,3,Pass,Pass,Pass,Pass,Pass,Pass,Pass,Pass,Pass,Pass,Pass,
REC1258,1257,1257,Benthic Habitat Maps for the Insular Shelf South of St. Thomas and St. John,"St. Thomas, USVI",GV,Ground Validation,HD Seaviewer Drop Camera,GV2016_650,2016-08-27,09:15:11,2016,8,18.22451662,-65.11163207,2063844.631,-7248193.727,2063844.631,-7248193.727,0.0,-32.50141144,32.501,https://nccospublicstor.blob.core.windows.net/biomapper/usviinsularshelf2017/videos/low/GV2016_650.mp4,Present,Absent,Absent,Absent,Present,Present,Present,Present,Absent,Absent,Absent,,1,0,0,0,1,1,1,1,0,0,0,1,4,5,Pass,Pass,Pass,Pass,Pass,Pass,Pass,Pass,Pass,Pass,Pass,
REC1259,1258,1258,Benthic Habitat Maps for the Insular Shelf South of St. Thomas and St. John,Puerto Rico,GV,Ground Validation,HD Seaviewer Drop Camera,GV2016_651,2016-08-23,13:05:30,2016,8,18.16990349,-65.16915042,2057445.065,-7254596.64,2057445.065,-7254596.64,0.0,-46.76755142,46.768,https://nccospublicstor.blob.core.windows.net/biomapper/usviinsularshelf2017/videos/low/GV2016_651.mp4,Present,Absent,Absent,Absent,Present,Absent,Present,Present,Absent,Absent,Absent,lionfish,1,0,0,0,1,0,1,1,0,0,0,1,3,4,Pass,Pass,Pass,Pass,Pass,Pass,Pass,Pass,Pass,Pass,Pass,
REC1260,1259,1259,Benthic Habitat Maps for the Insular Shelf South of St. Thomas and St. John,"St. Thomas, USVI",GV,Ground Validation,HD Seaviewer Drop Camera,GV2016_652,2016-08-29,13:33:28,2016,8,18.22603365,-64.96444286,2064022.425,-7231808.699,2064022.425,-7231808.699,0.0,-42.31668091,42.317,https://nccospublicstor.blob.core.windows.net/biomapper/usviinsularshelf2017/videos/low/GV2016_652.mp4,Absent,Absent,Present,Present,Absent,Absent,Present,Present,Absent,Absent,Absent,,0,0,1,1,0,0,1,1,0,0,0,2,2,4,Pass,Pass,Pass,Pass,Pass,Pass,Pass,Pass,Pass,Pass,Pass,
REC1261,1260,1260,Benthic Habitat Maps for the Insular Shelf South of St. Thomas and St. John,"St. Thomas, USVI",GV,Ground Validation,HD Seaviewer Drop Camera,GV2016_653,2016-08-30,11:53:50,2016,8,18.26763021,-64.9417848,2068898.1,-7229286.415,2068898.099,-7229286.415,0.001,-33.88860703,33.889,https://nccospublicstor.blob.core.windows.net/biomapper/usviinsularshelf2017/videos/low/GV2016_653.mp4,Absent,Absent,Present,Present,Present,Absent,Present,Present,Absent,Absent,Absent,,0,0,1,1,1,0,1,1,0,0,0,2,3,5,Pass,Pass,Pass,Pass,Pass,Pass,Pass,Pass,Pass,Pass,Pass,
REC1262,1261,1261,Benthic Habitat Maps for the Insular Shelf South of St. Thomas and St. John,Puerto Rico,GV,Ground Validation,HD Seaviewer Drop Camera,GV2016_654,2016-08-22,09:07:29,2016,8,18.16781493,-65.23529817,2057200.367,-7261960.174,2057200.367,-7261960.174,0.0,-36.65020752,36.65,https://nccospublicstor.blob.core.windows.net/biomapper/usviinsularshelf2017/videos/low/GV2016_654.mp4,Absent,Present,Absent,Absent,Absent,Absent,Present,Present,Absent,Absent,Absent,,0,1,0,0,0,0,1,1,0,0,0,1,2,3,Pass,Pass,Pass,Pass,Pass,Pass,Pass,Pass,Pass,Pass,Pass,
REC1263,1262,1262,Benthic Habitat Maps for the Insular Shelf South of St. Thomas and St. John,"St. John, USVI",GV,Ground Validation,HD Seaviewer Drop Camera,GV2016_655,2016-09-11,11:11:07,2016,9,18.26425069,-64.7394103,2068501.931,-7206758.189,2068501.931,-7206758.189,0.0,-46.82870483,46.829,https://nccospublicstor.blob.core.windows.net/biomapper/usviinsularshelf2017/videos/low/GV2016_655.mp4,Absent,Absent,Absent,Present,Absent,Absent,Absent,Absent,Absent,Absent,Absent,,0,0,0,1,0,0,0,0,0,0,0,1,0,1,Pass,Pass,Pass,Pass,Pass,Pass,Pass,Pass,Pass,Pass,Pass,
REC1264,1263,1263,Benthic Habitat Maps for the Insular Shelf South of St. Thomas and St. John,"St. John, USVI",GV,Ground Validation,HD Seaviewer Drop Camera,GV2016_656,2016-09-17,07:51:14,2016,9,18.25605325,-64.73690742,2067541.007,-7206479.57,2067541.007,-7206479.57,0.001,-47.92930603,47.929,https://nccospublicstor.blob.core.windows.net/biomapper/usviinsularshelf2017/videos/low/GV2016_656.mp4,Absent,Absent,Present,Absent,Absent,Absent,Present,Present,Absent,Absent,Absent,,0,0,1,0,0,0,1,1,0,0,0,1,2,3,Pass,Pass,Pass,Pass,Pass,Pass,Pass,Pass,Pass,Pass,Pass,
REC1265,1264,1264,Benthic Habitat Maps for the Insular Shelf South of St. Thomas and St. John,"St. Thomas, USVI",GV,Ground Validation,HD Seaviewer Drop Camera,GV2016_657,2016-08-26,09:48:00,2016,8,18.2108961,-64.9643272,2062248.391,-7231795.824,2062248.391,-7231795.824,0.0,-43.26795578,43.268,https://nccospublicstor.blob.core.windows.net/biomapper/usviinsularshelf2017/videos/low/GV2016_657.mp4,Present,Absent,Absent,Absent,Present,Present,Present,Present,Absent,Absent,Absent,Very low coral cover <10%,1,0,0,0,1,1,1,1,0,0,0,1,4,5,Pass,Pass,Pass,Pass,Pass,Pass,Pass,Pass,Pass,Pass,Pass,
REC1266,1265,1265,Benthic Habitat Maps for the Insular Shelf South of St. Thomas and St. John,"St. John, USVI",GV,Ground Validation,HD Seaviewer Drop Camera,GV2016_658,2016-09-11,12:49:35,2016,9,18.30643714,-64.76375946,2073447.845,-7209468.725,2073447.845,-7209468.725,0.0,-22.3169899,22.317,https://nccospublicstor.blob.core.windows.net/biomapper/usviinsularshelf2017/videos/low/GV2016_658.mp4,Absent,Absent,Present,Present,Absent,Absent,Present,Present,Absent,Absent,Absent,,0,0,1,1,0,0,1,1,0,0,0,2,2,4,Pass,Pass,Pass,Pass,Pass,Pass,Pass,Pass,Pass,Pass,Pass,
REC1267,1266,1266,Benthic Habitat Maps for the Insular Shelf South of St. Thomas and St. John,"St. John, USVI",GV,Ground Validation,HD Seaviewer Drop Camera,GV2016_659,2016-09-02,11:00:21,2016,9,18.30369861,-64.73510873,2073126.745,-7206279.34,2073126.745,-7206279.34,0.0,-22.8670063,22.867,https://nccospublicstor.blob.core.windows.net/biomapper/usviinsularshelf2017/videos/low/GV2016_659.mp4,Present,Absent,Absent,Absent,Present,Present,Present,Present,Absent,Absent,Absent,,1,0,0,0,1,1,1,1,0,0,0,1,4,5,Pass,Pass,Pass,Pass,Pass,Pass,Pass,Pass,Pass,Pass,Pass,
REC1268,1267,1267,Benthic Habitat Maps for the Insular Shelf South of St. Thomas and St. John,"St. Thomas, USVI",GV,Ground Validation,HD Seaviewer Drop Camera,GV2016_660,2016-09-09,14:46:25,2016,9,18.2624534,-64.82359619,2068291.244,-7216129.719,2068291.244,-7216129.719,0.0,-36.10368729,36.104,https://nccospublicstor.blob.core.windows.net/biomapper/usviinsularshelf2017/videos/low/GV2016_660.mp4,Absent,Absent,Present,Absent,Absent,Absent,Present,Present,Absent,Absent,Absent,,0,0,1,0,0,0,1,1,0,0,0,1,2,3,Pass,Pass,Pass,Pass,Pass,Pass,Pass,Pass,Pass,Pass,Pass,
REC1269,1268,1268,Benthic Habitat Maps for the Insular Shelf South of St. Thomas and St. John,"St. John, USVI",GV,Ground Validation,HD Seaviewer Drop Camera,GV2016_661,2016-09-12,10:59:57,2016,9,18.22312698,-64.69405908,2063681.768,-7201709.714,2063681.768,-7201709.714,0.0,-53.97745514,53.977,https://nccospublicstor.blob.core.windows.net/biomapper/usviinsularshelf2017/videos/low/GV2016_661.mp4,Absent,Absent,Present,Absent,Absent,Absent,Present,Present,Absent,Absent,Absent,,0,0,1,0,0,0,1,1,0,0,0,1,2,3,Pass,Pass,Pass,Pass,Pass,Pass,Pass,Pass,Pass,Pass,Pass,
REC1270,1269,1269,Benthic Habitat Maps for the Insular Shelf South of St. Thomas and St. John,"St. Thomas, USVI",GV,Ground Validation,HD Seaviewer Drop Camera,GV2016_662,2016-09-16,09:44:29,2016,9,18.20507988,-64.83146567,2061566.804,-7217005.746,2061566.804,-7217005.746,0.0,-53.83355331,53.834,https://nccospublicstor.blob.core.windows.net/biomapper/usviinsularshelf2017/videos/low/GV2016_662.mp4,Absent,Absent,Present,Absent,Absent,Absent,Present,Present,Absent,Absent,Absent,,0,0,1,0,0,0,1,1,0,0,0,1,2,3,Pass,Pass,Pass,Pass,Pass,Pass,Pass,Pass,Pass,Pass,Pass,
REC1271,1270,1270,Benthic Habitat Maps for the Insular Shelf South of St. Thomas and St. John,"St. John, USVI",GV,Ground Validation,HD Seaviewer Drop Camera,GV2016_663,2016-09-12,13:28:04,2016,9,18.24714914,-64.68306344,2066497.298,-7200485.685,2066497.298,-7200485.685,0.0,-42.34326172,42.343,https://nccospublicstor.blob.core.windows.net/biomapper/usviinsularshelf2017/videos/low/GV2016_663.mp4,Present,Absent,Absent,Present,Present,Present,Present,Present,Absent,Absent,Absent,,1,0,0,1,1,1,1,1,0,0,0,2,4,6,Pass,Pass,Pass,Pass,Pass,Pass,Pass,Pass,Pass,Pass,Pass,
REC1272,1271,1271,Benthic Habitat Maps for the Insular Shelf South of St. Thomas and St. John,"St. John, USVI",GV,Ground Validation,HD Seaviewer Drop Camera,GV2016_664,2016-09-11,12:30:20,2016,9,18.29066515,-64.773572,2071598.606,-7210561.052,2071598.606,-7210561.052,0.0,-30.27937317,30.279,https://nccospublicstor.blob.core.windows.net/biomapper/usviinsularshelf2017/videos/low/GV2016_664.mp4,Absent,Absent,Absent,Present,Absent,Absent,Absent,Absent,Absent,Absent,Absent,,0,0,0,1,0,0,0,0,0,0,0,1,0,1,Pass,Pass,Pass,Pass,Pass,Pass,Pass,Pass,Pass,Pass,Pass,
REC1273,1272,1272,Benthic Habitat Maps for the Insular Shelf South of St. Thomas and St. John,"St. Thomas, USVI",GV,Ground Validation,HD Seaviewer Drop Camera,GV2016_665,2016-08-27,10:08:59,2016,8,18.21659223,-65.06319046,2062915.927,-7242801.231,2062915.927,-7242801.231,0.001,-42.1523056,42.152,https://nccospublicstor.blob.core.windows.net/biomapper/usviinsularshelf2017/videos/low/GV2016_665.mp4,Present,Absent,Absent,Present,Present,Absent,Present,Present,Absent,Absent,Absent,,1,0,0,1,1,0,1,1,0,0,0,2,3,5,Pass,Pass,Pass,Pass,Pass,Pass,Pass,Pass,Pass,Pass,Pass,
REC1274,1273,1273,Benthic Habitat Maps for the Insular Shelf South of St. Thomas and St. John,"St. Thomas, USVI",GV,Ground Validation,HD Seaviewer Drop Camera,GV2016_666,2016-08-26,10:33:33,2016,8,18.20329639,-64.992033,2061357.806,-7234880.019,2061357.806,-7234880.019,0.0,-50.09708405,50.097,https://nccospublicstor.blob.core.windows.net/biomapper/usviinsularshelf2017/videos/low/GV2016_666.mp4,Absent,Absent,Present,Present,Absent,Absent,Present,Present,Absent,Absent,Absent,,0,0,1,1,0,0,1,1,0,0,0,2,2,4,Pass,Pass,Pass,Pass,Pass,Pass,Pass,Pass,Pass,Pass,Pass,
REC1275,1274,1274,Benthic Habitat Maps for the Insular Shelf South of St. Thomas and St. John,"St. John, USVI",GV,Ground Validation,HD Seaviewer Drop Camera,GV2016_667,2016-09-11,10:35:08,2016,9,18.29267578,-64.70164849,2071834.339,-7202554.563,2071834.339,-7202554.563,0.001,-34.1147995,34.115,https://nccospublicstor.blob.core.windows.net/biomapper/usviinsularshelf2017/videos/low/GV2016_667.mp4,Absent,Absent,Present,Present,Absent,Absent,Present,Present,Absent,Absent,Absent,,0,0,1,1,0,0,1,1,0,0,0,2,2,4,Pass,Pass,Pass,Pass,Pass,Pass,Pass,Pass,Pass,Pass,Pass,
REC1276,1275,1275,Benthic Habitat Maps for the Insular Shelf South of St. Thomas and St. John,"St. Thomas, USVI",GV,Ground Validation,HD Seaviewer Drop Camera,GV2016_668,2016-08-28,14:07:20,2016,8,18.26218543,-64.91874133,2068259.832,-7226721.228,2068259.832,-7226721.228,0.0,-34.10831451,34.108,https://nccospublicstor.blob.core.windows.net/biomapper/usviinsularshelf2017/videos/low/GV2016_668.mp4,Absent,Absent,Present,Absent,Absent,Absent,Present,Present,Absent,Absent,Absent,,0,0,1,0,0,0,1,1,0,0,0,1,2,3,Pass,Pass,Pass,Pass,Pass,Pass,Pass,Pass,Pass,Pass,Pass,
REC1277,1276,1276,Benthic Habitat Maps for the Insular Shelf South of St. Thomas and St. John,"St. John, USVI",GV,Ground Validation,HD Seaviewer Drop Camera,GV2016_669,2016-09-17,08:50:24,2016,9,18.25596392,-64.69696481,2067530.536,-7202033.179,2067530.536,-7202033.179,0.001,-48.74417496,48.744,https://nccospublicstor.blob.core.windows.net/biomapper/usviinsularshelf2017/videos/low/GV2016_669.mp4,Absent,Absent,Present,Absent,Absent,Absent,Present,Absent,Absent,Absent,Absent,,0,0,1,0,0,0,1,0,0,0,0,1,1,2,Pass,Pass,Pass,Pass,Pass,Pass,Pass,Pass,Pass,Pass,Pass,
REC1278,1277,1277,Benthic Habitat Maps for the Insular Shelf South of St. Thomas and St. John,"St. Thomas, USVI",GV,Ground Validation,HD Seaviewer Drop Camera,GV2016_670,2016-08-28,08:58:12,2016,8,18.19292912,-64.86681699,2060142.964,-7220941.037,2060142.964,-7220941.037,0.0,-43.38115311,43.381,https://nccospublicstor.blob.core.windows.net/biomapper/usviinsularshelf2017/videos/low/GV2016_670.mp4,Absent,Absent,Absent,Present,Absent,Absent,Present,Absent,Absent,Absent,Absent,,0,0,0,1,0,0,1,0,0,0,0,1,1,2,Pass,Pass,Pass,Pass,Pass,Pass,Pass,Pass,Pass,Pass,Pass,
REC1279,1278,1278,Benthic Habitat Maps for the Insular Shelf South of St. Thomas and St. John,"St. Thomas, USVI",GV,Ground Validation,HD Seaviewer Drop Camera,GV2016_671,2016-08-28,13:46:53,2016,8,18.24062508,-64.91834073,2065732.604,-7226676.633,2065732.603,-7226676.633,0.001,-41.33206177,41.332,https://nccospublicstor.blob.core.windows.net/biomapper/usviinsularshelf2017/videos/low/GV2016_671.mp4,Absent,Absent,Present,Present,Absent,Absent,Present,Present,Absent,Absent,Absent,,0,0,1,1,0,0,1,1,0,0,0,2,2,4,Pass,Pass,Pass,Pass,Pass,Pass,Pass,Pass,Pass,Pass,Pass,
REC1280,1279,1279,Benthic Habitat Maps for the Insular Shelf South of St. Thomas and St. John,"St. Thomas, USVI",GV,Ground Validation,HD Seaviewer Drop Camera,GV2016_672,2016-09-13,12:51:38,2016,9,18.22579666,-64.81669154,2063994.65,-7215361.097,2063994.65,-7215361.097,0.0,-52.40116882,52.401,https://nccospublicstor.blob.core.windows.net/biomapper/usviinsularshelf2017/videos/low/GV2016_672.mp4,Absent,Absent,Present,Absent,Absent,Absent,Present,Present,Absent,Absent,Absent,,0,0,1,0,0,0,1,1,0,0,0,1,2,3,Pass,Pass,Pass,Pass,Pass,Pass,Pass,Pass,Pass,Pass,Pass,
REC1281,1280,1280,Benthic Habitat Maps for the Insular Shelf South of St. Thomas and St. John,"St. Thomas, USVI",GV,Ground Validation,HD Seaviewer Drop Camera,GV2016_673,2016-08-26,12:18:36,2016,8,18.22606871,-65.03777739,2064026.534,-7239972.261,2064026.534,-7239972.261,0.0,-40.39849472,40.398,https://nccospublicstor.blob.core.windows.net/biomapper/usviinsularshelf2017/videos/low/GV2016_673.mp4,Absent,Absent,Present,Present,Absent,Absent,Present,Present,Absent,Absent,Absent,,0,0,1,1,0,0,1,1,0,0,0,2,2,4,Pass,Pass,Pass,Pass,Pass,Pass,Pass,Pass,Pass,Pass,Pass,
REC1282,1281,1281,Benthic Habitat Maps for the Insular Shelf South of St. Thomas and St. John,"St. Thomas, USVI",GV,Ground Validation,HD Seaviewer Drop Camera,GV2016_674,2016-08-28,14:52:31,2016,8,18.25982785,-64.89070285,2067983.469,-7223599.998,2067983.469,-7223599.998,0.001,-36.98972321,36.99,https://nccospublicstor.blob.core.windows.net/biomapper/usviinsularshelf2017/videos/low/GV2016_674.mp4,Absent,Absent,Present,Absent,Absent,Absent,Present,Present,Absent,Absent,Absent,,0,0,1,0,0,0,1,1,0,0,0,1,2,3,Pass,Pass,Pass,Pass,Pass,Pass,Pass,Pass,Pass,Pass,Pass,
REC1283,1282,1282,Benthic Habitat Maps for the Insular Shelf South of St. Thomas and St. John,"St. Thomas, USVI",GV,Ground Validation,HD Seaviewer Drop Camera,GV2016_675,2016-09-09,12:40:00,2016,9,18.23137952,-64.84232666,2064648.968,-7218214.786,2064648.967,-7218214.786,0.001,-46.92881012,46.929,https://nccospublicstor.blob.core.windows.net/biomapper/usviinsularshelf2017/videos/low/GV2016_675.mp4,Absent,Absent,Present,Absent,Absent,Absent,Present,Present,Absent,Absent,Absent,,0,0,1,0,0,0,1,1,0,0,0,1,2,3,Pass,Pass,Pass,Pass,Pass,Pass,Pass,Pass,Pass,Pass,Pass,
REC1284,1283,1283,Benthic Habitat Maps for the Insular Shelf South of St. Thomas and St. John,"St. Thomas, USVI",GV,Ground Validation,HD Seaviewer Drop Camera,GV2016_676,2016-08-27,09:33:13,2016,8,18.2335743,-65.10954025,2064906.204,-7247960.866,2064906.204,-7247960.866,0.0,-28.76685333,28.767,https://nccospublicstor.blob.core.windows.net/biomapper/usviinsularshelf2017/videos/low/GV2016_676.mp4,Present,Absent,Absent,Absent,Present,Present,Present,Present,Absent,Absent,Absent,Blackband disease at 00:40,1,0,0,0,1,1,1,1,0,0,0,1,4,5,Pass,Pass,Pass,Pass,Pass,Pass,Pass,Pass,Pass,Pass,Pass,
REC1285,1284,1284,Benthic Habitat Maps for the Insular Shelf South of St. Thomas and St. John,"St. Thomas, USVI",GV,Ground Validation,HD Seaviewer Drop Camera,GV2016_677,2016-08-30,10:42:13,2016,8,18.23889528,-64.95232202,2065529.856,-7230459.413,2065529.856,-7230459.413,0.0,-41.71065521,41.711,https://nccospublicstor.blob.core.windows.net/biomapper/usviinsularshelf2017/videos/low/GV2016_677.mp4,Absent,Absent,Present,Present,Absent,Absent,Present,Present,Absent,Absent,Absent,,0,0,1,1,0,0,1,1,0,0,0,2,2,4,Pass,Pass,Pass,Pass,Pass,Pass,Pass,Pass,Pass,Pass,Pass,
REC1286,1285,1285,Benthic Habitat Maps for the Insular Shelf South of St. Thomas and St. John,Puerto Rico,GV,Ground Validation,HD Seaviewer Drop Camera,GV2016_678,2016-08-21,10:02:01,2016,8,18.13284804,-65.1946261,2053104.048,-7257432.58,2053104.048,-7257432.58,0.0,-35.28996658,35.29,https://nccospublicstor.blob.core.windows.net/biomapper/usviinsularshelf2017/videos/low/GV2016_678.mp4,Present,Absent,Absent,Absent,Present,Present,Present,Present,Absent,Absent,Absent,"amazing coral cover!, Coral Bleaching",1,0,0,0,1,1,1,1,0,0,0,1,4,5,Pass,Pass,Pass,Pass,Pass,Pass,Pass,Pass,Pass,Pass,Pass,
REC1287,1286,1286,Benthic Habitat Maps for the Insular Shelf South of St. Thomas and St. John,"St. John, USVI",GV,Ground Validation,HD Seaviewer Drop Camera,GV2016_679,2016-08-31,10:03:02,2016,8,18.29667567,-64.78114958,2072303.309,-7211404.584,2072303.309,-7211404.584,0.0,-28.66817856,28.668,https://nccospublicstor.blob.core.windows.net/biomapper/usviinsularshelf2017/videos/low/GV2016_679.mp4,Absent,Absent,Present,Present,Absent,Absent,Absent,Present,Present,Absent,Absent,,0,0,1,1,0,0,0,1,1,0,0,2,1,4,Pass,Pass,Pass,Pass,Pass,Pass,Pass,Pass,Pass,Pass,Pass,
REC1288,1287,1287,Benthic Habitat Maps for the Insular Shelf South of St. Thomas and St. John,"St. Thomas, USVI",GV,Ground Validation,HD Seaviewer Drop Camera,GV2016_680,2016-08-25,13:34:30,2016,8,18.24505264,-65.08895321,2066251.561,-7245669.128,2066251.561,-7245669.128,0.0,-27.15576363,27.156,https://nccospublicstor.blob.core.windows.net/biomapper/usviinsularshelf2017/videos/low/GV2016_680.mp4,Present,Absent,Absent,Absent,Present,Present,Present,Present,Absent,Absent,Absent,,1,0,0,0,1,1,1,1,0,0,0,1,4,5,Pass,Pass,Pass,Pass,Pass,Pass,Pass,Pass,Pass,Pass,Pass,
REC1289,1288,1288,Benthic Habitat Maps for the Insular Shelf South of St. Thomas and St. John,"St. John, USVI",GV,Ground Validation,HD Seaviewer Drop Camera,GV2016_681,2016-09-13,13:26:35,2016,9,18.23365971,-64.80284736,2064916.214,-7213819.97,2064916.214,-7213819.97,0.0,-52.07895279,52.079,https://nccospublicstor.blob.core.windows.net/biomapper/usviinsularshelf2017/videos/low/GV2016_681.mp4,Absent,Absent,Present,Present,Absent,Absent,Present,Present,Absent,Absent,Absent,,0,0,1,1,0,0,1,1,0,0,0,2,2,4,Pass,Pass,Pass,Pass,Pass,Pass,Pass,Pass,Pass,Pass,Pass,
REC1290,1289,1289,Benthic Habitat Maps for the Insular Shelf South of St. Thomas and St. John,Puerto Rico,GV,Ground Validation,HD Seaviewer Drop Camera,GV2016_682,2016-08-23,13:52:23,2016,8,18.16860255,-65.18075279,2057292.645,-7255888.21,2057292.645,-7255888.21,0.0,-41.41942978,41.419,https://nccospublicstor.blob.core.windows.net/biomapper/usviinsularshelf2017/videos/low/GV2016_682.mp4,Present,Absent,Absent,Absent,Present,Absent,Present,Present,Absent,Absent,Absent,,1,0,0,0,1,0,1,1,0,0,0,1,3,4,Pass,Pass,Pass,Pass,Pass,Pass,Pass,Pass,Pass,Pass,Pass,
REC1291,1290,1290,Benthic Habitat Maps for the Insular Shelf South of St. Thomas and St. John,Puerto Rico,GV,Ground Validation,HD Seaviewer Drop Camera,GV2016_683,2016-08-21,12:34:57,2016,8,18.15228678,-65.22630404,2055381.167,-7260958.952,2055381.167,-7260958.952,0.0,-38.443367,38.443,https://nccospublicstor.blob.core.windows.net/biomapper/usviinsularshelf2017/videos/low/GV2016_683.mp4,Present,Absent,Absent,Present,Present,Absent,Absent,Present,Absent,Absent,Absent,,1,0,0,1,1,0,0,1,0,0,0,2,2,4,Pass,Pass,Pass,Pass,Pass,Pass,Pass,Pass,Pass,Pass,Pass,
REC1292,1291,1291,Benthic Habitat Maps for the Insular Shelf South of St. Thomas and St. John,Puerto Rico,GV,Ground Validation,HD Seaviewer Drop Camera,GV2016_684,2016-08-25,10:04:33,2016,8,18.22962784,-65.19528244,2064443.666,-7257505.643,2064443.666,-7257505.643,0.001,-24.86279106,24.863,https://nccospublicstor.blob.core.windows.net/biomapper/usviinsularshelf2017/videos/low/GV2016_684.mp4,Present,Absent,Absent,Absent,Present,Present,Present,Present,Absent,Absent,Absent,,1,0,0,0,1,1,1,1,0,0,0,1,4,5,Pass,Pass,Pass,Pass,Pass,Pass,Pass,Pass,Pass,Pass,Pass,
REC1293,1292,1292,Benthic Habitat Maps for the Insular Shelf South of St. Thomas and St. John,"St. John, USVI",GV,Ground Validation,HD Seaviewer Drop Camera,GV2016_685,2016-09-17,13:53:50,2016,9,18.2398096,-64.73782809,2065637.022,-7206582.058,2065637.022,-7206582.058,0.0,-51.25814438,51.258,https://nccospublicstor.blob.core.windows.net/biomapper/usviinsularshelf2017/videos/low/GV2016_685.mp4,Absent,Present,Present,Absent,Absent,Absent,Present,Present,Absent,Absent,Absent,,0,1,1,0,0,0,1,1,0,0,0,2,2,4,Pass,Pass,Pass,Pass,Pass,Pass,Pass,Pass,Pass,Pass,Pass,
REC1294,1293,1293,Benthic Habitat Maps for the Insular Shelf South of St. Thomas and St. John,"St. Thomas, USVI",GV,Ground Validation,HD Seaviewer Drop Camera,GV2016_686,2016-08-28,12:30:51,2016,8,18.2059291,-64.88149253,2061666.32,-7222574.71,2061666.32,-7222574.71,0.001,-47.25310898,47.253,https://nccospublicstor.blob.core.windows.net/biomapper/usviinsularshelf2017/videos/low/GV2016_686.mp4,Absent,Absent,Present,Absent,Absent,Absent,Present,Absent,Absent,Absent,Absent,,0,0,1,0,0,0,1,0,0,0,0,1,1,2,Pass,Pass,Pass,Pass,Pass,Pass,Pass,Pass,Pass,Pass,Pass,
REC1295,1294,1294,Benthic Habitat Maps for the Insular Shelf South of St. Thomas and St. John,Puerto Rico,GV,Ground Validation,HD Seaviewer Drop Camera,GV2016_687,2016-08-22,10:47:53,2016,8,18.19851653,-65.21555938,2060797.691,-7259762.862,2060797.691,-7259762.862,0.0,-34.53442383,34.534,https://nccospublicstor.blob.core.windows.net/biomapper/usviinsularshelf2017/videos/low/GV2016_687.mp4,Present,Absent,Absent,Absent,Present,Absent,Present,Present,Absent,Absent,Absent,sand channels,1,0,0,0,1,0,1,1,0,0,0,1,3,4,Pass,Pass,Pass,Pass,Pass,Pass,Pass,Pass,Pass,Pass,Pass,
REC1296,1295,1295,Benthic Habitat Maps for the Insular Shelf South of St. Thomas and St. John,Puerto Rico,GV,Ground Validation,HD Seaviewer Drop Camera,GV2016_689,2016-08-25,12:25:45,2016,8,18.23704793,-65.13975379,2065313.333,-7251324.222,2065313.333,-7251324.222,0.0,-29.8474102,29.847,https://nccospublicstor.blob.core.windows.net/biomapper/usviinsularshelf2017/videos/low/GV2016_689.mp4,Present,Absent,Absent,Absent,Present,Present,Present,Present,Absent,Absent,Absent,,1,0,0,0,1,1,1,1,0,0,0,1,4,5,Pass,Pass,Pass,Pass,Pass,Pass,Pass,Pass,Pass,Pass,Pass,
REC1297,1296,1296,Benthic Habitat Maps for the Insular Shelf South of St. Thomas and St. John,"St. Thomas, USVI",GV,Ground Validation,HD Seaviewer Drop Camera,GV2016_690,2016-08-26,09:36:33,2016,8,18.1966778,-64.95236695,2060582.228,-7230464.415,2060582.228,-7230464.415,0.0,-38.20403671,38.204,https://nccospublicstor.blob.core.windows.net/biomapper/usviinsularshelf2017/videos/low/GV2016_690.mp4,Present,Absent,Absent,Absent,Present,Absent,Present,Present,Absent,Absent,Absent,High Coral cover >70%,1,0,0,0,1,0,1,1,0,0,0,1,3,4,Pass,Pass,Pass,Pass,Pass,Pass,Pass,Pass,Pass,Pass,Pass,
REC1298,1297,1297,Benthic Habitat Maps for the Insular Shelf South of St. Thomas and St. John,"St. Thomas, USVI",GV,Ground Validation,HD Seaviewer Drop Camera,GV2016_691,2016-08-26,13:59:44,2016,8,18.18653784,-65.11346236,2059394.066,-7248397.474,2059394.066,-7248397.474,0.0,-43.75175095,43.752,https://nccospublicstor.blob.core.windows.net/biomapper/usviinsularshelf2017/videos/low/GV2016_691.mp4,Present,Absent,Absent,Present,Present,Absent,Present,Present,Absent,Absent,Absent,,1,0,0,1,1,0,1,1,0,0,0,2,3,5,Pass,Pass,Pass,Pass,Pass,Pass,Pass,Pass,Pass,Pass,Pass,
REC1299,1298,1298,Benthic Habitat Maps for the Insular Shelf South of St. Thomas and St. John,"St. Thomas, USVI",GV,Ground Validation,HD Seaviewer Drop Camera,GV2016_692,2016-08-29,10:24:02,2016,8,18.24628211,-64.87814662,2066395.67,-7222202.245,2066395.67,-7222202.245,0.0,-41.61488342,41.615,https://nccospublicstor.blob.core.windows.net/biomapper/usviinsularshelf2017/videos/low/GV2016_692.mp4,Absent,Absent,Present,Present,Absent,Absent,Present,Present,Absent,Absent,Absent,,0,0,1,1,0,0,1,1,0,0,0,2,2,4,Pass,Pass,Pass,Pass,Pass,Pass,Pass,Pass,Pass,Pass,Pass,
REC1300,1299,1299,Benthic Habitat Maps for the Insular Shelf South of St. Thomas and St. John,"St. Thomas, USVI",GV,Ground Validation,HD Seaviewer Drop Camera,GV2016_693,2016-08-26,08:56:21,2016,8,18.19661738,-64.93263582,2060575.148,-7228267.955,2060575.148,-7228267.955,0.0,-54.91274643,54.913,https://nccospublicstor.blob.core.windows.net/biomapper/usviinsularshelf2017/videos/low/GV2016_693.mp4,Absent,Absent,Present,Present,Absent,Absent,Present,Present,Absent,Absent,Absent,,0,0,1,1,0,0,1,1,0,0,0,2,2,4,Pass,Pass,Pass,Pass,Pass,Pass,Pass,Pass,Pass,Pass,Pass,
REC1301,1300,1300,Benthic Habitat Maps for the Insular Shelf South of St. Thomas and St. John,"St. Thomas, USVI",GV,Ground Validation,HD Seaviewer Drop Camera,GV2016_694,2016-08-26,12:38:07,2016,8,18.21367067,-65.05900806,2062573.543,-7242335.649,2062573.543,-7242335.649,0.0,-38.17685318,38.177,https://nccospublicstor.blob.core.windows.net/biomapper/usviinsularshelf2017/videos/low/GV2016_694.mp4,Present,Absent,Absent,Absent,Present,Absent,Present,Present,Absent,Absent,Absent,High Coral cover >70%,1,0,0,0,1,0,1,1,0,0,0,1,3,4,Pass,Pass,Pass,Pass,Pass,Pass,Pass,Pass,Pass,Pass,Pass,
REC1302,1301,1301,Benthic Habitat Maps for the Insular Shelf South of St. Thomas and St. John,Puerto Rico,GV,Ground Validation,HD Seaviewer Drop Camera,GV2016_695,2016-08-23,09:33:26,2016,8,18.19354098,-65.18415239,2060214.66,-7256266.652,2060214.66,-7256266.652,0.0,-39.23506546,39.235,https://nccospublicstor.blob.core.windows.net/biomapper/usviinsularshelf2017/videos/low/GV2016_695.mp4,Present,Absent,Absent,Present,Present,Present,Present,Present,Absent,Absent,Absent,,1,0,0,1,1,1,1,1,0,0,0,2,4,6,Pass,Pass,Pass,Pass,Pass,Pass,Pass,Pass,Pass,Pass,Pass,
REC1303,1302,1302,Benthic Habitat Maps for the Insular Shelf South of St. Thomas and St. John,"St. Thomas, USVI",GV,Ground Validation,HD Seaviewer Drop Camera,GV2016_696,2016-08-29,13:11:10,2016,8,18.22761518,-64.94740538,2064207.78,-7229912.095,2064207.78,-7229912.095,0.0,-42.85038376,42.85,https://nccospublicstor.blob.core.windows.net/biomapper/usviinsularshelf2017/videos/low/GV2016_696.mp4,Absent,Absent,Present,Present,Absent,Absent,Present,Present,Absent,Absent,Absent,,0,0,1,1,0,0,1,1,0,0,0,2,2,4,Pass,Pass,Pass,Pass,Pass,Pass,Pass,Pass,Pass,Pass,Pass,
REC1304,1303,1303,Benthic Habitat Maps for the Insular Shelf South of St. Thomas and St. John,"St. John, USVI",GV,Ground Validation,HD Seaviewer Drop Camera,GV2016_698,2016-09-12,11:09:26,2016,9,18.21677511,-64.69631407,2062937.359,-7201960.739,2062937.359,-7201960.738,0.001,-53.73256683,53.733,https://nccospublicstor.blob.core.windows.net/biomapper/usviinsularshelf2017/videos/low/GV2016_698.mp4,Absent,Present,Present,Absent,Present,Absent,Present,Present,Absent,Absent,Absent,,0,1,1,0,1,0,1,1,0,0,0,2,3,5,Pass,Pass,Pass,Pass,Pass,Pass,Pass,Pass,Pass,Pass,Pass,
REC1305,1304,1304,Benthic Habitat Maps for the Insular Shelf South of St. Thomas and St. John,Puerto Rico,GV,Ground Validation,HD Seaviewer Drop Camera,GV2016_699,2016-08-23,11:25:14,2016,8,18.17908502,-65.14135116,2058520.817,-7251502.041,2058520.816,-7251502.041,0.001,-44.04683304,44.047,https://nccospublicstor.blob.core.windows.net/biomapper/usviinsularshelf2017/videos/low/GV2016_699.mp4,Present,Absent,Absent,Present,Present,Absent,Present,Present,Absent,Absent,Absent,,1,0,0,1,1,0,1,1,0,0,0,2,3,5,Pass,Pass,Pass,Pass,Pass,Pass,Pass,Pass,Pass,Pass,Pass,
REC1306,1305,1305,Benthic Habitat Maps for the Insular Shelf South of St. Thomas and St. John,"St. Thomas, USVI",GV,Ground Validation,HD Seaviewer Drop Camera,GV2016_700,2016-08-27,11:43:27,2016,8,18.26857023,-65.0318786,2069008.296,-7239315.611,2069008.296,-7239315.611,0.0,-33.35378647,33.354,https://nccospublicstor.blob.core.windows.net/biomapper/usviinsularshelf2017/videos/low/GV2016_700.mp4,Absent,Absent,Present,Absent,Absent,Absent,Present,Present,Absent,Absent,Absent,,0,0,1,0,0,0,1,1,0,0,0,1,2,3,Pass,Pass,Pass,Pass,Pass,Pass,Pass,Pass,Pass,Pass,Pass,
REC1307,1306,1306,Benthic Habitat Maps for the Insular Shelf South of St. Thomas and St. John,Puerto Rico,GV,Ground Validation,HD Seaviewer Drop Camera,GV2016_701,2016-08-21,09:05:16,2016,8,18.14079977,-65.2133647,2054035.509,-7259518.551,2054035.51,-7259518.551,0.001,-37.70408249,37.704,https://nccospublicstor.blob.core.windows.net/biomapper/usviinsularshelf2017/videos/low/GV2016_701.mp4,Present,Absent,Absent,Absent,Present,Absent,Present,Present,Absent,Absent,Absent,Coral Bleaching,1,0,0,0,1,0,1,1,0,0,0,1,3,4,Pass,Pass,Pass,Pass,Pass,Pass,Pass,Pass,Pass,Pass,Pass,
REC1308,1307,1307,Benthic Habitat Maps for the Insular Shelf South of St. Thomas and St. John,"St. John, USVI",GV,Ground Validation,HD Seaviewer Drop Camera,GV2016_702,2016-09-11,11:48:29,2016,9,18.26634038,-64.75040803,2068746.897,-7207982.451,2068746.897,-7207982.451,0.001,-46.28347778,46.283,https://nccospublicstor.blob.core.windows.net/biomapper/usviinsularshelf2017/videos/low/GV2016_702.mp4,Absent,Absent,Present,Present,Absent,Absent,Present,Absent,Absent,Absent,Absent,,0,0,1,1,0,0,1,0,0,0,0,2,1,3,Pass,Pass,Pass,Pass,Pass,Pass,Pass,Pass,Pass,Pass,Pass,
REC1309,1308,1308,Benthic Habitat Maps for the Insular Shelf South of St. Thomas and St. John,"St. John, USVI",GV,Ground Validation,HD Seaviewer Drop Camera,GV2016_703,2016-09-11,07:50:51,2016,9,18.2797359,-64.77894071,2070317.268,-7211158.694,2070317.268,-7211158.694,0.0,-27.59584045,27.596,https://nccospublicstor.blob.core.windows.net/biomapper/usviinsularshelf2017/videos/low/GV2016_703.mp4,Present,Absent,Absent,Present,Present,Present,Present,Present,Absent,Present,Absent,"Fish Trap, nice school of fish",1,0,0,1,1,1,1,1,0,1,0,2,4,7,Pass,Pass,Pass,Pass,Pass,Pass,Pass,Pass,Pass,Pass,Pass,
REC1310,1309,1309,Benthic Habitat Maps for the Insular Shelf South of St. Thomas and St. John,Puerto Rico,GV,Ground Validation,HD Seaviewer Drop Camera,GV2016_704,2016-08-21,11:16:09,2016,8,18.12401205,-65.19579075,2052069.055,-7257562.228,2052069.055,-7257562.228,0.0,-42.38339233,42.383,https://nccospublicstor.blob.core.windows.net/biomapper/usviinsularshelf2017/videos/low/GV2016_704.mp4,Absent,Absent,Present,Absent,Absent,Absent,Present,Present,Absent,Absent,Absent,,0,0,1,0,0,0,1,1,0,0,0,1,2,3,Pass,Pass,Pass,Pass,Pass,Pass,Pass,Pass,Pass,Pass,Pass,
REC1311,1310,1310,Benthic Habitat Maps for the Insular Shelf South of St. Thomas and St. John,Puerto Rico,GV,Ground Validation,HD Seaviewer Drop Camera,GV2016_705,2016-08-22,11:24:17,2016,8,18.20804584,-65.20179264,2061914.374,-7258230.355,2061914.374,-7258230.355,0.0,-31.72430038,31.724,https://nccospublicstor.blob.core.windows.net/biomapper/usviinsularshelf2017/videos/low/GV2016_705.mp4,Present,Absent,Absent,Absent,Present,Present,Present,Present,Absent,Absent,Absent,Some coral colonies with coral bleaching,1,0,0,0,1,1,1,1,0,0,0,1,4,5,Pass,Pass,Pass,Pass,Pass,Pass,Pass,Pass,Pass,Pass,Pass,
REC1312,1311,1311,Benthic Habitat Maps for the Insular Shelf South of St. Thomas and St. John,"St. John, USVI",GV,Ground Validation,HD Seaviewer Drop Camera,GV2016_706,2016-09-11,11:18:28,2016,9,18.262111,-64.74374933,2068251.107,-7207241.207,2068251.107,-7207241.207,0.0,-47.79029846,47.79,https://nccospublicstor.blob.core.windows.net/biomapper/usviinsularshelf2017/videos/low/GV2016_706.mp4,Absent,Absent,Present,Absent,Absent,Absent,Present,Present,Absent,Absent,Absent,,0,0,1,0,0,0,1,1,0,0,0,1,2,3,Pass,Pass,Pass,Pass,Pass,Pass,Pass,Pass,Pass,Pass,Pass,
REC1313,1312,1312,Benthic Habitat Maps for the Insular Shelf South of St. Thomas and St. John,"St. John, USVI",GV,Ground Validation,HD Seaviewer Drop Camera,GV2016_707,2016-09-16,12:18:36,2016,9,18.20641872,-64.79646356,2061723.697,-7213109.329,2061723.697,-7213109.329,0.0,-51.40921021,51.409,https://nccospublicstor.blob.core.windows.net/biomapper/usviinsularshelf2017/videos/low/GV2016_707.mp4,Absent,Absent,Present,Absent,Absent,Absent,Present,Present,Absent,Absent,Absent,,0,0,1,0,0,0,1,1,0,0,0,1,2,3,Pass,Pass,Pass,Pass,Pass,Pass,Pass,Pass,Pass,Pass,Pass,
REC1314,1313,1313,Benthic Habitat Maps for the Insular Shelf South of St. Thomas and St. John,Puerto Rico,GV,Ground Validation,HD Seaviewer Drop Camera,GV2016_708,2016-08-23,14:49:53,2016,8,18.22936456,-65.18700914,2064412.81,-7256584.664,2064412.81,-7256584.664,0.001,-32.36375809,32.364,https://nccospublicstor.blob.core.windows.net/biomapper/usviinsularshelf2017/videos/low/GV2016_708.mp4,Present,Absent,Absent,Present,Present,Present,Present,Present,Absent,Absent,Absent,,1,0,0,1,1,1,1,1,0,0,0,2,4,6,Pass,Pass,Pass,Pass,Pass,Pass,Pass,Pass,Pass,Pass,Pass,
REC1315,1314,1314,Benthic Habitat Maps for the Insular Shelf South of St. Thomas and St. John,"St. Thomas, USVI",GV,Ground Validation,HD Seaviewer Drop Camera,GV2016_709,2016-08-23,11:17:12,2016,8,18.18346416,-65.13051597,2059033.917,-7250295.873,2059033.917,-7250295.873,0.0,-41.05410004,41.054,https://nccospublicstor.blob.core.windows.net/biomapper/usviinsularshelf2017/videos/low/GV2016_709.mp4,Present,Absent,Absent,Present,Present,Absent,Present,Present,Absent,Absent,Absent,high coral cover,1,0,0,1,1,0,1,1,0,0,0,2,3,5,Pass,Pass,Pass,Pass,Pass,Pass,Pass,Pass,Pass,Pass,Pass,
REC1316,1315,1315,Benthic Habitat Maps for the Insular Shelf South of St. Thomas and St. John,"St. John, USVI",GV,Ground Validation,HD Seaviewer Drop Camera,GV2016_710,2016-09-12,14:02:02,2016,9,18.26139377,-64.68232326,2068167.031,-7200403.289,2068167.031,-7200403.289,0.0,-46.11523819,46.115,https://nccospublicstor.blob.core.windows.net/biomapper/usviinsularshelf2017/videos/low/GV2016_710.mp4,Absent,Present,Present,Absent,Present,Absent,Present,Present,Absent,Absent,Absent,,0,1,1,0,1,0,1,1,0,0,0,2,3,5,Pass,Pass,Pass,Pass,Pass,Pass,Pass,Pass,Pass,Pass,Pass,
REC1317,1316,1316,Benthic Habitat Maps for the Insular Shelf South of St. Thomas and St. John,"St. Thomas, USVI",GV,Ground Validation,HD Seaviewer Drop Camera,GV2016_711_1,2016-08-26,14:51:51,2016,8,18.21218214,-65.11655442,2062399.101,-7248741.68,2062399.101,-7248741.68,0.0,-33.87962341,33.88,https://nccospublicstor.blob.core.windows.net/biomapper/usviinsularshelf2017/videos/low/GV2016_711_1.mp4,Absent,Present,Present,Absent,Present,Absent,Present,Present,Absent,Absent,Absent,,0,1,1,0,1,0,1,1,0,0,0,2,3,5,Pass,Pass,Pass,Pass,Pass,Pass,Pass,Pass,Pass,Pass,Pass,
REC1318,1317,1317,Benthic Habitat Maps for the Insular Shelf South of St. Thomas and St. John,"St. John, USVI",GV,Ground Validation,HD Seaviewer Drop Camera,GV2016_711_2,2016-09-17,08:09:24,2016,9,18.2514977,-64.71716618,2067007.015,-7204281.985,2067007.015,-7204281.985,0.001,-47.10242081,47.102,https://nccospublicstor.blob.core.windows.net/biomapper/usviinsularshelf2017/videos/low/GV2016_711_2.mp4,Absent,Present,Present,Absent,Present,Absent,Present,Present,Absent,Absent,Absent,,0,1,1,0,1,0,1,1,0,0,0,2,3,5,Pass,Pass,Pass,Pass,Pass,Pass,Pass,Pass,Pass,Pass,Pass,
REC1319,1318,1318,Benthic Habitat Maps for the Insular Shelf South of St. Thomas and St. John,"St. John, USVI",GV,Ground Validation,HD Seaviewer Drop Camera,GV2016_712,2016-09-13,10:36:07,2016,9,18.23905685,-64.78701952,2065548.793,-7212058.023,2065548.793,-7212058.023,0.0,-48.75655746,48.757,https://nccospublicstor.blob.core.windows.net/biomapper/usviinsularshelf2017/videos/low/GV2016_712.mp4,Absent,Absent,Present,Present,Absent,Absent,Present,Present,Absent,Absent,Absent,,0,0,1,1,0,0,1,1,0,0,0,2,2,4,Pass,Pass,Pass,Pass,Pass,Pass,Pass,Pass,Pass,Pass,Pass,
REC1320,1319,1319,Benthic Habitat Maps for the Insular Shelf South of St. Thomas and St. John,"St. Thomas, USVI",GV,Ground Validation,HD Seaviewer Drop Camera,GV2016_716,2016-08-28,10:52:46,2016,8,18.21243339,-64.9102903,2062428.545,-7225780.463,2062428.545,-7225780.463,0.001,-45.12330246,45.123,https://nccospublicstor.blob.core.windows.net/biomapper/usviinsularshelf2017/videos/low/GV2016_716.mp4,Present,Absent,Absent,Absent,Present,Absent,Present,Present,Absent,Absent,Absent,,1,0,0,0,1,0,1,1,0,0,0,1,3,4,Pass,Pass,Pass,Pass,Pass,Pass,Pass,Pass,Pass,Pass,Pass,
REC1321,1320,1320,Benthic Habitat Maps for the Insular Shelf South of St. Thomas and St. John,Puerto Rico,GV,Ground Validation,HD Seaviewer Drop Camera,GV2016_717,2016-08-23,09:27:22,2016,8,18.18878623,-65.18733046,2059657.518,-7256620.433,2059657.518,-7256620.433,0.0,-36.3539505,36.354,https://nccospublicstor.blob.core.windows.net/biomapper/usviinsularshelf2017/videos/low/GV2016_717.mp4,Present,Absent,Absent,Absent,Present,Present,Present,Present,Absent,Absent,Absent,high coral cover,1,0,0,0,1,1,1,1,0,0,0,1,4,5,Pass,Pass,Pass,Pass,Pass,Pass,Pass,Pass,Pass,Pass,Pass,
REC1322,1321,1321,Benthic Habitat Maps for the Insular Shelf South of St. Thomas and St. John,"St. Thomas, USVI",GV,Ground Validation,HD Seaviewer Drop Camera,GV2016_718,2016-08-29,12:59:34,2016,8,18.23032853,-64.936342,2064525.789,-7228680.525,2064525.789,-7228680.525,0.001,-42.82726288,42.827,https://nccospublicstor.blob.core.windows.net/biomapper/usviinsularshelf2017/videos/low/GV2016_718.mp4,Absent,Absent,Present,Present,Absent,Absent,Present,Present,Absent,Absent,Absent,,0,0,1,1,0,0,1,1,0,0,0,2,2,4,Pass,Pass,Pass,Pass,Pass,Pass,Pass,Pass,Pass,Pass,Pass,
REC1323,1322,1322,Benthic Habitat Maps for the Insular Shelf South of St. Thomas and St. John,"St. John, USVI",GV,Ground Validation,HD Seaviewer Drop Camera,GV2016_719,2016-09-16,13:32:14,2016,9,18.20440764,-64.77623422,2061488.028,-7210857.409,2061488.028,-7210857.409,0.0,-55.55988693,55.56,https://nccospublicstor.blob.core.windows.net/biomapper/usviinsularshelf2017/videos/low/GV2016_719.mp4,Absent,Present,Present,Absent,Present,Absent,Present,Present,Absent,Absent,Absent,,0,1,1,0,1,0,1,1,0,0,0,2,3,5,Pass,Pass,Pass,Pass,Pass,Pass,Pass,Pass,Pass,Pass,Pass,
REC1324,1323,1323,Benthic Habitat Maps for the Insular Shelf South of St. Thomas and St. John,"St. Thomas, USVI",GV,Ground Validation,HD Seaviewer Drop Camera,GV2016_720,2016-08-28,12:42:23,2016,8,18.2100491,-64.89423403,2062149.132,-7223993.088,2062149.132,-7223993.088,0.0,-46.27952576,46.28,https://nccospublicstor.blob.core.windows.net/biomapper/usviinsularshelf2017/videos/low/GV2016_720.mp4,Present,Absent,Absent,Present,Present,Absent,Present,Present,Absent,Absent,Absent,,1,0,0,1,1,0,1,1,0,0,0,2,3,5,Pass,Pass,Pass,Pass,Pass,Pass,Pass,Pass,Pass,Pass,Pass,
REC1325,1324,1324,Benthic Habitat Maps for the Insular Shelf South of St. Thomas and St. John,"St. John, USVI",GV,Ground Validation,HD Seaviewer Drop Camera,GV2016_721,2016-09-01,12:29:00,2016,9,18.30849635,-64.73986489,2073689.297,-7206808.794,2073689.297,-7206808.794,0.001,-23.98984146,23.99,https://nccospublicstor.blob.core.windows.net/biomapper/usviinsularshelf2017/videos/low/GV2016_721.mp4,Present,Absent,Absent,Present,Present,Present,Present,Present,Absent,Absent,Absent,,1,0,0,1,1,1,1,1,0,0,0,2,4,6,Pass,Pass,Pass,Pass,Pass,Pass,Pass,Pass,Pass,Pass,Pass,
REC1326,1325,1325,Benthic Habitat Maps for the Insular Shelf South of St. Thomas and St. John,"St. John, USVI",GV,Ground Validation,HD Seaviewer Drop Camera,GV2016_722,2016-09-12,10:07:21,2016,9,18.24326677,-64.6590628,2066042.236,-7197813.946,2066042.236,-7197813.946,0.0,-49.85647583,49.856,https://nccospublicstor.blob.core.windows.net/biomapper/usviinsularshelf2017/videos/low/GV2016_722.mp4,Absent,Present,Absent,Absent,Present,Absent,Present,Present,Absent,Absent,Absent,,0,1,0,0,1,0,1,1,0,0,0,1,3,4,Pass,Pass,Pass,Pass,Pass,Pass,Pass,Pass,Pass,Pass,Pass,
REC1327,1326,1326,Benthic Habitat Maps for the Insular Shelf South of St. Thomas and St. John,"St. John, USVI",GV,Ground Validation,HD Seaviewer Drop Camera,GV2016_723,2016-09-13,09:52:21,2016,9,18.2510126,-64.78354072,2066950.153,-7211670.765,2066950.153,-7211670.765,0.0,-45.11949921,45.119,https://nccospublicstor.blob.core.windows.net/biomapper/usviinsularshelf2017/videos/low/GV2016_723.mp4,Absent,Absent,Present,Present,Absent,Absent,Present,Present,Absent,Absent,Absent,,0,0,1,1,0,0,1,1,0,0,0,2,2,4,Pass,Pass,Pass,Pass,Pass,Pass,Pass,Pass,Pass,Pass,Pass,
REC1328,1327,1327,Benthic Habitat Maps for the Insular Shelf South of St. Thomas and St. John,"St. John, USVI",GV,Ground Validation,HD Seaviewer Drop Camera,GV2016_724,2016-09-11,09:23:08,2016,9,18.28537149,-64.6969954,2070977.971,-7202036.584,2070977.971,-7202036.584,0.001,-33.01601028,33.016,https://nccospublicstor.blob.core.windows.net/biomapper/usviinsularshelf2017/videos/low/GV2016_724.mp4,Absent,Absent,Present,Present,Absent,Absent,Present,Present,Absent,Absent,Absent,,0,0,1,1,0,0,1,1,0,0,0,2,2,4,Pass,Pass,Pass,Pass,Pass,Pass,Pass,Pass,Pass,Pass,Pass,
REC1329,1328,1328,Benthic Habitat Maps for the Insular Shelf South of St. Thomas and St. John,"St. Thomas, USVI",GV,Ground Validation,HD Seaviewer Drop Camera,GV2016_725,2016-08-28,12:18:42,2016,8,18.20055021,-64.89077035,2061036.0,-7223607.513,2061036.0,-7223607.513,0.001,-49.27782059,49.278,https://nccospublicstor.blob.core.windows.net/biomapper/usviinsularshelf2017/videos/low/GV2016_725.mp4,Absent,Present,Absent,Absent,Present,Absent,Present,Present,Absent,Absent,Absent,Lionfish,0,1,0,0,1,0,1,1,0,0,0,1,3,4,Pass,Pass,Pass,Pass,Pass,Pass,Pass,Pass,Pass,Pass,Pass,
REC1330,1329,1329,Benthic Habitat Maps for the Insular Shelf South of St. Thomas and St. John,"St. Thomas, USVI",GV,Ground Validation,HD Seaviewer Drop Camera,GV2016_726,2016-09-09,14:23:25,2016,9,18.25747855,-64.82910535,2067708.081,-7216742.996,2067708.081,-7216742.996,0.0,-34.88716888,34.887,https://nccospublicstor.blob.core.windows.net/biomapper/usviinsularshelf2017/videos/low/GV2016_726.mp4,Absent,Absent,Present,Absent,Absent,Absent,Present,Absent,Absent,Absent,Absent,,0,0,1,0,0,0,1,0,0,0,0,1,1,2,Pass,Pass,Pass,Pass,Pass,Pass,Pass,Pass,Pass,Pass,Pass,
REC1331,1330,1330,Benthic Habitat Maps for the Insular Shelf South of St. Thomas and St. John,"St. John, USVI",GV,Ground Validation,HD Seaviewer Drop Camera,GV2016_727,2016-09-13,10:15:26,2016,9,18.2439055,-64.77746462,2066117.103,-7210994.376,2066117.103,-7210994.376,0.001,-45.81861496,45.819,https://nccospublicstor.blob.core.windows.net/biomapper/usviinsularshelf2017/videos/low/GV2016_727.mp4,Absent,Absent,Present,Absent,Absent,Absent,Present,Present,Absent,Absent,Absent,,0,0,1,0,0,0,1,1,0,0,0,1,2,3,Pass,Pass,Pass,Pass,Pass,Pass,Pass,Pass,Pass,Pass,Pass,
REC1332,1331,1331,Benthic Habitat Maps for the Insular Shelf South of St. Thomas and St. John,"St. Thomas, USVI",GV,Ground Validation,HD Seaviewer Drop Camera,GV2016_728,2016-09-13,09:22:22,2016,9,18.25363491,-64.81422227,2067257.533,-7215086.219,2067257.532,-7215086.219,0.001,-42.79640579,42.796,https://nccospublicstor.blob.core.windows.net/biomapper/usviinsularshelf2017/videos/low/GV2016_728.mp4,Absent,Present,Present,Present,Absent,Absent,Present,Present,Absent,Absent,Absent,,0,1,1,1,0,0,1,1,0,0,0,3,2,5,Pass,Pass,Pass,Pass,Pass,Pass,Pass,Pass,Pass,Pass,Pass,
REC1333,1332,1332,Benthic Habitat Maps for the Insular Shelf South of St. Thomas and St. John,Puerto Rico,GV,Ground Validation,HD Seaviewer Drop Camera,GV2016_729,2016-08-21,12:26:48,2016,8,18.13846866,-65.23466232,2053762.44,-7261889.391,2053762.44,-7261889.392,0.001,-36.21581268,36.216,https://nccospublicstor.blob.core.windows.net/biomapper/usviinsularshelf2017/videos/low/GV2016_729.mp4,Present,Absent,Absent,Absent,Present,Absent,Present,Present,Absent,Present,Absent,Derelict Trap,1,0,0,0,1,0,1,1,0,1,0,1,3,5,Pass,Pass,Pass,Pass,Pass,Pass,Pass,Pass,Pass,Pass,Pass,
REC1334,1333,1333,Benthic Habitat Maps for the Insular Shelf South of St. Thomas and St. John,Puerto Rico,GV,Ground Validation,HD Seaviewer Drop Camera,GV2016_730,2016-08-21,12:14:09,2016,8,18.12501482,-65.23745571,2052186.51,-7262200.35,2052186.51,-7262200.35,0.0,-49.45731735,49.457,https://nccospublicstor.blob.core.windows.net/biomapper/usviinsularshelf2017/videos/low/GV2016_730.mp4,Absent,Absent,Present,Absent,Absent,Absent,Present,Present,Absent,Absent,Absent,,0,0,1,0,0,0,1,1,0,0,0,1,2,3,Pass,Pass,Pass,Pass,Pass,Pass,Pass,Pass,Pass,Pass,Pass,
REC1335,1334,1334,Benthic Habitat Maps for the Insular Shelf South of St. Thomas and St. John,Puerto Rico,GV,Ground Validation,HD Seaviewer Drop Camera,GV2016_731,2016-08-22,10:04:20,2016,8,18.17249194,-65.20381409,2057748.334,-7258455.382,2057748.334,-7258455.382,0.0,-39.22076797,39.221,https://nccospublicstor.blob.core.windows.net/biomapper/usviinsularshelf2017/videos/low/GV2016_731.mp4,Present,Absent,Absent,Absent,Present,Present,Present,Present,Absent,Absent,Absent,Some coral colonies with coral bleaching,1,0,0,0,1,1,1,1,0,0,0,1,4,5,Pass,Pass,Pass,Pass,Pass,Pass,Pass,Pass,Pass,Pass,Pass,
REC1336,1335,1335,Benthic Habitat Maps for the Insular Shelf South of St. Thomas and St. John,"St. Thomas, USVI",GV,Ground Validation,HD Seaviewer Drop Camera,GV2016_732,2016-08-30,08:41:39,2016,8,18.22690631,-64.98926518,2064124.701,-7234571.907,2064124.701,-7234571.907,0.0,-42.53719711,42.537,https://nccospublicstor.blob.core.windows.net/biomapper/usviinsularshelf2017/videos/low/GV2016_732.mp4,Absent,Absent,Present,Present,Absent,Absent,Present,Present,Absent,Absent,Absent,,0,0,1,1,0,0,1,1,0,0,0,2,2,4,Pass,Pass,Pass,Pass,Pass,Pass,Pass,Pass,Pass,Pass,Pass,
REC1337,1336,1336,Benthic Habitat Maps for the Insular Shelf South of St. Thomas and St. John,"St. John, USVI",GV,Ground Validation,HD Seaviewer Drop Camera,GV2016_733,2016-09-17,14:09:04,2016,9,18.23517114,-64.74716703,2065093.362,-7207621.664,2065093.361,-7207621.664,0.001,-53.14147949,53.141,https://nccospublicstor.blob.core.windows.net/biomapper/usviinsularshelf2017/videos/low/GV2016_733.mp4,Absent,Absent,Present,Absent,Present,Absent,Present,Present,Absent,Absent,Absent,,0,0,1,0,1,0,1,1,0,0,0,1,3,4,Pass,Pass,Pass,Pass,Pass,Pass,Pass,Pass,Pass,Pass,Pass,
REC1338,1337,1337,Benthic Habitat Maps for the Insular Shelf South of St. Thomas and St. John,"St. Thomas, USVI",GV,Ground Validation,HD Seaviewer Drop Camera,GV2016_734,2016-08-30,10:16:17,2016,8,18.2479954,-64.96515498,2066596.491,-7231887.972,2066596.491,-7231887.972,0.0,-40.05311584,40.053,https://nccospublicstor.blob.core.windows.net/biomapper/usviinsularshelf2017/videos/low/GV2016_734.mp4,Absent,Absent,Present,Present,Absent,Absent,Present,Present,Absent,Absent,Absent,,0,0,1,1,0,0,1,1,0,0,0,2,2,4,Pass,Pass,Pass,Pass,Pass,Pass,Pass,Pass,Pass,Pass,Pass,
REC1339,1338,1338,Benthic Habitat Maps for the Insular Shelf South of St. Thomas and St. John,"St. Thomas, USVI",GV,Ground Validation,HD Seaviewer Drop Camera,GV2016_735,2016-08-20,11:49:49,2016,8,18.28101133,-65.0752445,2070466.794,-7244143.081,2070466.794,-7244143.081,0.0,-33.40517044,33.405,https://nccospublicstor.blob.core.windows.net/biomapper/usviinsularshelf2017/videos/low/GV2016_735.mp4,Absent,Absent,Present,Absent,Absent,Absent,Present,Present,Absent,Absent,Absent,,0,0,1,0,0,0,1,1,0,0,0,1,2,3,Pass,Pass,Pass,Pass,Pass,Pass,Pass,Pass,Pass,Pass,Pass,
REC1340,1339,1339,Benthic Habitat Maps for the Insular Shelf South of St. Thomas and St. John,"St. Thomas, USVI",GV,Ground Validation,HD Seaviewer Drop Camera,GV2016_736,2016-08-28,09:48:26,2016,8,18.18063736,-64.89017063,2058702.702,-7223540.752,2058702.702,-7223540.752,0.0,-52.33015442,52.33,https://nccospublicstor.blob.core.windows.net/biomapper/usviinsularshelf2017/videos/low/GV2016_736.mp4,Absent,Absent,Present,Absent,Present,Absent,Present,Present,Absent,Absent,Absent,,0,0,1,0,1,0,1,1,0,0,0,1,3,4,Pass,Pass,Pass,Pass,Pass,Pass,Pass,Pass,Pass,Pass,Pass,
REC1341,1340,1340,Benthic Habitat Maps for the Insular Shelf South of St. Thomas and St. John,"St. Thomas, USVI",GV,Ground Validation,HD Seaviewer Drop Camera,GV2016_737,2016-09-09,12:33:50,2016,9,18.2359619,-64.84234301,2065186.043,-7218216.606,2065186.043,-7218216.606,0.0,-44.4623909,44.462,https://nccospublicstor.blob.core.windows.net/biomapper/usviinsularshelf2017/videos/low/GV2016_737.mp4,Absent,Absent,Present,Absent,Absent,Absent,Present,Present,Absent,Absent,Absent,,0,0,1,0,0,0,1,1,0,0,0,1,2,3,Pass,Pass,Pass,Pass,Pass,Pass,Pass,Pass,Pass,Pass,Pass,
REC1342,1341,1341,Benthic Habitat Maps for the Insular Shelf South of St. Thomas and St. John,"St. John, USVI",GV,Ground Validation,HD Seaviewer Drop Camera,GV2016_738,2016-09-17,13:34:42,2016,9,18.23197029,-64.75539201,2064718.208,-7208537.265,2064718.208,-7208537.265,0.001,-49.73935699,49.739,https://nccospublicstor.blob.core.windows.net/biomapper/usviinsularshelf2017/videos/low/GV2016_738.mp4,Absent,Absent,Present,Absent,Absent,Absent,Present,Present,Absent,Absent,Absent,,0,0,1,0,0,0,1,1,0,0,0,1,2,3,Pass,Pass,Pass,Pass,Pass,Pass,Pass,Pass,Pass,Pass,Pass,
REC1343,1342,1342,Benthic Habitat Maps for the Insular Shelf South of St. Thomas and St. John,Puerto Rico,GV,Ground Validation,HD Seaviewer Drop Camera,GV2016_739,2016-08-21,10:30:05,2016,8,18.1275458,-65.19001846,2052482.97,-7256919.66,2052482.97,-7256919.66,0.0,-39.0777092,39.078,https://nccospublicstor.blob.core.windows.net/biomapper/usviinsularshelf2017/videos/low/GV2016_739.mp4,Present,Absent,Absent,Absent,Present,Absent,Present,Present,Absent,Absent,Absent,reef shark,1,0,0,0,1,0,1,1,0,0,0,1,3,4,Pass,Pass,Pass,Pass,Pass,Pass,Pass,Pass,Pass,Pass,Pass,
REC1344,1343,1343,Benthic Habitat Maps for the Insular Shelf South of St. Thomas and St. John,"St. Thomas, USVI",GV,Ground Validation,HD Seaviewer Drop Camera,GV2016_740,2016-08-27,11:59:44,2016,8,18.26668783,-65.01384736,2068787.627,-7237308.383,2068787.627,-7237308.383,0.0,-33.48120499,33.481,https://nccospublicstor.blob.core.windows.net/biomapper/usviinsularshelf2017/videos/low/GV2016_740.mp4,Absent,Absent,Present,Absent,Absent,Absent,Present,Present,Absent,Absent,Absent,,0,0,1,0,0,0,1,1,0,0,0,1,2,3,Pass,Pass,Pass,Pass,Pass,Pass,Pass,Pass,Pass,Pass,Pass,
REC1345,1344,1344,Benthic Habitat Maps for the Insular Shelf South of St. Thomas and St. John,"St. Thomas, USVI",GV,Ground Validation,HD Seaviewer Drop Camera,GV2016_741,2016-08-30,10:30:21,2016,8,18.23226232,-64.95393355,2064752.435,-7230638.808,2064752.435,-7230638.808,0.001,-42.66460037,42.665,https://nccospublicstor.blob.core.windows.net/biomapper/usviinsularshelf2017/videos/low/GV2016_741.mp4,Absent,Absent,Present,Present,Absent,Absent,Present,Present,Absent,Absent,Absent,,0,0,1,1,0,0,1,1,0,0,0,2,2,4,Pass,Pass,Pass,Pass,Pass,Pass,Pass,Pass,Pass,Pass,Pass,
REC1346,1345,1345,Benthic Habitat Maps for the Insular Shelf South of St. Thomas and St. John,"St. Thomas, USVI",GV,Ground Validation,HD Seaviewer Drop Camera,GV2016_742,2016-09-09,13:09:48,2016,9,18.20930745,-64.84980171,2062062.219,-7219046.904,2062062.219,-7219046.904,0.0,-42.51961136,42.52,https://nccospublicstor.blob.core.windows.net/biomapper/usviinsularshelf2017/videos/low/GV2016_742.mp4,Absent,Present,Absent,Present,Present,Absent,Present,Present,Absent,Absent,Absent,,0,1,0,1,1,0,1,1,0,0,0,2,3,5,Pass,Pass,Pass,Pass,Pass,Pass,Pass,Pass,Pass,Pass,Pass,
REC1347,1346,1346,Benthic Habitat Maps for the Insular Shelf South of St. Thomas and St. John,"St. Thomas, USVI",GV,Ground Validation,HD Seaviewer Drop Camera,GV2016_743,2016-08-27,09:38:26,2016,8,18.2350837,-65.10019572,2065083.113,-7246920.638,2065083.113,-7246920.638,0.0,-29.35756493,29.358,https://nccospublicstor.blob.core.windows.net/biomapper/usviinsularshelf2017/videos/low/GV2016_743.mp4,Present,Absent,Absent,Absent,Present,Absent,Present,Present,Absent,Absent,Absent,,1,0,0,0,1,0,1,1,0,0,0,1,3,4,Pass,Pass,Pass,Pass,Pass,Pass,Pass,Pass,Pass,Pass,Pass,
REC1348,1347,1347,Benthic Habitat Maps for the Insular Shelf South of St. Thomas and St. John,"St. John, USVI",GV,Ground Validation,HD Seaviewer Drop Camera,GV2016_744,2016-09-16,12:03:03,2016,9,18.20115363,-64.7879192,2061106.711,-7212158.175,2061106.711,-7212158.175,0.0,-55.46649551,55.466,https://nccospublicstor.blob.core.windows.net/biomapper/usviinsularshelf2017/videos/low/GV2016_744.mp4,Absent,Absent,Present,Absent,Present,Absent,Present,Present,Absent,Absent,Absent,,0,0,1,0,1,0,1,1,0,0,0,1,3,4,Pass,Pass,Pass,Pass,Pass,Pass,Pass,Pass,Pass,Pass,Pass,
REC1349,1348,1348,Benthic Habitat Maps for the Insular Shelf South of St. Thomas and St. John,"St. Thomas, USVI",GV,Ground Validation,HD Seaviewer Drop Camera,GV2016_745,2016-08-28,11:18:09,2016,8,18.19638404,-64.89433703,2060547.805,-7224004.554,2060547.805,-7224004.554,0.0,-49.69476318,49.695,https://nccospublicstor.blob.core.windows.net/biomapper/usviinsularshelf2017/videos/low/GV2016_745.mp4,Absent,Present,Absent,Absent,Present,Absent,Present,Present,Absent,Absent,Absent,,0,1,0,0,1,0,1,1,0,0,0,1,3,4,Pass,Pass,Pass,Pass,Pass,Pass,Pass,Pass,Pass,Pass,Pass,
REC1350,1349,1349,Benthic Habitat Maps for the Insular Shelf South of St. Thomas and St. John,"St. John, USVI",GV,Ground Validation,HD Seaviewer Drop Camera,GV2016_747,2016-09-13,09:44:31,2016,9,18.260682,-64.79067744,2068083.595,-7212465.221,2068083.595,-7212465.221,0.0,-40.12340546,40.123,https://nccospublicstor.blob.core.windows.net/biomapper/usviinsularshelf2017/videos/low/GV2016_747.mp4,Absent,Absent,Present,Absent,Present,Absent,Present,Present,Absent,Absent,Absent,,0,0,1,0,1,0,1,1,0,0,0,1,3,4,Pass,Pass,Pass,Pass,Pass,Pass,Pass,Pass,Pass,Pass,Pass,
REC1351,1350,1350,Benthic Habitat Maps for the Insular Shelf South of St. Thomas and St. John,"St. Thomas, USVI",GV,Ground Validation,HD Seaviewer Drop Camera,GV2016_748,2016-08-26,14:31:18,2016,8,18.21070046,-65.12793984,2062225.464,-7250009.099,2062225.464,-7250009.099,0.0,-41.13080978,41.131,https://nccospublicstor.blob.core.windows.net/biomapper/usviinsularshelf2017/videos/low/GV2016_748.mp4,Present,Absent,Present,Present,Present,Absent,Present,Present,Absent,Absent,Absent,,1,0,1,1,1,0,1,1,0,0,0,3,3,6,Pass,Pass,Pass,Pass,Pass,Pass,Pass,Pass,Pass,Pass,Pass,
REC1352,1351,1351,Benthic Habitat Maps for the Insular Shelf South of St. Thomas and St. John,"St. Thomas, USVI",GV,Ground Validation,HD Seaviewer Drop Camera,GV2016_749,2016-08-26,10:05:52,2016,8,18.19595643,-64.9699625,2060497.698,-7232423.142,2060497.698,-7232423.142,0.0,-43.68482971,43.685,https://nccospublicstor.blob.core.windows.net/biomapper/usviinsularshelf2017/videos/low/GV2016_749.mp4,Present,Absent,Absent,Absent,Present,Absent,Present,Present,Absent,Absent,Absent,,1,0,0,0,1,0,1,1,0,0,0,1,3,4,Pass,Pass,Pass,Pass,Pass,Pass,Pass,Pass,Pass,Pass,Pass,
REC1353,1352,1352,Benthic Habitat Maps for the Insular Shelf South of St. Thomas and St. John,"St. Thomas, USVI",GV,Ground Validation,HD Seaviewer Drop Camera,GV2016_750,2016-08-27,10:28:25,2016,8,18.24451869,-65.05513037,2066188.975,-7241903.986,2066188.976,-7241903.986,0.001,-35.83293915,35.833,https://nccospublicstor.blob.core.windows.net/biomapper/usviinsularshelf2017/videos/low/GV2016_750.mp4,Present,Present,Absent,Present,Present,Absent,Present,Present,Absent,Absent,Absent,,1,1,0,1,1,0,1,1,0,0,0,3,3,6,Pass,Pass,Pass,Pass,Pass,Pass,Pass,Pass,Pass,Pass,Pass,
